Book Id,Title,Author,Author l-f,Additional Authors,ISBN,ISBN13,My Rating,Average Rating,Publisher,Binding,Number of Pages,Year Published,Original Publication Year,Date Read,Date Added,Bookshelves,Bookshelves with positions,Exclusive Shelf,My Review,Spoiler,Private Notes,Read Count,Owned Copies
16288,The Magus of Java: Teachings of an Authentic Taoist Immortal,Kosta Danaos,"Danaos, Kosta",,"=""0892818131""","=""9780892818136""",0,4.16,Inner Traditions,Paperback,224,2000,2000,,2025/08/17,to-read,to-read (#280),to-read,,,,0,0
25653987,Enter Mo Pai: The Ancient Training of the Immortals,James Van Gelder,"Gelder, James Van",,"=""""","=""""",0,4.62,,Kindle Edition,163,2015,2015,,2025/08/17,to-read,to-read (#279),to-read,,,,0,0
6266183,Space-Time Transients and Unusual Events,Michael A. Persinger,"Persinger, Michael A.",Gyslaine F. Lafrenière,"=""0882294628""","=""9780882294629""",0,4.08,Nelson-Hall Company (Chicago),Paperback,280,1977,1977,,2025/08/17,to-read,to-read (#278),to-read,,,,0,0
51654,DMT: The Spirit Molecule,Rick Strassman,"Strassman, Rick",,"=""0892819278""","=""9780892819270""",0,4.16,Park Street Press,Paperback,363,2001,2000,,2025/08/17,to-read,to-read (#277),to-read,,,,0,0
2875002,Towards a Philosophy of Real Mathematics,David Corfield,"Corfield, David",,"=""0521817226""","=""9780521817226""",0,4.31,Cambridge University Press,Hardcover,300,2003,1999,,2025/08/14,to-read,to-read (#276),to-read,,,,0,0
60608649,Ontology and the Foundations of Mathematics: Talking Past Each Other (Elements in the Philosophy of Mathematics),Penelope Rush,"Rush, Penelope",,"=""1108626564""","=""9781108626569""",0,5.00,Cambridge University Press,Kindle Edition,0,2022,,,2025/08/14,to-read,to-read (#275),to-read,,,,0,0
52184776,Eidomorphism: The Philosophy of Ontological Mathematics,Neven Knezevic,"Knezevic, Neven",,"=""""","=""""",0,3.50,,Kindle Edition,347,2019,,,2025/08/14,to-read,to-read (#274),to-read,,,,0,0
818351,Mental Radio (Studies in Consciousness),Upton Sinclair,"Sinclair, Upton",,"=""1571742352""","=""9781571742353""",0,3.62,Hampton Roads Publishing,Paperback,224,2001,1929,,2025/08/11,to-read,to-read (#273),to-read,,,,0,0
2835571,"My Big TOE - Awakening, Discovey, Inner Workings : The Complete Trilogy Unifying Philosophy, Physics, and Metaphysics",Thomas  Campbell,"Campbell, Thomas",,"=""0972509461""","=""9780972509466""",0,4.31,Lightning Strike Books,Paperback,828,2003,2007,,2025/08/09,to-read,to-read (#272),to-read,,,,0,0
40109529,Foundations of Quantum Theory: From Classical Concepts to Operator Algebras,Klaas Landsman,"Landsman, Klaas",,"=""3319517775""","=""9783319517773""",0,3.94,Springer International Publishing,Kindle Edition,861,2017,,,2025/08/05,to-read,to-read (#271),to-read,,,,0,0
29150066,Quantum Information Theory: Mathematical Foundation (Graduate Texts in Physics),Masahito Hayashi,"Hayashi, Masahito",,"=""3662497239""","=""9783662497234""",0,3.50,Springer,Hardcover,679,2016,,,2025/08/05,to-read,to-read (#270),to-read,,,,0,0
250271,Engineering Electromagnetics,Nathan Ida,"Ida, Nathan",,"=""0387201564""","=""9780387201566""",0,4.00,Springer,Hardcover,1304,2004,2000,,2025/08/05,to-read,to-read (#269),to-read,,,,0,0
54271882,The Amazing Journey of Reason: from DNA to Artificial Intelligence (SpringerBriefs in Computer Science),Mario Alemi,"Alemi, Mario",,"=""3030259625""","=""9783030259624""",0,3.81,Springer,Kindle Edition,194,2019,2019,,2025/08/05,to-read,to-read (#268),to-read,,,,0,0
52734743,Linear Algebra and Optimization for Machine Learning: A Textbook,Charu C. Aggarwal,"Aggarwal, Charu C.",,"=""3030403432""","=""9783030403430""",0,4.65,Springer,Hardcover,516,2020,,,2025/08/05,to-read,to-read (#267),to-read,,,,0,0
1054370,Applied Mathematics for Database Professionals (Expert's Voice),Lex DeHaan,"DeHaan, Lex",Toon Koppelaars,"=""1590597451""","=""9781590597453""",0,4.00,Apress,Hardcover,407,2007,2007,,2025/08/05,to-read,to-read (#266),to-read,,,,0,0
5056549,Combinatorics and Graph Theory (Undergraduate Texts in Mathematics),John M. Harris,"Harris, John M.","Jeffry L. Hirst, Michael Mossinghoff","=""0387797106""","=""9780387797106""",0,3.72,Springer,Hardcover,396,2008,2000,,2025/08/05,to-read,to-read (#265),to-read,,,,0,0
480355,"Brownian Motion and Stochastic Calculus (Graduate Texts in Mathematics, 113)",Ioannis Karatzas,"Karatzas, Ioannis",Steven Shreve,"=""0387976558""","=""9780387976556""",0,3.89,Springer,Paperback,493,1991,1987,,2025/08/05,to-read,to-read (#264),to-read,,,,0,0
39603666,Elements of Robotics,Mordechai Ben-Ari,"Ben-Ari, Mordechai",Francesco Mondada,"=""3319625330""","=""9783319625331""",0,4.14,Springer,Kindle Edition,326,2017,,,2025/08/05,to-read,to-read (#263),to-read,,,,0,0
45012743,Decision Making under Deep Uncertainty: From Theory to Practice,Vincent A.W.J. Marchau,"Marchau, Vincent A.W.J.","Warren E. Walker, Pieter J.T.M. Bloemen, Steven W. Popper","=""3030052524""","=""9783030052522""",0,3.91,Springer,Kindle Edition,703,2019,,,2025/08/05,to-read,to-read (#262),to-read,,,,0,0
632832,"Algebraic Graph Theory (Graduate Texts in Mathematics, 207)",Chris Godsil,"Godsil, Chris",Gordon F. Royle,"=""0387952209""","=""9780387952208""",0,4.38,Springer,Paperback,462,2001,2001,,2025/08/05,to-read,to-read (#261),to-read,,,,0,0
28087448,ggplot2: Elegant Graphics for Data Analysis (Use R),Hadley Wickham,"Wickham, Hadley",,"=""331924275X""","=""9783319242750""",0,4.34,Springer,Paperback,276,2016,2009,,2025/08/05,to-read,to-read (#260),to-read,,,,0,0
49786117,Quantum Computing: An Applied Approach,Jack D. Hidary,"Hidary, Jack D.",,"=""3030239217""","=""9783030239213""",0,3.92,Springer,Hardcover,379,2019,,,2025/08/05,to-read,to-read (#259),to-read,,,,0,0
260190,Principles of Quantum Mechanics,Ramamurti Shankar,"Shankar, Ramamurti",,"=""0306447908""","=""9780306447907""",0,4.23,Springer,Hardcover,700,2005,1980,,2025/08/05,to-read,to-read (#258),to-read,,,,0,0
9529658,Mathematics and Its History (Undergraduate Texts in Mathematics),John Stillwell,"Stillwell, John",,"=""144196052X""","=""9781441960528""",0,4.33,Springer,Hardcover,662,2010,1997,,2025/08/05,to-read,to-read (#257),to-read,,,,0,0
10588121,An Introduction to Manifolds (Universitext),Loring W. Tu,"Tu, Loring W.",,"=""1441973990""","=""9781441973993""",0,4.55,Springer,Paperback,428,2010,2007,,2025/08/05,to-read,to-read (#256),to-read,,,,0,0
182428,Mind-Reach: Scientists Look at Psychic Abilities (Studies in Consciousness),Russell Targ,"Targ, Russell","Harold E. Puthoff, Richard Bach, Margaret Mead","=""1571744142""","=""9781571744142""",0,4.11,Hampton Roads Publishing,Paperback,258,2005,1976,,2025/08/05,to-read,to-read (#255),to-read,,,,0,0
11924091,"Mind Power: Mastering the Principles of Remote Viewing, Astral Projection, Telepathy and More",William Walker Atkinson,"Atkinson, William Walker",,"=""""","=""""",0,4.00,Publisher of One and Last Reporter Publishing,Nook,0,2011,1907,,2025/08/05,to-read,to-read (#254),to-read,,,,0,0
802299,Remote Viewing: The Science & Theory of Nonphysical Perception,Courtney Brown,"Brown, Courtney",,"=""0976676214""","=""9780976676218""",0,4.00,Farsight Press,Paperback,344,2005,2005,,2025/08/05,to-read,to-read (#253),to-read,,,,0,0
1053277,Reading the Enemy's Mind: Inside Star Gate: America's Psychic Espionage Program,Paul H.  Smith,"Smith, Paul H.",,"=""0812578554""","=""9780812578553""",0,4.12,Forge Books,Mass Market Paperback,608,2005,2005,,2025/08/05,to-read,to-read (#252),to-read,,,,0,0
2499,"The Ultimate Time Machine: A Remote Viewer's Perception of Time, and Predictions for the New Millennium",Joseph McMoneagle,"McMoneagle, Joseph",Charles T. Tart,"=""157174102X""","=""9781571741028""",0,3.70,Hampton Roads Pub Co Inc,Paperback,256,1998,1998,,2025/08/05,to-read,to-read (#251),to-read,,,,0,0
1022690,Psychic Discoveries Behind the Iron Curtain,Sheila Ostrander,"Ostrander, Sheila",,"=""0137320817""","=""9780137320813""",0,3.71,Prentice Hall Trade,Paperback,,1984,1970,,2025/08/05,to-read,to-read (#250),to-read,,,,0,0
936715,Remote Viewing Secrets: A Handbook,Joseph McMoneagle,"McMoneagle, Joseph",,"=""1571741593""","=""9781571741592""",0,3.79,Hampton Roads Pub Co,Paperback,320,2000,2000,,2025/08/05,to-read,to-read (#249),to-read,,,,0,0
756109,Psychic Warrior: The True Story of America's Foremost Psychic Spy and the Cover-Up of the CIA's Top-Secret Stargate Program,David Morehouse,"Morehouse, David",,"=""0312964137""","=""9780312964139""",0,3.84,St Martins Pr,Paperback,310,1998,1996,,2025/08/05,to-read,to-read (#248),to-read,,,,0,0
796391,"Mind Trek: Exploring Consciousness, Time & Space through Remote Viewing",Joseph McMoneagle,"McMoneagle, Joseph","Charles T. Tart, Joe McMoneagle","=""1878901729""","=""9781878901729""",0,4.06,"Hampton Roads Publishing Co. (Charlottesville, VA)",Paperback,263,1997,1997,,2025/08/05,to-read,to-read (#247),to-read,,,,0,0
1634249,Remote Viewers: The Secret History of America's Psychic Spies,Jim Schnabel,"Schnabel, Jim",,"=""0440614058""","=""9780440614050""",0,4.01,Random House Publishing Group,Paperback,480,1997,1997,,2025/08/05,to-read,to-read (#246),to-read,,,,0,0
809058,PSI Spies: The True Story of America's Psychic Warfare Program,Jim Marrs,"Marrs, Jim",,"=""1564149609""","=""9781564149602""",0,3.98,Weiser,Paperback,320,2007,1995,,2025/08/05,to-read,to-read (#245),to-read,,,,0,0
1037808,"The Seventh Sense: The Secrets of Remote Viewing as Told by a ""Psychic Spy"" for the U.S. Military",Lyn Buchanan,"Buchanan, Lyn",,"=""0743462688""","=""9780743462686""",0,4.00,Gallery Books,Paperback,320,2003,2003,,2025/08/05,to-read,to-read (#244),to-read,,,,0,0
685566,The Remote Viewing Training Course: Principles and Techiques of Coordinate Viewing,David Morehouse,"Morehouse, David",,"=""1591791014""","=""9781591791010""",0,4.56,Sounds True,Audio CD,284,2004,2004,,2025/08/05,to-read,to-read (#243),to-read,,,,0,0
213618136,"The Technological Republic: Hard Power, Soft Belief, and the Future of the West",Alexander C. Karp,"Karp, Alexander C.",Nicholas W. Zamiska,"=""0593798694""","=""9780593798690""",0,3.66,Crown Currency,Hardcover,320,2025,,,2025/08/05,to-read,to-read (#242),to-read,,,,0,0
141098812,The Cosmic Book: Now a Brief Tour of Higher Consciousness by Itzhak Bentov (1989-06-01),Itzhak Bentov,"Bentov, Itzhak",,"=""""","=""""",0,0.0,Inner Traditions Bear and Company,Paperback,0,1989,,,2025/08/02,to-read,to-read (#241),to-read,,,,0,0
6833728,Morphic Resonance: The Nature of Formative Causation,Rupert Sheldrake,"Sheldrake, Rupert",,"=""1594773173""","=""9781594773174""",0,4.15,Park Street Press,Paperback,352,2009,2009,,2025/08/02,to-read,to-read (#240),to-read,,,,0,0
181821,Science and the Akashic Field: An Integral Theory of Everything,Ervin Laszlo,"Laszlo, Ervin",,"=""1594770425""","=""9781594770425""",0,4.03,Inner Traditions,Paperback,194,2004,2004,,2025/08/02,to-read,to-read (#239),to-read,,,,0,0
100027,Quantum Enigma: Physics Encounters Consciousness,Bruce Rosenblum,"Rosenblum, Bruce",Fred Kuttner,"=""019517559X""","=""9780195175592""",0,4.12,Oxford University Press,Hardcover,211,2006,2006,,2025/08/02,to-read,to-read (#238),to-read,,,,0,0
319015,The Self-Aware Universe: How Consciousness Creates the Material World,Amit Goswami,"Goswami, Amit","Richard E. Reed, Maggie Goswami, Fred Alan Wolf","=""0874777984""","=""9780874777987""",0,4.05,Tarcher,Paperback,336,1995,1993,,2025/08/02,to-read,to-read (#237),to-read,,,,0,0
216543,Entangled Minds: Extrasensory Experiences in a Quantum Reality (A Study on Parapsychology),Dean Radin,"Radin, Dean",,"=""1416516778""","=""9781416516774""",0,4.00,Paraview Pocket Books,Paperback,368,2006,2006,,2025/08/02,to-read,to-read (#236),to-read,,,,0,0
10353619,The Holographic Universe: The Revolutionary Theory of Reality,Michael Talbot,"Talbot, Michael",,"=""0062014102""","=""9780062014108""",0,4.09,Harper Perennial,Paperback,338,2011,1991,,2025/08/02,to-read,to-read (#235),to-read,,,,0,0
41132463,"Time Loops: Precognition, Retrocausation, and the Unconscious",Eric Wargo,"Wargo, Eric",,"=""1938398920""","=""9781938398926""",0,4.11,Anomalist Books,Paperback,447,2018,,,2025/07/31,to-read,to-read (#234),to-read,,,,0,0
110763,The Gnostic Gospels,Elaine Pagels,"Pagels, Elaine",,"=""0679724532""","=""9780679724537""",0,3.94,Vintage,Paperback,218,1989,1979,,2025/07/30,to-read,to-read (#233),to-read,,,,0,0
875366,Factory Physics,Wallace J. Hopp,"Hopp, Wallace J.",Mark L. Spearman,"=""0256247951""","=""9780256247954""",0,4.29,McGraw-Hill/Irwin,Hardcover,,2000,1995,,2025/07/29,to-read,to-read (#232),to-read,,,,0,0
1588539,The Mind Race: Understanding and Using Psychic Abilities,Russell Targ,"Targ, Russell",Keith Harary,"=""0345308778""","=""9780345308771""",0,4.00,Ballantine Books,Mass Market Paperback,256,1985,,,2025/07/29,to-read,to-read (#231),to-read,,,,0,0
42552390,The Stargate Chronicles: Memoirs of a Psychic Spy,Joseph McMoneagle,"McMoneagle, Joseph",,"=""1941408192""","=""9781941408193""",0,4.01,Crossroad Press,Paperback,338,2018,2002,,2025/07/29,to-read,to-read (#230),to-read,,,,0,0
936716,Limitless Mind: A Guide to Remote Viewing and Transformation of Consciousness,Russell Targ,"Targ, Russell",Jean Houston,"=""1577314131""","=""9781577314134""",0,4.01,New World Library,Paperback,233,2004,2004,,2025/07/29,to-read,to-read (#229),to-read,,,,0,0
58910724,Choose Possibility: How to Master Risk and Thrive,Sukhinder Singh Cassidy,"Cassidy, Sukhinder Singh",,"=""1529066441""","=""9781529066449""",3,3.60,Macmillan,Kindle Edition,273,2021,,2025/07/25,2025/07/20,,,read,,,,1,0
7886338,The Lifecycle of Software Objects,Ted Chiang,"Chiang, Ted",,"=""1596063173""","=""9781596063174""",0,3.92,Subterranean Pr,Hardcover,150,2010,2010,,2025/07/20,to-read,to-read (#228),to-read,,,,0,0
20763722,"Why Information Grows: The Evolution of Order, from Atoms to Economies",Cesar A. Hidalgo,"Hidalgo, Cesar A.",,"=""0465048994""","=""9780465048991""",0,3.97,Basic Books,Hardcover,256,2015,2015,,2025/07/20,to-read,to-read (#227),to-read,,,,0,0
36531441,Thermoinfocomplexity: A New Theory: Origin of Life and Evolution of Complex Adaptive Systems,Behzad Mohit,"Mohit, Behzad",,"=""""","=""""",0,4.62,,Kindle Edition,429,2017,,,2025/07/20,to-read,to-read (#226),to-read,,,,0,0
293700,The Compleat Strategyst: Being a Primer on the Theory of Games of Strategy (Dover Books on Mathematics),J.D. Williams,"Williams, J.D.",,"=""0486251012""","=""9780486251011""",0,3.47,Dover Publications,Paperback,268,1986,1965,,2025/07/20,to-read,to-read (#225),to-read,,,,0,0
4129848,Mastering the Core Teachings of the Buddha: An Unusually Hardcore Dharma Book,Daniel M. Ingram,"Ingram, Daniel M.",,"=""1904658407""","=""9781904658405""",0,4.25,Aeon Books Ltd,Paperback,406,2009,2007,,2025/07/20,to-read,to-read (#224),to-read,,,,0,0
15823873,"René Girard's Mimetic Theory (Studies in Violence, Mimesis & Culture)",Wolfgang Palaver,"Palaver, Wolfgang",,"=""1611860776""","=""9781611860771""",0,4.22,Michigan State University Press,Paperback,424,2013,2008,,2025/07/20,to-read,to-read (#223),to-read,,,,0,0
32073021,Life After Google: The Fall of Big Data and the Rise of the Blockchain Economy,George Gilder,"Gilder, George",,"=""1621575764""","=""9781621575764""",0,3.56,Regnery Gateway,Hardcover,256,2018,2018,,2025/07/20,to-read,to-read (#222),to-read,,,,0,0
13595525,"Psychopolitics: Conversations with Trevor Cribben Merrill (Studies in Violence, Mimesis & Culture)",Jean-Michel Oughourlian,"Oughourlian, Jean-Michel",Trevor Cribben Merrill,"=""1611860539""","=""9781611860535""",0,4.10,Michigan State University Press,Paperback,110,2012,2010,,2025/07/20,to-read,to-read (#221),to-read,,,,0,0
32816087,7 Powers: The Foundations of Business Strategy,Hamilton Wright Helmer,"Helmer, Hamilton Wright",,"=""0998116319""","=""9780998116310""",0,4.28,Hamilton Helmer,Paperback,210,2016,,,2025/07/20,to-read,to-read (#220),to-read,,,,0,0
337517,Things Hidden Since the Foundation of the World,René Girard,"Girard, René","Stephen Bann, Michael Metteer","=""0804722153""","=""9780804722155""",0,4.25,Stanford University Press,Paperback,470,1987,1978,,2025/07/20,to-read,to-read (#219),to-read,,,,0,0
20186,Seeing Like a State: How Certain Schemes to Improve the Human Condition Have Failed,James C. Scott,"Scott, James C.",,"=""0300078153""","=""9780300078152""",0,4.21,Yale University Press,Paperback,461,1999,1998,,2025/07/20,to-read,to-read (#218),to-read,,,,0,0
1270379,The Machiavellians: Defenders of Freedom,James Burnham,"Burnham, James",,"=""0895267853""","=""9780895267856""",0,4.28,Gateway Books,Paperback,305,1987,1943,,2025/07/20,to-read,to-read (#217),to-read,,,,0,0
317330,The Strategy of Conflict,Thomas C. Schelling,"Schelling, Thomas C.",,"=""0674840313""","=""9780674840317""",0,4.01,Harvard University Press,Paperback,328,1981,1960,,2025/07/20,to-read,to-read (#216),to-read,,,,0,0
51726,The Social Construction of Reality: A Treatise in the Sociology of Knowledge,Peter L. Berger,"Berger, Peter L.",Thomas Luckmann,"=""0385058985""","=""9780385058988""",0,4.12,Anchor,Paperback,219,1967,1966,,2025/07/20,to-read,to-read (#215),to-read,,,,0,0
22529127,Team of Teams: New Rules of Engagement for a Complex World,Stanley McChrystal,"McChrystal, Stanley","Chris Fussell, Tantum Collins, David        Silverman","=""1591847486""","=""9781591847489""",0,4.14,Portfolio,Hardcover,304,2015,2015,,2025/07/20,to-read,to-read (#214),to-read,,,,0,0
388059,Social Capital: Theory and Research,Karen Cook,"Cook, Karen",,"=""0202306445""","=""9780202306445""",0,4.25,Routledge,Paperback,346,2001,2001,,2025/07/20,to-read,to-read (#213),to-read,,,,0,0
388058,Brokerage and Closure: An Introduction to Social Capital,Ronald S. Burt,"Burt, Ronald S.",,"=""0199249148""","=""9780199249145""",0,3.90,Oxford University Press,Hardcover,296,2005,2005,,2025/07/20,to-read,to-read (#212),to-read,,,,0,0
6186284,The Strength of Weak Ties,Mark Granovetter,"Granovetter, Mark",,"=""""","=""""",0,4.24,,,,1973,1973,,2025/07/20,to-read,to-read (#211),to-read,,,,0,0
8562119,Power: Why Some People Have it and Others Don't,Jeffrey Pfeffer,"Pfeffer, Jeffrey",,"=""0061789089""","=""9780061789083""",0,3.88,Harper Business,Hardcover,288,2010,2010,,2025/07/20,to-read,to-read (#210),to-read,,,,0,0
818170,Six Degrees: The Science of a Connected Age,Duncan J. Watts,"Watts, Duncan J.",,"=""0393325423""","=""9780393325423""",0,3.90,W. W. Norton & Company,Paperback,384,2004,2003,,2025/07/20,to-read,to-read (#209),to-read,,,,0,0
192408,Normal Accidents: Living with High-Risk Technologies,Charles Perrow,"Perrow, Charles",,"=""0691004129""","=""9780691004129""",0,4.04,Princeton University Press,Paperback,464,1999,1984,,2025/07/20,to-read,to-read (#208),to-read,,,,0,0
1863615,The Origin of Wealth: The Radical Remaking of Economics and What it Means for Business and Society,Eric D. Beinhocker,"Beinhocker, Eric D.",,"=""1422121038""","=""9781422121030""",0,4.28,Harvard Business Review Press,Paperback,544,2007,2006,,2025/07/20,to-read,to-read (#207),to-read,,,,0,0
174713,The Lessons of History,Will Durant,"Durant, Will",Ariel Durant,"=""1567310249""","=""9781567310245""",0,4.06,Fine Communications,Hardcover,119,1997,,,2025/07/20,to-read,to-read (#206),to-read,,,,0,0
393898,The Logic of Failure: Recognizing and Avoiding Error in Complex Situations,Dietrich Dörner,"Dörner, Dietrich","Robert Kimber, Rita Kimber","=""0201479486""","=""9780201479485""",0,3.92,Basic Books,Paperback,240,1997,1996,,2025/07/20,to-read,to-read (#205),to-read,,,,0,0
154293,"Linked: How Everything Is Connected to Everything Else and What It Means for Business, Science, and Everyday Life",Albert-László Barabási,"Barabási, Albert-László",,"=""0452284392""","=""9780452284395""",0,3.94,Plume,Paperback,304,2003,2002,,2025/07/20,to-read,to-read (#204),to-read,,,,0,0
11721966,Good Strategy Bad Strategy: The Difference and Why It Matters,Richard P. Rumelt,"Rumelt, Richard P.",,"=""0307886255""","=""9780307886255""",0,4.13,Crown Business,Unknown Binding,320,2011,2011,,2025/07/20,to-read,to-read (#203),to-read,,,,0,0
55749358,Vertex-Frequency Analysis of Graph Signals (Signals and Communication Technology),Ljubisa Stankovic,"Stankovic, Ljubisa",Ervin Sejdic,"=""3030035735""","=""9783030035730""",0,0.0,Springer,Hardcover,522,2018,,,2025/07/09,to-read,to-read (#202),to-read,,,,0,0
57616705,Data Analytics on Graphs (Foundations and Trends(r) in Machine Learning),Ljubisa Stankovic,"Stankovic, Ljubisa","Danilo Mandic, Milos Dakovic","=""1680839829""","=""9781680839821""",0,0.0,Now Publishers,Hardcover,555,2020,,,2025/07/09,to-read,to-read (#201),to-read,,,,0,0
32283133,"Origin (Robert Langdon, #5)",Dan    Brown,"Brown, Dan",,"=""0385514239""","=""9780385514231""",5,3.90,Doubleday,Hardcover,461,2017,2017,,2020/12/15,,,read,,,,1,0
234192180,Chokepoints: How the Global Economy Became a Weapon of War,Edward Fishman,"Fishman, Edward",,"=""1783968915""","=""9781783968916""",0,4.41,Elliott & Thompson,Hardcover,538,2025,2025,,2025/07/01,to-read,to-read (#200),to-read,,,,0,0
209455833,Main Street Millionaire: How to Make Extraordinary Wealth Buying Ordinary Businesses,Codie Sanchez,"Sanchez, Codie",,"=""0593718615""","=""9780593718612""",0,4.43,Portfolio,Hardcover,272,2024,2024,,2025/06/23,to-read,to-read (#199),to-read,,,,0,0
223923638,Nightshade,Michael    Connelly,"Connelly, Michael",,"=""""","=""""",0,4.14,"Little, Brown & Company",Audible Audio,,2025,2025,,2025/06/23,to-read,to-read (#198),to-read,,,,0,0
22724127,Seven Kinds of Inflation and What to Do About Them,Richard Dana Skinner,"Skinner, Richard Dana",,"=""""","=""""",0,5.00,"Whittlessy House, McGraw-Hill Book Company, Inc. ",Paperback,,1937,1937,,2025/06/22,to-read,to-read (#197),to-read,,,,0,0
406373,Faust,Johann Wolfgang von Goethe,"Goethe, Johann Wolfgang von",Walter Kaufmann,"=""0385031149""","=""9780385031141""",5,3.90,Vintage,Paperback,503,1962,1808,2022/11/26,2022/11/26,,,read,,,,1,0
181369,The Difference Between God and Larry Ellison*: Inside Oracle Corporation; *God Doesn't Think He's Larry Ellison,Mike Wilson,"Wilson, Mike",,"=""068816353X""","=""9780688163532""",0,3.93,Harper Perennial,Paperback,400,1998,1997,,2025/06/16,to-read,to-read (#196),to-read,,,,0,0
196239284,$100M Leads: How to Get Strangers To Want To Buy Your Stuff (Acquisition.com $100M Series),Alex Hormozi,"Hormozi, Alex",,"=""""","=""""",0,4.57,,Kindle Edition,280,2023,,,2025/05/31,to-read,to-read (#195),to-read,,,,0,0
209695179,Biography of Nathan Fielder: An Analytical Approach to Comedy,Justin L. Lamb,"Lamb, Justin L.",,"=""""","=""""",0,0.0,,Kindle Edition,32,2024,,,2025/05/29,to-read,to-read (#194),to-read,,,,0,0
56377201,AI 2041: Ten Visions for Our Future,Kai-Fu Lee,"Lee, Kai-Fu",Chen Qiufan,"=""059323829X""","=""9780593238295""",0,3.84,Crown Currency,Hardcover,480,2021,2021,,2025/05/28,to-read,to-read (#193),to-read,,,,0,0
2423424,The Art of Strategy: A Game Theorist's Guide to Success in Business and Life,Avinash K. Dixit,"Dixit, Avinash K.",Barry J. Nalebuff,"=""0393062430""","=""9780393062434""",0,3.80,W. W. Norton & Company,Hardcover,512,2008,1991,,2025/05/28,to-read,to-read (#192),to-read,,,,0,0
50131136,"Atlas of AI: Power, Politics, and the Planetary Costs of Artificial Intelligence",Kate Crawford,"Crawford, Kate",,"=""0300209576""","=""9780300209570""",0,3.95,Yale University Press,ebook,288,2020,2020,,2025/05/21,to-read,to-read (#191),to-read,,,,0,0
200196183,Ultra-Processed People: Why We Can't Stop Eating Food That Isn't Food,Chris van Tulleken,"Tulleken, Chris van",,"=""1324076267""","=""9781324076261""",0,4.39,W. W. Norton & Company,Paperback,416,2025,2023,,2025/05/21,to-read,to-read (#190),to-read,,,,0,0
14660938,"Prediction Markets: Fundamentals, Designs, and Applications",Stefan Luckner,"Luckner, Stefan","Jan Schröder, Christian Slamka, Bernd Skiera, Martin Spann, Christof Weinhardt, Andreas Geyer-Schulz, Markus Franke","=""3834933589""","=""9783834933584""",0,3.83,Gabler Verlag,Paperback,155,2011,2011,,2025/05/21,to-read,to-read (#189),to-read,,,,0,0
13235914,Oracles: How Prediction Markets Turn Employees into Visionaries,Donald N. Thompson,"Thompson, Donald N.",,"=""1422183173""","=""9781422183175""",0,3.69,Harvard Business Review Press,Hardcover,272,2012,2012,,2025/05/21,to-read,to-read (#188),to-read,,,,0,0
188543465,The Trading Game: A Confession,Gary  Stevenson,"Stevenson, Gary",,"=""0593727215""","=""9780593727218""",0,4.16,Crown Currency,Hardcover,352,2024,2024,,2025/05/21,to-read,to-read (#187),to-read,,,,0,0
21878126,The Black Box Society: The Secret Algorithms That Control Money and Information,Frank Pasquale,"Pasquale, Frank",,"=""0674368274""","=""9780674368279""",0,3.74,Harvard University Press,Hardcover,320,2015,2014,,2025/05/20,to-read,to-read (#186),to-read,,,,0,0
220161058,Apple in China: The Capture of the World's Greatest Company,Patrick  McGee,"McGee, Patrick",,"=""1668053373""","=""9781668053379""",0,4.54,Scribner,Hardcover,448,2025,,,2025/05/20,to-read,to-read (#185),to-read,,,,0,0
200234734,The Hidden Empire: Inside the Private Worlds of Elite CEOs,Adam Skylight,"Skylight, Adam",,"=""""","=""""",0,0.0,,Kindle Edition,133,2023,,,2025/05/18,to-read,to-read (#184),to-read,,,,0,0
141603,On Paradise Drive: How We Live Now (And Always Have) in the Future Tense,David  Brooks,"Brooks, David",,"=""0743227395""","=""9780743227391""",0,3.58,Simon & Schuster,Paperback,320,2005,2004,,2025/05/17,to-read,to-read (#183),to-read,,,,0,0
204236707,On the Edge: The Art of Risking Everything,Nate Silver,"Silver, Nate",,"=""1594204128""","=""9781594204128""",0,3.67,Penguin Press,Hardcover,576,2024,2024,,2025/05/16,to-read,to-read (#182),to-read,,,,0,0
61397620,Graph Neural Networks in Action,Keita Broadwater,"Broadwater, Keita",Namid Stillman,"=""1617299057""","=""9781617299056""",0,4.20,Manning,Paperback,392,2025,,,2025/05/16,to-read,to-read (#181),to-read,,,,0,0
205481793,Mental Health Microgains: 50 Small Actions That Will Make a Big Difference to Your Wellbeing,Emma Cotterill,"Cotterill, Emma",,"=""1837960763""","=""9781837960767""",0,5.00,Trigger Publishing,Paperback,224,2024,,,2025/05/14,currently-reading,currently-reading (#200),currently-reading,,,,1,0
40796147,How To Raise Successful People: Simple Lessons for Radical Results,Esther Wojcicki,"Wojcicki, Esther",Естер Войчицькі,"=""1328974863""","=""9781328974860""",0,3.92,Mariner Books,Hardcover,336,2019,2019,,2025/04/22,to-read,to-read (#180),to-read,,,,0,0
61157620,"JavaScript: The Definitive Guide - Master the World's Most-Used Programming Language, Seventh Edition",David Flanagan,"Flanagan, David",,"=""9352139968""","=""9789352139965""",0,4.07,Shroff/O'Reilly,Paperback,687,2020,1996,,2024/09/04,to-read,to-read (#117),to-read,,,,0,0
1441120,Introduction to Operations Research [with Revised CD-ROM],Frederick S. Hillier,"Hillier, Frederick S.",Gerald J. Lieberman,"=""0073211141""","=""9780073211145""",0,3.94,McGraw-Hill ,Hardcover,1088,2005,1967,,2025/03/28,currently-reading,currently-reading (#199),currently-reading,,,,1,0
29601224,The Analytics Edge,Dimitris Bertsimas,"Bertsimas, Dimitris","Allison O'Hair, William Pulleyblank","=""098991089X""","=""9780989910897""",0,4.25,Dynamic Ideas LLC,Hardcover,462,2016,,,2025/03/30,to-read,to-read (#179),to-read,,,,0,0
517598,The Travels of Ibn Battutah,Ibn Battuta,"Battuta, Ibn",Tim Mackintosh-Smith,"=""0330418793""","=""9780330418799""",0,3.91,Picador,Paperback,325,2003,1355,,2025/03/30,to-read,to-read (#178),to-read,,,,0,0
139183078,The Eye of the Master: A Social History of Artificial Intelligence,Matteo Pasquinelli,"Pasquinelli, Matteo",,"=""1788730062""","=""9781788730068""",0,4.10,Verso,Paperback,272,2023,,,2025/03/29,to-read,to-read (#177),to-read,,,,0,0
323455,De Profundis,Oscar Wilde,"Wilde, Oscar","Masolino d'Amico, Oreste Del Buono","=""""","=""""",0,4.22,Fontamara,Paperback,188,1993,1897,,2025/03/25,to-read,to-read (#176),to-read,,,,0,0
227658672,Suomen selkäranka – tarinoita yrittäjistä ja yrittäjyydestä,Lasse Lindqvist,"Lindqvist, Lasse","Hannu Mänty, Tomi Pyyhtiä","=""9520464751""","=""9789520464752""",0,3.33,Tammi,Hardcover,,2025,,,2025/03/24,currently-reading,currently-reading (#198),currently-reading,,,,1,0
213034913,Source Code: My Beginnings,Bill  Gates,"Gates, Bill",,"=""059380158X""","=""9780593801581""",0,4.16,Knopf,Hardcover,336,2025,2025,,2025/03/22,to-read,to-read (#175),to-read,,,,0,0
776349,Foundations of Statistical Natural Language Processing,Christopher D. Manning,"Manning, Christopher D.",Hinrich Schütze,"=""0262133601""","=""9780262133609""",0,4.12,The MIT Press,Hardcover,679,1999,1999,,2023/06/26,"rw, currently-reading","rw (#25), currently-reading (#197)",currently-reading,,,,1,0
820966,The Bondage of the Will,Martin Luther,"Luther, Martin","J.I. Packer, O.R. Johnston","=""0800753429""","=""9780800753429""",0,4.14,Fleming H. Revell,Paperback,322,1990,1525,,2025/03/21,to-read,to-read (#174),to-read,,,,0,0
115960958,The Biography of Lee Shau-Kee,Feng-I Liang,"Liang, Feng-I",,"=""0195917375""","=""9780195917376""",0,0.0,Oxford Univ Pr,Hardcover,129,2001,,,2025/03/17,to-read,to-read (#173),to-read,,,,0,0
1301712,The Legal Analyst: A Toolkit for Thinking about the Law,Ward Farnsworth,"Farnsworth, Ward",,"=""0226238350""","=""9780226238357""",0,4.28,University of Chicago Press,Paperback,326,2007,2007,,2023/09/02,"currently-reading, rw","currently-reading (#153), rw (#24)",currently-reading,,,,1,0
59012409,"The DevOps Handbook: How to Create World-Class Agility, Reliability, & Security in Technology Organizations",Gene Kim,"Kim, Gene","Jez Humble, Patrick Debois, John Willis, Nicole Forsgren","=""1950508439""","=""9781950508433""",0,4.29,IT Revolution,Kindle Edition,720,2021,2015,,2022/11/09,"currently-reading, rw","currently-reading (#14), rw (#23)",currently-reading,,,,1,0
25520974,"Articulating Design Decisions: Communicate with Stakeholders, Keep Your Sanity, and Deliver the Best User Experience",Tom Greever,"Greever, Tom",,"=""1491921560""","=""9781491921562""",0,4.14,O'Reilly Media,Paperback,259,2015,2015,,2024/07/02,"currently-reading, rw","currently-reading (#9), rw (#22)",currently-reading,,,,1,0
43541181,Linear Algebra and Learning from Data,Gilbert Strang,"Strang, Gilbert",,"=""0692196382""","=""9780692196380""",0,4.37,Wellesley-Cambridge Press,Hardcover,446,2019,,,2022/12/13,"currently-reading, rw","currently-reading (#29), rw (#21)",currently-reading,,,,1,0
347918,Journeys Out of the Body: The Classic Work on Out-Of-Body Experience,Robert A. Monroe,"Monroe, Robert A.",,"=""0385008619""","=""9780385008617""",0,4.08,"Dolphin Book/Doubleday (Garden City, NY)",Paperback,280,1992,1971,,2025/01/05,"currently-reading, rw","currently-reading (#36), rw (#20)",currently-reading,,,,1,0
22730537,"LinkedIn Riches: How To Use LinkedIn For Business, Sales and Marketing! Updated and Revised",John Nemo,"Nemo, John",,"=""""","=""""",0,4.09,,Kindle Edition,131,2014,2014,,2025/02/21,"currently-reading, rw","currently-reading (#51), rw (#19)",currently-reading,,,,1,0
137979,Against Method,Paul Karl Feyerabend,"Feyerabend, Paul Karl",,"=""0860916464""","=""9780860916468""",0,4.02,Verso,Paperback,296,1993,1975,,2025/02/21,"currently-reading, rw","currently-reading (#57), rw (#18)",currently-reading,,,,1,0
61550,The Logic of Scientific Discovery,Karl Popper,"Popper, Karl",,"=""0415278449""","=""9780415278447""",0,4.03,Routledge,Paperback,544,2002,1934,,2024/07/02,"currently-reading, rw","currently-reading (#58), rw (#17)",currently-reading,,,,2,0
12013,Excession (Culture #5),Iain M. Banks,"Banks, Iain M.",,"=""0553575376""","=""9780553575378""",0,4.20,Spectra Books,Mass Market Paperback,500,1998,1996,,2023/12/11,"currently-reading, rw","currently-reading (#75), rw (#16)",currently-reading,,,,2,0
129131,"The State of the Art (Culture, #4)",Iain M. Banks,"Banks, Iain M.",,"=""1597800740""","=""9781597800747""",0,3.83,Night Shade Books (San Francisco),Paperback,188,2007,1991,,2023/12/11,"currently-reading, rw","currently-reading (#74), rw (#15)",currently-reading,,,,2,0
12007,"Use of Weapons (Culture, #3)",Iain M. Banks,"Banks, Iain M.",,"=""185723135X""","=""9781857231359""",0,4.16,Orbit Books,Paperback,411,1992,1990,,2023/12/11,"currently-reading, rw","currently-reading (#73), rw (#14)",currently-reading,,,,2,0
13629,The Mythical Man-Month: Essays on Software Engineering,Frederick P. Brooks Jr.,"Jr., Frederick P. Brooks",,"=""0201835959""","=""9780201835953""",0,4.01,Addison-Wesley Professional,Paperback,322,1995,1975,,2022/12/05,"library, firstinline, september, currently-reading, rw","library (#42), firstinline (#2), september (#10), currently-reading (#82), rw (#13)",currently-reading,,,,2,0
117031,On War,Carl von Clausewitz,"Clausewitz, Carl von","Michael Eliot Howard, Peter Paret","=""0691018545""","=""9780691018546""",0,3.96,Princeton University Press,Paperback,732,1989,1832,,2024/07/03,"currently-reading, rw","currently-reading (#83), rw (#12)",currently-reading,,,,2,0
2631404,The Nature of Statistical Learning Theory (Information Science and Statistics),Vladimir N. Vapnik,"Vapnik, Vladimir N.",,"=""0387987800""","=""9780387987804""",0,4.26,Springer,Hardcover,334,1999,1998,,2023/06/20,currently-reading,currently-reading (#88),currently-reading,,,,1,0
2156653,"Advanced Linear Algebra (Graduate Texts in Mathematics, Vol. 135)",Steven Roman,"Roman, Steven",,"=""0387728287""","=""9780387728285""",0,4.20,Springer,Hardcover,525,2007,1995,,2022/12/11,"study, library, currently-reading, rw","study (#9), library (#40), currently-reading (#87), rw (#11)",currently-reading,,,,2,0
238558,A New Kind of Science,Stephen Wolfram,"Wolfram, Stephen",,"=""1579550088""","=""9781579550080""",0,3.62,"Wolfram Media, Inc.",Hardcover,1280,2002,2002,,2023/06/19,"library, september, firstinline, currently-reading, rw","library (#36), september (#2), firstinline (#1), currently-reading (#91), rw (#10)",currently-reading,,,,2,0
8267287,"Networks, Crowds, and Markets: Reasoning about a Highly Connected World",David Easley,"Easley, David",Jon Kleinberg,"=""0521195330""","=""9780521195331""",0,4.16,Cambridge University Press,Hardcover,744,2010,2010,,2022/12/29,"library, currently-reading, rw","library (#20), currently-reading (#103), rw (#9)",currently-reading,,,,2,0
57184309,Using Scenarios: Scenario Planning for Improving Organizations,Thomas J Chermack,"Chermack, Thomas J",,"=""1523092882""","=""9781523092888""",0,3.70,Berrett-Koehler Publishers,Paperback,240,2022,,,2025/03/13,currently-reading,currently-reading (#104),currently-reading,,,,1,0
57310895,Inferential Network Analysis (Analytical Methods for Social Research),Skyler J. Cranmer,"Cranmer, Skyler J.","Bruce A. Desmarais, Jason W. Morgan","=""1009028405""","=""9781009028400""",0,3.75,Cambridge University Press,Kindle Edition,316,2020,,,2025/03/14,"currently-reading, rw","currently-reading (#106), rw (#8)",currently-reading,,,,1,0
39231039,Probabilistic Foundations of Statistical Network Analysis (Chapman & Hall/CRC Monographs on Statistics and Applied Probability),Harry Crane,"Crane, Harry",,"=""1138585998""","=""9781138585997""",0,4.00,Chapman and Hall/CRC,Hardcover,236,2018,,,2025/03/14,"currently-reading, rw","currently-reading (#107), rw (#7)",currently-reading,,,,1,0
143474600,"Personal Knowledge Graphs: Connected thinking to boost productivity, creativity and discovery",Ivo Velitchkov,"Velitchkov, Ivo",George Anadiotis,"=""1914549090""","=""9781914549090""",0,3.67,Exapt Press,Kindle Edition,397,2023,,,2025/03/14,"currently-reading, rw","currently-reading (#108), rw (#6)",currently-reading,,,,1,0
7847473,"Real Estate Finance & Investments (The McGraw-Hill/Irwin Series in Finance, Insurance, and Real Estate)",William B. Brueggeman,"Brueggeman, William B.",Jeffrey Fisher,"=""0073377333""","=""9780073377339""",0,4.03,McGraw-Hill Education,Hardcover,784,2010,1993,,2023/05/27,currently-reading,currently-reading (#134),currently-reading,,,,1,0
73017,Engineering Economy,William G. Sullivan,"Sullivan, William G.","Elin Wicks, James Luxhoj","=""0131486497""","=""9780131486492""",0,3.81,Pearson College Div,Hardcover,654,2005,1999,,2023/06/20,"currently-reading, rw","currently-reading (#135), rw (#5)",currently-reading,,,,2,0
6395296,"New Venture Creation: Entrepreneurship for the 21st Century, 8th Edition",Jeffry A. Timmons,"Timmons, Jeffry A.",Stephen Spinelli Jr.,"=""0073381551""","=""9780073381558""",0,3.84,McGraw-Hill/Irwin,Paperback,704,2008,1990,,2023/01/11,"library, study, currently-reading, rw","library (#23), study (#7), currently-reading (#136), rw (#4)",currently-reading,,,,1,0
11289,"The Rise of Endymion (Hyperion Cantos, #4)",Dan Simmons,"Simmons, Dan",,"=""0553572989""","=""9780553572988""",0,4.17,Spectra,Mass Market Paperback,709,1998,1997,,2024/09/14,currently-reading,currently-reading (#164),currently-reading,,,,1,0
3977,"Endymion (Hyperion Cantos, #3)",Dan Simmons,"Simmons, Dan",Gary Ruddell,"=""0553572946""","=""9780553572940""",0,4.19,Bantam Spectra,Mass Market Paperback,563,1996,1996,,2024/09/14,currently-reading,currently-reading (#163),currently-reading,,,,1,0
77565,"The Fall of Hyperion (Hyperion Cantos, #2)",Dan Simmons,"Simmons, Dan",,"=""0553288202""","=""9780553288209""",0,4.24,Spectra,Mass Market Paperback,517,1995,1990,,2024/09/14,currently-reading,currently-reading (#162),currently-reading,,,,1,0
10240738,"Hyperion (Hyperion Cantos, #1)",Dan Simmons,"Simmons, Dan",Gary Ruddell,"=""""","=""""",0,4.27,Spectra,ebook,483,2011,1989,,2024/09/14,currently-reading,currently-reading (#161),currently-reading,,,,1,0
3363618,The Art of Public Speaking,Dale Carnegie,"Carnegie, Dale",,"=""1602069379""","=""9781602069374""",0,3.90,Cosimo Inc,Hardcover,512,2007,1915,,2025/03/14,"currently-reading, rw","currently-reading (#196), rw (#3)",currently-reading,,,,1,0
4868,How to Develop Self-Confidence & Influence People by Public Speaking,Dale Carnegie,"Carnegie, Dale",,"=""0671746073""","=""9780671746070""",0,4.11,Pocket Books,Mass Market Paperback,240,1991,,,2025/03/14,"currently-reading, rw","currently-reading (#195), rw (#2)",currently-reading,,,,1,0
36723583,Troublemakers: How a Generation of Silicon Valley Upstarts Invented the Future,Leslie Berlin,"Berlin, Leslie",,"=""1849838720""","=""9781849838726""",0,4.09,Simon & Schuster UK,Kindle Edition,513,2017,2017,,2023/07/31,"currently-reading, rw","currently-reading (#193), rw (#1)",currently-reading,,,,2,0
162556,The Search For Modern China,Jonathan D. Spence,"Spence, Jonathan D.",,"=""0393307808""","=""9780393307801""",0,4.20,W. W. Norton & Company,Paperback,912,1991,1990,,2024/07/03,to-read,to-read (#172),to-read,,,,2,0
126061,The Double Helix,James D. Watson,"Watson, James D.",,"=""0451037707""","=""9780451037701""",0,3.84,Signet Books,Paperback,143,1969,1968,,2025/03/15,to-read,to-read (#171),to-read,,,,0,0
58109010,Leading Hybrid and Remote Teams: A Manual on Benchmarking to Best Practices for Competitive Advantage,Gleb Tsipursky,"Tsipursky, Gleb",,"=""0996469249""","=""9780996469241""",0,4.40,Disaster Avoidance Experts,Kindle Edition,101,2021,2021,,2025/03/14,to-read,to-read (#170),to-read,,,,0,0
51589806,The Hacker and the State: Cyber Attacks and the New Normal of Geopolitics,Ben  Buchanan,"Buchanan, Ben",,"=""0674987551""","=""9780674987555""",0,4.21,Harvard University Press,Hardcover,384,2020,2020,,2024/07/02,currently-reading,currently-reading (#194),currently-reading,,,,2,0
1957892,Organic Chemistry,Jonathan Clayden,"Clayden, Jonathan","Nick Greeves, Stuart Warren, Peter Wothers","=""0198503466""","=""9780198503460""",0,4.30,Oxford University Press,Paperback,1536,2000,2000,,2025/03/12,currently-reading,currently-reading (#192),currently-reading,,,,1,0
80571,American Prometheus: The Triumph and Tragedy of J. Robert Oppenheimer,Kai Bird,"Bird, Kai",Martin J. Sherwin,"=""""","=""""",0,4.31,Vintage Books,Paperback,721,2007,2005,,2024/07/03,currently-reading,currently-reading (#191),currently-reading,,,,2,0
19029722,How to Be a Real Estate Investor,Phil Pustejovsky,"Pustejovsky, Phil",,"=""""","=""""",0,4.02,FreedomMentor.com,Kindle Edition,202,2011,2011,,2023/04/20,currently-reading,currently-reading (#190),currently-reading,,,,1,0
54727761,Mentally at Work: Optimising health and business performance through connection,Genevieve Hawkins,"Hawkins, Genevieve",,"=""0648392880""","=""9780648392880""",0,4.27,Mentally at Work,Kindle Edition,236,2020,,,2024/07/02,currently-reading,currently-reading (#189),currently-reading,,,,2,0
908047,"Speech and Language Processing: An Introduction to Natural Language Processing, Computational Linguistics and Speech Recognition",Dan Jurafsky,"Jurafsky, Dan",James H. Martin,"=""0130950696""","=""9780130950697""",0,4.29,Prentice Hall,Hardcover,934,2000,2000,,2023/06/20,currently-reading,currently-reading (#188),currently-reading,,,,1,0
1900726,"Work Systems: The Methods, Measurement & Management of Work",Mikell P. Groover,"Groover, Mikell P.",,"=""0131406507""","=""9780131406506""",0,4.06,Pearson,Hardcover,792,2006,2006,,2024/10/26,currently-reading,currently-reading (#187),currently-reading,,,,1,0
34889379,Elements of Causal Inference: Foundations and Learning Algorithms (Adaptive Computation and Machine Learning series),Jonas Peters,"Peters, Jonas","Dominik Janzing, Bernhard Scholkopf","=""0262037319""","=""9780262037310""",0,3.63,The MIT Press,Hardcover,288,2017,,,2024/09/04,currently-reading,currently-reading (#186),currently-reading,,,,1,0
7717015,The Private Production of Defense,Hans-Hermann Hoppe,"Hoppe, Hans-Hermann",,"=""""","=""""",0,4.05,,Paperback,56,2009,2009,,2024/10/26,currently-reading,currently-reading (#185),currently-reading,,,,1,0
1864850,Learning SQL,Alan Beaulieu,"Beaulieu, Alan",,"=""0596007272""","=""9780596007270""",3,3.97,O'Reilly Media,Paperback,312,2005,2005,,2023/06/20,,,read,,,,1,0
304977,Astral Dynamics: A New Approach to Out-Of-Body Experience,Robert Bruce,"Bruce, Robert",,"=""1571741437""","=""9781571741431""",0,4.24,Hampton Roads Publishing Company,Paperback,560,1999,1999,,2025/01/24,currently-reading,currently-reading (#184),currently-reading,,,,1,0
677285,Ignition!: An informal history of liquid rocket propellants,John Drury Clark,"Clark, John Drury",,"=""0813507251""","=""9780813507255""",0,4.13,Rutgers University Press,Hardcover,214,1972,1972,,2024/07/03,currently-reading,currently-reading (#183),currently-reading,,,,2,0
122765395,Elon Musk,Walter Isaacson,"Isaacson, Walter",,"=""1982181281""","=""9781982181284""",0,4.34,Simon & Schuster,Hardcover,688,2023,2023,,2023/12/09,currently-reading,currently-reading (#182),currently-reading,,,,2,0
15857489,Machine Learning: A Probabilistic Perspective,Kevin P. Murphy,"Murphy, Kevin P.",,"=""0262018020""","=""9780262018029""",0,4.34,The MIT Press,Hardcover,1104,2012,,,2021/12/26,"library, knowledgetoapply, november, currently-reading","library (#1), knowledgetoapply (#2), november (#3), currently-reading (#181)",currently-reading,,,,1,0
203409,Security Analysis: The Classic 1951 Edition,Benjamin Graham,"Graham, Benjamin",,"=""0071448209""","=""9780071448208""",0,4.30,McGraw Hill,Hardcover,784,2004,1934,,2024/08/04,currently-reading,currently-reading (#180),currently-reading,,,,1,0
515601,The C Programming Language,Brian W. Kernighan,"Kernighan, Brian W.",Dennis M. Ritchie,"=""0131103628""","=""9780131103627""",0,4.44,Pearson,Paperback,272,1988,1978,,2024/10/26,currently-reading,currently-reading (#179),currently-reading,,,,1,0
171681821,The Anxious Generation: How the Great Rewiring of Childhood Caused an Epidemic of Mental Illness,Jonathan Haidt,"Haidt, Jonathan",,"=""0593655036""","=""9780593655030""",0,4.33,Penguin Press,Hardcover,400,2024,2024,,2025/01/31,currently-reading,currently-reading (#178),currently-reading,,,,1,0
18077903,"Creativity, Inc.: Overcoming the Unseen Forces That Stand in the Way of True Inspiration",Ed Catmull,"Catmull, Ed",Amy    Wallace,"=""0812993012""","=""9780812993011""",0,4.21,Random House,Hardcover,368,2014,2014,,2024/01/09,currently-reading,currently-reading (#177),currently-reading,,,,2,0
112243,Concrete Mathematics: A Foundation for Computer Science,Ronald Graham,"Graham, Ronald","Donald Knuth, Oren Patashnik","=""0201558025""","=""9780201558029""",0,4.34,Addison-Wesley Professional,Hardcover,672,1994,1988,,2022/12/05,currently-reading,currently-reading (#176),currently-reading,,,,2,0
1900730,CAD/CAM: Computer-Aided Design and Manufacturing,Mikell P. Groover,"Groover, Mikell P.",,"=""0131101307""","=""9780131101302""",0,4.02,Pearson Technology Group,Paperback,514,2008,1983,,2024/10/26,currently-reading,currently-reading (#175),currently-reading,,,,1,0
7097365,Managing Engineering and Technology (5th Edition),Lucy C. Morse,"Morse, Lucy C.",Daniel L. Babcock,"=""0136098096""","=""9780136098096""",0,4.07,Pearson,Hardcover,500,2009,2006,,2023/06/20,currently-reading,currently-reading (#174),currently-reading,,,,1,0
174277,Probabilistic Reasoning in Intelligent Systems: Networks of Plausible Inference (Morgan Kaufmann Series in Representation and Reasoning),Judea Pearl,"Pearl, Judea",,"=""1558604790""","=""9781558604797""",0,4.29,Morgan Kaufmann,Paperback,584,1988,1988,,2023/01/24,currently-reading,currently-reading (#173),currently-reading,,,,2,0
1715725,Simulation,Sheldon M. Ross,"Ross, Sheldon M.",,"=""0125980531""","=""9780125980531""",0,4.06,Academic Press,Hardcover,274,2002,1996,,2023/06/20,currently-reading,currently-reading (#172),currently-reading,,,,1,0
13497991,"The Hydrogen Sonata (Culture, #10)",Iain M. Banks,"Banks, Iain M.",,"=""0356501507""","=""9780356501505""",0,4.20,Orbit,Hardcover,517,2012,2012,,2023/12/11,currently-reading,currently-reading (#171),currently-reading,,,,2,0
7937744,"Surface Detail (Culture, #9)",Iain M. Banks,"Banks, Iain M.",,"=""0316123404""","=""9780316123402""",0,4.26,Orbit/Hachette Book Group ,Hardcover,627,2010,2010,,2023/12/11,currently-reading,currently-reading (#170),currently-reading,,,,2,0
886066,"Matter (Culture, #8)",Iain M. Banks,"Banks, Iain M.",,"=""1841494186""","=""9781841494180""",0,4.11,Orbit,Trade Paperback,593,2008,2008,,2023/12/11,currently-reading,currently-reading (#169),currently-reading,,,,2,0
12016,"Look to Windward (Culture, #7)",Iain M. Banks,"Banks, Iain M.",,"=""0743421922""","=""9780743421928""",0,4.23,Pocket Books/Simon & Schuster (NY),Mass Market Paperback,496,2002,2000,,2023/12/11,currently-reading,currently-reading (#168),currently-reading,,,,2,0
12017,"Inversions (Culture, #6)",Iain M. Banks,"Banks, Iain M.",,"=""074341196X""","=""9780743411967""",0,3.96,Pocket Books,Paperback,343,2001,1998,,2023/12/11,currently-reading,currently-reading (#167),currently-reading,,,,2,0
629,"Zen and the Art of Motorcycle Maintenance: An Inquiry Into Values (Phaedrus, #1)",Robert M. Pirsig,"Pirsig, Robert M.",,"=""0060589469""","=""9780060589462""",0,3.78,HarperTorch,Mass Market Paperback,540,2006,1974,,2023/08/18,currently-reading,currently-reading (#166),currently-reading,,,,2,0
10884,Einstein: His Life and Universe,Walter Isaacson,"Isaacson, Walter",,"=""0743264738""","=""9780743264730""",0,4.17,Simon & Schuster,Hardcover,675,2007,2007,,2023/12/09,currently-reading,currently-reading (#165),currently-reading,,,,2,0
206731,The Tibetan Book of Living and Dying,Sogyal Rinpoche,"Rinpoche, Sogyal","Patrick Gaffney, Andrew Harvey","=""0062508342""","=""9780062508348""",0,4.21,HarperOne,Paperback,441,1994,1992,,2025/02/23,currently-reading,currently-reading (#160),currently-reading,,,,1,0
27161156,Hillbilly Elegy: A Memoir of a Family and Culture in Crisis,J.D. Vance,"Vance, J.D.",,"=""""","=""""",0,3.85,Harper,Hardcover,264,2016,2016,,2024/08/20,currently-reading,currently-reading (#159),currently-reading,,,,1,0
5358,The Firm,John Grisham,"Grisham, John",Robin Waterfield,"=""0582418275""","=""9780582418271""",0,4.06,Addison Wesley Publishing Company,Paperback,76,2000,1991,,2024/10/26,currently-reading,currently-reading (#158),currently-reading,,,,1,0
631871,"Vector Calculus, Linear Algebra, and Differential Forms: A Unified Approach",John H. Hubbard,"Hubbard, John H.",Barbara Burke Hubbard,"=""0130414085""","=""9780130414083""",0,4.37,Pearson College Div,Hardcover,800,2001,1998,,2023/06/20,currently-reading,currently-reading (#157),currently-reading,,,,1,0
1762333,Psychology: From Inquiry to Understanding,Scott O. Lilienfeld,"Lilienfeld, Scott O.","Steven J Lynn, Laura L. Namy, Nancy J. Woolf","=""0205412432""","=""9780205412433""",0,3.67,Allyn & Bacon,Hardcover,868,2008,2007,,2023/06/26,currently-reading,currently-reading (#156),currently-reading,,,,2,0
1499991,International Business: Competing in the Global Marketplace,Charles W.L. Hill,"Hill, Charles W.L.",,"=""0073102555""","=""9780073102559""",0,3.74,Irwin/McGraw-Hill,Hardcover,740,2007,1994,,2023/07/14,"library, currently-reading","library (#41), currently-reading (#155)",currently-reading,,,,2,0
34657534,Corporate Finance,Berk  Jonathan,"Jonathan, Berk",,"=""1292160160""","=""9781292160160""",0,3.86,PEARSON PLC GLO,Paperback,1168,2016,2006,,2023/02/02,"library, study, november, currently-reading","library (#30), study (#2), november (#2), currently-reading (#154)",currently-reading,,,,1,0
17214272,80/20 Sales and Marketing: The Definitive Guide to Working Less and Making More,Perry Marshall,"Marshall, Perry",Richard Koch,"=""1599185059""","=""9781599185057""",0,4.20,Entrepreneur Press,Paperback,230,2013,2013,,2024/07/23,currently-reading,currently-reading (#152),currently-reading,,,,1,0
1900724,"Fundamentals of Modern Manufacturing: Materials, Processes, and Systems",Mikell P. Groover,"Groover, Mikell P.",,"=""0471744859""","=""9780471744856""",0,3.88,John Wiley & Sons Inc,Hardcover,1022,2006,1996,,2024/10/26,currently-reading,currently-reading (#151),currently-reading,,,,1,0
411722,All of Statistics: A Concise Course in Statistical Inference (Springer Texts in Statistics),Larry Wasserman,"Wasserman, Larry",,"=""0387402721""","=""9780387402727""",0,4.26,Springer,Hardcover,462,2003,2003,,2022/12/25,"library, currently-reading","library (#15), currently-reading (#150)",currently-reading,,,,1,0
3278309,Introduction to Information Retrieval,Christopher D. Manning,"Manning, Christopher D.","Prabhakar Raghavan, Hinrich Schütze","=""0521865719""","=""9780521865715""",0,4.22,Cambridge University Press,Hardcover,506,2008,2008,,2022/12/19,"uni-high-probability, library, september, currently-reading","uni-high-probability (#2), library (#10), september (#4), currently-reading (#149)",currently-reading,,,,1,0
1501364,Models of My Life,Herbert A. Simon,"Simon, Herbert A.",,"=""026269185X""","=""9780262691857""",0,3.77,The MIT Press,Paperback,415,1996,1991,,2025/02/06,currently-reading,currently-reading (#148),currently-reading,,,,1,0
22299369,Black Hat Python: Python Programming for Hackers and Pentesters,Justin Seitz,"Seitz, Justin",,"=""1593275900""","=""9781593275907""",0,4.11,No Starch Press,Paperback,171,2014,2014,,2024/09/20,currently-reading,currently-reading (#147),currently-reading,,,,1,0
1467004,"Supply Chain Management: Strategy, Planning, and Operation",Sunil Chopra,"Chopra, Sunil",Peter Meindl,"=""8178082721""","=""9788178082721""",0,4.11,,Unknown Binding,,,20,,2023/06/20,currently-reading,currently-reading (#146),currently-reading,,,,1,0
601479,"Numbers Guide: The Essentials of Business Numeracy, Fifth Edition (The Economist Series)",Richard Stutely,"Stutely, Richard",,"=""1576601447""","=""9781576601440""",0,4.06,Bloomberg Press,Hardcover,256,2003,1998,,2023/01/11,currently-reading,currently-reading (#145),currently-reading,,,,2,0
26514199,Human Resource Management,Gary Dessler,"Dessler, Gary",,"=""0134235452""","=""9780134235455""",0,3.97,Pearson,Hardcover,720,2016,1994,,2023/02/03,currently-reading,currently-reading (#144),currently-reading,,,,1,0
26759355,Kubernetes: Up & Running,Kelsey Hightower,"Hightower, Kelsey","Brendan Burns, Joe Beda","=""1491935677""","=""9781491935675""",0,4.06,O'Reilly,Paperback,202,2016,2016,,2024/09/04,currently-reading,currently-reading (#143),currently-reading,,,,1,0
83533,The Age of Spiritual Machines,Ray Kurzweil,"Kurzweil, Ray",,"=""0140282025""","=""9780140282023""",0,3.90,Penguin ,Trade Paperback,388,2000,1998,,2024/07/02,currently-reading,currently-reading (#142),currently-reading,,,,2,0
204927599,Nexus: A Brief History of Information Networks from the Stone Age to AI,Yuval Noah Harari,"Harari, Yuval Noah",,"=""059373422X""","=""9780593734223""",0,4.17,Random House,Hardcover,528,2024,2024,,2024/08/20,currently-reading,currently-reading (#141),currently-reading,,,,1,0
17255186,"The Phoenix Project: A Novel About IT, DevOps, and Helping Your Business Win",Gene Kim,"Kim, Gene","Kevin Behr, George Spafford","=""0988262592""","=""9780988262591""",0,4.26,IT Revolution Press,Hardcover,345,2013,2013,,2024/09/20,currently-reading,currently-reading (#140),currently-reading,,,,1,0
117833,The Master and Margarita,Mikhail Bulgakov,"Bulgakov, Mikhail","Diana Lewis Burgin, Katherine Tiernan O'Connor, Ellendea Proffer, Hans Fronius, Михаил Афанасьевич Булгаков","=""0679760806""","=""9780679760801""",0,4.28,Vintage International,Paperback,372,1996,1967,,2025/03/02,currently-reading,currently-reading (#139),currently-reading,,,,1,0
1848943,Numerical Methods,Richard L. Burden,"Burden, Richard L.",J. Douglas Faires,"=""0534407617""","=""9780534407612""",0,4.06,Brooks Cole,Hardcover,640,2002,1996,,2022/12/21,"uni-high-probability, currently-reading","uni-high-probability (#5), currently-reading (#138)",currently-reading,,,,1,0
387984,Swarm Intelligence (The Morgan Kaufmann Series in Evolutionary Computation),James Kennedy,"Kennedy, James",Russell C. Eberhart,"=""1558605959""","=""9781558605954""",0,3.88,Morgan Kaufmann,Hardcover,544,2001,2001,,2023/06/20,currently-reading,currently-reading (#137),currently-reading,,,,1,0
18485367,Thinking about Cybersecurity: From Cyber Crime to Cyber Warfare,Paul Rosenzweig,"Rosenzweig, Paul",,"=""""","=""""",0,3.77,The Great Courses,Audible Audio,,2013,2013,,2024/07/02,currently-reading,currently-reading (#133),currently-reading,,,,2,0
6032678,Control Systems: Engineering,I.J. Nagrath,"Nagrath, I.J.",M. Gopal,"=""1848290039""","=""9781848290037""",0,3.96,Anshan,Hardcover,895,2008,1975,,2025/02/19,currently-reading,currently-reading (#132),currently-reading,,,,1,0
99919,The Strategy and Tactics of Pricing: A Guide to Growing More Profitably,Thomas T. Nagle,"Nagle, Thomas T.",John E. Hogan,"=""0131856774""","=""9780131856776""",0,4.06,Pearson Prentice Hall,Paperback,368,2005,1986,,2023/07/14,currently-reading,currently-reading (#131),currently-reading,,,,1,0
34475303,Operations Management,William J. Stevenson,"Stevenson, William J.",,"=""1259667472""","=""9781259667473""",0,3.84,McGraw Hill,ebook,928,2018,2001,,2023/02/03,"library, currently-reading","library (#32), currently-reading (#130)",currently-reading,,,,2,0
15811683,Loopholes of Real Estate (Rich Dad's Advisors),Garrett Sutton,"Sutton, Garrett",,"=""1937832228""","=""9781937832223""",0,4.27,KM Press,Paperback,352,2013,2013,,2024/07/03,currently-reading,currently-reading (#129),currently-reading,,,,2,0
9657274,Investments,Zvi Bodie,"Bodie, Zvi","Alex Kane, Alan Marcus","=""0073530700""","=""9780073530703""",0,3.90,McGraw-Hill/Irwin,Hardcover,1056,2010,1989,,2023/01/11,"library, currently-reading","library (#45), currently-reading (#128)",currently-reading,,,,1,0
60643059,The Network State: How To Start a New Country,Balaji S. Srinivasan,"Srinivasan, Balaji S.",,"=""""","=""""",0,3.96,Amazon Kindle,Kindle Edition,262,2022,,,2024/07/03,currently-reading,currently-reading (#127),currently-reading,,,,2,0
212370,Music Theory for Dummies,Michael Pilhofer,"Pilhofer, Michael",Holly Day,"=""0764578383""","=""9780764578380""",0,3.79,For Dummies,Paperback,336,2007,2007,,2025/02/06,currently-reading,currently-reading (#126),currently-reading,,,,1,0
208124,"The Tibetan Book of the Dead, Liberation Through Understanding the Between",Padmasambhava,"Padmasambhava, Padmasambhava","Huston Smith, Dalai Lama XIV, Robert A.F. Thurman","=""0553370901""","=""9780553370904""",0,4.10,Bantam,Paperback,278,1993,1993,,2025/01/05,currently-reading,currently-reading (#125),currently-reading,,,,1,0
25407018,Data Science from Scratch: First Principles with Python,Joel Grus,"Grus, Joel",,"=""""","=""""",0,3.91,O'Reilly Media,ebook,330,2015,2015,,2023/06/26,currently-reading,currently-reading (#124),currently-reading,,,,1,0
2333956,The Annotated Turing: A Guided Tour Through Alan Turing's Historic Paper on Computability and the Turing Machine,Charles Petzold,"Petzold, Charles",,"=""0470229055""","=""9780470229057""",0,4.27,Wiley,Paperback,372,2008,2008,,2022/12/05,"library, firstinline, september, currently-reading","library (#39), firstinline (#5), september (#9), currently-reading (#123)",currently-reading,,,,2,0
209942,Ultimate Journey,Robert A. Monroe,"Monroe, Robert A.",Ronald Russell,"=""0385472080""","=""9780385472081""",0,4.43,Harmony,Paperback,320,1994,1994,,2025/01/05,currently-reading,currently-reading (#122),currently-reading,,,,1,0
235803,The Partnership Charter,David Gage,"Gage, David",,"=""0738208981""","=""9780738208985""",0,3.97,Basic Books,Paperback,272,2004,2004,,2023/01/11,"library, currently-reading","library (#28), currently-reading (#121)",currently-reading,,,,4,0
85001,UML Distilled: A Brief Guide to the Standard Object Modeling Language,Martin Fowler,"Fowler, Martin",,"=""0321193687""","=""9780321193681""",0,3.80,Addison-Wesley Professional,Paperback,208,2003,1997,,2024/10/05,currently-reading,currently-reading (#120),currently-reading,,,,1,0
7003902,97 Things Every Programmer Should Know: Collective Wisdom from the Experts,Kevlin Henney,"Henney, Kevlin",,"=""0596809484""","=""9780596809485""",0,3.63,"O'Reilly Media, Inc.",Paperback,255,2010,2010,,2024/09/20,currently-reading,currently-reading (#119),currently-reading,,,,1,0
400716,Introduction to the Theory of Computation,Michael Sipser,"Sipser, Michael",,"=""0534950973""","=""9780534950972""",0,4.24,Course Technology,Hardcover,431,2006,1996,,2022/12/05,"solutionschegg, library, currently-reading","solutionschegg (#4), library (#43), currently-reading (#118)",currently-reading,,,,1,0
59056157,The Price of Time,Edward Chancellor,"Chancellor, Edward",,"=""0241569168""","=""9780241569160""",0,4.16,Allen Lane,Hardcover,432,2022,2022,,2024/07/22,currently-reading,currently-reading (#117),currently-reading,,,,1,0
425208,The Algorithm Design Manual,Steven S. Skiena,"Skiena, Steven S.",,"=""0387948600""","=""9780387948607""",0,4.34,Springer,Hardcover,486,1997,1997,,2024/10/26,currently-reading,currently-reading (#116),currently-reading,,,,1,0
11417837,Results Without Authority: Controlling a Project When the Team Doesn't Report to You,Tom Kendrick,"Kendrick, Tom",,"=""0814417817""","=""9780814417812""",0,3.83,AMACOM,Paperback,288,2012,2006,,2023/01/11,currently-reading,currently-reading (#115),currently-reading,,,,1,0
179133,Domain-Driven Design: Tackling Complexity in the Heart of Software,Eric Evans,"Evans, Eric",,"=""0321125215""","=""9780321125217""",0,4.15,Addison-Wesley Professional,Hardcover,560,2003,2003,,2023/06/20,currently-reading,currently-reading (#114),currently-reading,,,,1,0
22505488,Value Proposition Design: How to Create Products and Services Customers Want (The Strategyzer Series),Alexander Osterwalder,"Osterwalder, Alexander","Yves Pigneur, Gregory Bernarda, Alan Smith, Trish Papadakos","=""1118968050""","=""9781118968055""",0,4.21,Wiley,Paperback,320,2014,2013,,2022/12/20,"library, currently-reading","library (#11), currently-reading (#113)",currently-reading,,,,1,0
324750,High Output Management,Andrew S. Grove,"Grove, Andrew S.",,"=""0679762884""","=""9780679762881""",0,4.30,Vintage,Paperback,272,1995,1983,,2022/08/15,"library, currently-reading","library (#33), currently-reading (#112)",currently-reading,,,,2,0
7723797,Business Model Generation,Alexander Osterwalder,"Osterwalder, Alexander",Yves Pigneur,"=""2839906171""","=""9782839906173""",0,4.21,Alexander Osterwalder & Yves Pigneur,Paperback,273,2010,2010,,2024/07/16,currently-reading,currently-reading (#111),currently-reading,,,,2,0
2615,The Innovator's Dilemma: The Revolutionary Book that Will Change the Way You Do Business,Clayton M. Christensen,"Christensen, Clayton M.",,"=""0060521996""","=""9780060521998""",0,4.04,Collins,Paperback,320,2003,1997,,2022/08/15,"library, future, firstinline, september, currently-reading","library (#34), future (#1), firstinline (#3), september (#11), currently-reading (#110)",currently-reading,,,,2,0
1251759,New Business Road Test: What Entrepreneurs & Executives Should Do Before Writing a Business Plan,John W. Mullins,"Mullins, John W.",,"=""0273663569""","=""9780273663560""",0,3.97,Ft Pr,Paperback,284,2004,2003,,2023/01/11,"library, currently-reading","library (#29), currently-reading (#109)",currently-reading,,,,2,0
37843167,Interpretable Machine Learning,Christoph Molnar,"Molnar, Christoph",,"=""""","=""""",0,4.16,,Unknown Binding,,2017,,,2025/03/14,currently-reading,currently-reading (#105),currently-reading,,,,1,0
127606309,Tall Dark And Gruesome by Sir Christopher Lee (6-Nov-1997) Hardcover,Christopher  Lee,"Lee, Christopher",,"=""""","=""""",0,4.12,W&N; New edition edition (6 Nov. 1997),Hardcover,0,,1977,,2025/02/06,to-read,to-read (#169),to-read,,,,1,0
56753443,"Impact Networks: Create Connection, Spark Collaboration, and Catalyze Systemic Change",David Ehrlichman,"Ehrlichman, David",,"=""1523091681""","=""9781523091683""",5,4.13,Berrett-Koehler Publishers,Paperback,264,2021,,2025/03/13,2025/03/05,,,read,"A rare book that distills a new way of thinking about the world. Far more agile in it's form than normal viewpoint, i.e. start a business; this one sees success as a byproduct of a network created for a purpose and out of that might something like a business emerge. Only as a natural byproduct. Albeit this is only one way of seeing networking; also thinking in brain is networking and so is connection to yourself. So is also understanding the world, just ""networking"" and thus might some more general rule of networking be found?",,,1,0
394535,"Blood Meridian, or, the Evening Redness in the West",Cormac McCarthy,"McCarthy, Cormac",,"=""""","=""""",0,4.16,Vintage Books,Paperback,351,2010,1985,,2025/03/07,to-read,to-read (#168),to-read,,,,0,0
125139,University Physics with Modern Physics,Hugh D. Young,"Young, Hugh D.",Roger A. Freedman,"=""080538684X""","=""9780805386844""",0,4.12,Addison-Wesley Longman Publishing,Hardcover,1714,2003,1949,,2025/03/07,to-read,to-read (#167),to-read,,,,0,0
369042,The Vicomte de Bragelonne (Trilogie des Mousquetaires #3.1),Alexandre Dumas,"Dumas, Alexandre",David Coward,"=""0192834630""","=""9780192834638""",0,4.00,Oxford University Press,Paperback,768,1998,1850,,2024/07/03,currently-reading,currently-reading (#72),currently-reading,,,,2,0
30014106,UX Research: Practical Techniques for Designing Better Products,Brad Nunnally,"Nunnally, Brad",David Farkas,"=""149195129X""","=""9781491951293""",3,3.70,O'Reilly Media,Paperback,253,2016,2016,2025/02/27,2025/02/09,,,read,UX Research is probably the most light intellectual area of research; thus it fits well into learning the scientific process fully in its glory; albeit UX research is quite flexible for interpretation… For hard scientific research that is backed by reality; check out: physics…,,,1,0
61773304,What You Don't Know: Successfully Lead A Software Project ... Without Tech Expertise,William Bralick,"Bralick, William",,"=""""","=""""",5,5.00,,Kindle Edition,186,2022,,2025/02/25,2025/02/09,,,read,"SWAG: Scientifically Wild Ass Guess<br/><br/>Person who never did some part of a software can't tell how much time it will take. <br/>This books offers some cold hard truth and should be respected as such, the author worked with Raytheon and as Professor. Definitely a book to repeat as author is wicked explaining the lifecycle of technology project and how to categorise them.",,,1,0
683749,Lord of Misrule,Christopher  Lee,"Lee, Christopher",Peter Jackson,"=""0752859331""","=""9780752859330""",0,4.00,Orion Publishing,Paperback,448,2004,2003,,2025/02/06,currently-reading,currently-reading (#102),currently-reading,,,,1,0
39834237,Networks,M.E.J. Newman,"Newman, M.E.J.",Mark Newman,"=""0198805098""","=""9780198805090""",0,4.23,Oxford University Press,Hardcover,800,2018,2010,,2022/12/15,currently-reading,currently-reading (#101),currently-reading,,,,2,0
235958,AC/DC: Maximum Rock & Roll: The Ultimate Story of the World's Greatest Rock-and-Roll Band,Murray Engleheart,"Engleheart, Murray",Arnaud Durieux,"=""0061133914""","=""9780061133916""",0,4.01,It Books,Hardcover,496,2007,2006,,2025/02/06,currently-reading,currently-reading (#100),currently-reading,,,,1,0
714583,The Man Who Loved Only Numbers: The Story of  Paul Erdős and the Search for Mathematical Truth,Paul Hoffman,"Hoffman, Paul",,"=""0786884061""","=""9780786884063""",0,4.06,Grand Central Publishing,Paperback,302,1998,1998,,2024/09/28,currently-reading,currently-reading (#99),currently-reading,,,,1,0
55918690,Becoming Trader Joe: How I Did Business My Way and Still Beat the Big Guys,Joe Coulombe,"Coulombe, Joe",Patty Civalleri,"=""1400225434""","=""9781400225439""",0,3.45,HarperCollins Leadership,Paperback,288,2021,2021,,2024/01/14,currently-reading,currently-reading (#98),currently-reading,,,,1,0
83847,Computer Networking: A Top-Down Approach,James F. Kurose,"Kurose, James F.",Keith W. Ross,"=""0321497708""","=""9780321497703""",0,4.07,Addison Wesley,Hardcover,880,2007,2000,,2024/09/03,currently-reading,currently-reading (#97),currently-reading,,,,1,0
347905,Far Journeys (Journeys Trilogy),Robert A. Monroe,"Monroe, Robert A.",,"=""0385231822""","=""9780385231824""",0,4.34,Harmony,Paperback,304,1987,1985,,2025/01/05,currently-reading,currently-reading (#96),currently-reading,,,,1,0
25670869,Why Greatness Cannot Be Planned: The Myth of the Objective,Kenneth O. Stanley,"Stanley, Kenneth O.",Joel Lehman,"=""3319155245""","=""9783319155241""",0,4.00,Springer,Kindle Edition,154,2015,2015,,2024/10/26,currently-reading,currently-reading (#95),currently-reading,,,,1,0
57645492,A Vulnerable System: The History of Information Security in the Computer Age,Andrew J. Stewart,"Stewart, Andrew J.",,"=""1501758942""","=""9781501758942""",0,3.96,Cornell University Press,Hardcover,312,2021,,,2024/07/02,currently-reading,currently-reading (#94),currently-reading,,,,2,0
1972533,"The Complete Superfoods Cookbook: Dishes and Drinks for Energy, Detoxing and Healing",Michael van Straten,"Straten, Michael van",,"=""1552858847""","=""9781552858844""",0,4.19,Whitecap Books,Paperback,256,2007,2007,,2023/12/25,currently-reading,currently-reading (#93),currently-reading,,,,2,0
197754862,Practice of Brahmacharya,Sivananda Saraswati,"Saraswati, Sivananda",,"=""8196536550""","=""9788196536558""",0,3.84,Lotus Prints,Kindle Edition,0,2023,,,2025/01/25,currently-reading,currently-reading (#92),currently-reading,,,,1,0
6993165,The Devil is a Gentleman: The Life and Times of Dennis Wheatley (Dark Masters),Phil Baker,"Baker, Phil",,"=""1903517753""","=""9781903517758""",0,4.26,Dedalus Limited,Hardcover,699,2010,2009,,2025/02/06,currently-reading,currently-reading (#90),currently-reading,,,,2,0
6382723,When Sun-tzu Met Clausewitz: The OODA Loop and the Invasion of Iraq,Daniel Ford,"Ford, Daniel",,"=""""","=""""",0,3.93,,Kindle Edition,34,,2009,,2025/02/20,currently-reading,currently-reading (#89),currently-reading,,,,1,0
1067671,The Pirates of Penzance,W.S. Gilbert,"Gilbert, W.S.",Arthur Sullivan,"=""0793525861""","=""9780793525867""",0,4.04,"G. Schirmer, Inc.",Paperback,213,1986,1879,,2023/11/26,currently-reading,currently-reading (#86),currently-reading,,,,1,0
24072897,Deep Learning,Ian Goodfellow,"Goodfellow, Ian","Yoshua Bengio, Aaron Courville","=""""","=""""",0,4.44,The MIT Press,ebook,787,2016,2016,,2021/12/02,"library, knowledgetoapply, currently-reading","library (#3), knowledgetoapply (#1), currently-reading (#85)",currently-reading,,,,1,0
66863,Only the Paranoid Survive: How to Exploit the Crisis Points that Challenge Every Company and Career,Andrew S. Grove,"Grove, Andrew S.",,"=""1861975139""","=""9781861975133""",0,3.98,Profile Business,Paperback,224,1998,1996,,2024/08/04,currently-reading,currently-reading (#84),currently-reading,,,,1,0
13623874,Mossad: The Greatest Missions of the Israeli Secret Service,Michael Bar-Zohar,"Bar-Zohar, Michael",Nissim Mishal,"=""0062123408""","=""9780062123404""",0,4.19,Ecco,Hardcover,388,2012,2010,,2024/09/20,currently-reading,currently-reading (#81),currently-reading,,,,1,0
54124147,Skunk Works: A Personal Memoir of My Years at Lockheed,Ben R. Rich,"Rich, Ben R.",Leo Janos,"=""0316743003""","=""9780316743006""",0,4.46,"Back Bay Books/Little, Brown & Co. (NY)",Paperback,372,2020,1994,,2024/08/20,currently-reading,currently-reading (#80),currently-reading,,,,1,0
7182,The Black Tulip,Alexandre Dumas,"Dumas, Alexandre",Robin Buss,"=""0140448926""","=""9780140448924""",0,3.85,Penguin Classics,Paperback,246,2003,1850,,2024/07/03,currently-reading,currently-reading (#79),currently-reading,,,,2,0
7184,Twenty Years After (Trilogie des Mousquetaires #2),Alexandre Dumas,"Dumas, Alexandre","David Coward, Auguste Maquet","=""0192838431""","=""9780192838438""",0,4.09,Oxford University Press,Paperback,845,1993,1845,,2024/07/03,currently-reading,currently-reading (#78),currently-reading,,,,2,0
77504,"Blue Mars (Mars Trilogy, #3)",Kim Stanley Robinson,"Robinson, Kim Stanley",,"=""0553573357""","=""9780553573350""",0,3.95,Bantam Doubleday Dell Publishing Group Ltd.,Mass Market Paperback,768,1997,1996,,2024/07/02,currently-reading,currently-reading (#77),currently-reading,,,,2,0
77505,"Green Mars (Mars Trilogy, #2)",Kim Stanley Robinson,"Robinson, Kim Stanley",,"=""0553572393""","=""9780553572391""",0,3.96,Spectra Books,Mass Market Paperback,624,1993,1993,,2024/07/02,currently-reading,currently-reading (#76),currently-reading,,,,2,0
54499,"The Man in the Iron Mask (Le vicomte de Bragelonne, #4)",Alexandre Dumas,"Dumas, Alexandre","Joachim Neugroschel, Francine du Plessix Gray","=""0140439242""","=""9780140439243""",0,3.99,Penguin Books,Unknown Binding,470,2003,1847,,2024/07/03,currently-reading,currently-reading (#71),currently-reading,,,,2,0
154091,"Mona Lisa Overdrive (Sprawl, #3)",William Gibson,"Gibson, William",,"=""0553281747""","=""9780553281743""",0,4.02,Bantam Doubleday Dell Publishing Group,Mass Market Paperback,308,1989,1988,,2024/07/03,currently-reading,currently-reading (#70),currently-reading,,,,2,0
22200,"Count Zero (Sprawl, #2)",William Gibson,"Gibson, William",,"=""""","=""""",0,4.02,Ace Books,Paperback,308,2006,1986,,2024/07/03,currently-reading,currently-reading (#69),currently-reading,,,,2,0
22323,"Burning Chrome (Sprawl, #0)",William Gibson,"Gibson, William",Bruce Sterling,"=""0060539828""","=""9780060539825""",0,4.06,Eos,Paperback,204,2003,1986,,2024/07/03,currently-reading,currently-reading (#68),currently-reading,,,,2,0
36262251,The Redemption of Time (Remembrance of Earth’s Past),Baoshu,"Baoshu, Baoshu",Ken Liu,"=""1788542207""","=""9781788542203""",0,3.63,Head of Zeus,Hardcover,400,2019,2011,,2024/07/03,currently-reading,currently-reading (#67),currently-reading,,,,2,0
25451264,"Death's End (Remembrance of Earth’s Past, #3)",Liu Cixin,"Cixin, Liu",Ken Liu,"=""0765377101""","=""9780765377104""",0,4.41,TOR,Hardcover,604,2016,2010,,2024/07/03,currently-reading,currently-reading (#66),currently-reading,,,,2,0
23168817,"The Dark Forest (Remembrance of Earth’s Past, #2)",Liu Cixin,"Cixin, Liu",Joel Martinsen,"=""""","=""""",0,4.40,Tor Books,Hardcover,512,2015,2008,,2024/07/03,currently-reading,currently-reading (#65),currently-reading,,,,2,0
6088007,"Neuromancer (Sprawl, #1)",William Gibson,"Gibson, William",Jack Womack,"=""""","=""""",0,3.89,Ace,Kindle Edition,268,2018,1984,,2024/07/03,currently-reading,currently-reading (#64),currently-reading,,,,2,0
20518872,"The Three-Body Problem (Remembrance of Earth’s Past, #1)",Liu Cixin,"Cixin, Liu",Ken Liu,"=""""","=""""",0,4.08,Tor Books,Hardcover,472,2014,2006,,2024/07/03,currently-reading,currently-reading (#63),currently-reading,,,,2,0
759945,The Magic of Thinking Big,David J. Schwartz,"Schwartz, David J.",,"=""0671646788""","=""9780671646783""",0,4.26,Touchstone,Paperback,238,1987,1959,,2025/02/21,currently-reading,currently-reading (#62),currently-reading,,,,1,0
3556285,Entrepreneurial Finance: Finance and Business Strategies for the Serious Entrepreneur,Steven Rogers,"Rogers, Steven",,"=""0071591265""","=""9780071591263""",0,4.06,McGraw-Hill,Hardcover,372,2009,2008,,2025/02/21,currently-reading,currently-reading (#61),currently-reading,,,,1,0
26262762,"The Oxford Handbook of Creativity, Innovation, and Entrepreneurship (Oxford Library of Psychology)",Christina E. Shalley,"Shalley, Christina E.","Michael A. Hitt, Jing Zhou","=""0199927677""","=""9780199927678""",0,4.75,Oxford University Press,Hardcover,560,2015,2015,,2025/02/21,currently-reading,currently-reading (#60),currently-reading,,,,1,0
1908456,Presentation Zen: Simple Ideas on Presentation Design and Delivery,Garr Reynolds,"Reynolds, Garr",,"=""0321525655""","=""9780321525659""",0,4.05,New Riders,Paperback,229,2008,2007,,2025/02/21,currently-reading,currently-reading (#59),currently-reading,,,,1,0
53343,On Writing Well: The Classic Guide to Writing Nonfiction,William Zinsser,"Zinsser, William",,"=""0060891548""","=""9780060891541""",0,4.23,Harper Perennial,Paperback,321,2006,1976,,2025/02/21,currently-reading,currently-reading (#56),currently-reading,,,,1,0
245344,Structures: Or Why Things Don't Fall Down,J.E. Gordon,"Gordon, J.E.",,"=""0306812835""","=""9780306812835""",0,4.13,Grand Central Publishing,Paperback,395,2003,1978,,2024/09/06,currently-reading,currently-reading (#55),currently-reading,,,,1,0
1163197,The Oxford Handbook of Innovation (Oxford Handbooks),Jan Fagerberg,"Fagerberg, Jan","David C. Mowery, Richard R. Nelson","=""0199286809""","=""9780199286805""",0,4.27,Oxford University Press,Paperback,680,2006,2004,,2025/02/21,currently-reading,currently-reading (#54),currently-reading,,,,1,0
583766,An Introduction to General Systems Thinking (Silver Anniversary Edition),Gerald M. Weinberg,"Weinberg, Gerald M.",,"=""0932633498""","=""9780932633491""",0,3.94,Dorset House,Paperback,320,2001,1975,,2025/02/21,currently-reading,currently-reading (#53),currently-reading,,,,1,0
22085568,The Culture Map: Breaking Through the Invisible Boundaries of Global Business,Erin Meyer,"Meyer, Erin",,"=""""","=""""",0,4.33,PublicAffairs,Kindle Edition,290,2014,2014,,2025/02/21,currently-reading,currently-reading (#52),currently-reading,,,,1,0
98233,Founders at Work: Stories of Startups' Early Days,Jessica Livingston,"Livingston, Jessica",,"=""1590597141""","=""9781590597149""",0,4.02,Apress,Hardcover,456,2007,2001,,2025/02/21,currently-reading,currently-reading (#50),currently-reading,,,,1,0
944652,Poor Charlie's Almanack: The Wit and Wisdom of Charles T. Munger,Charles T. Munger,"Munger, Charles T.",Peter E. Kaufman,"=""157864366X""","=""9781578643660""",0,4.40,Donning Co Pub,Hardcover,512,2006,2005,,2025/02/21,currently-reading,currently-reading (#49),currently-reading,,,,1,0
46163228,We Have Root: Even More Advice from Schneier on Security,Bruce Schneier,"Schneier, Bruce",,"=""1119643465""","=""9781119643463""",3,3.54,Wiley,ebook,304,2019,,2025/02/21,2025/02/09,,,read,"This is quite of a good overview of general problems between different actors and policies in US about cybersecurity. I learned to be more open to open source where I can see the code know that there isn't any backdoors for some shadowy government agency. Also one should try to keep all data save as on the long run data is plentiful, but trust is rare. Then there's the issue of education which he said that the government bodies don't know anything about cybersecurity, this happens because big institutions have slow moving human capital and since this human capital of IT has been increasing the knowledge gap between large institutions and small institutions is turning for the big players. Author correctly identified that small players are able to seize the new technology before big ones; but given time the big solid players will take over and increase their existing capabilities while making many startups suffer. This depends on the control mechanism in the large system that either replaces the part fast enough or gets overrun by some small player that builds up the concept of the larger player out in technology fully and slowly replaces the larger player once the reliance on this technology is fully embraced by everyone(doesn't happen with government tax offices or bureaucracy only in the market). ",,,1,0
45303387,An Elegant Puzzle: Systems of Engineering Management,Will Larson,"Larson, Will",,"=""1953953336""","=""9781953953339""",0,4.08,Stripe Press,Kindle Edition,289,2019,2019,,2025/02/19,to-read,to-read (#166),to-read,,,,0,0
149111369,Machine Learning for Causal Inference,Sheng Li,"Li, Sheng",Zhixuan Chu,"=""3031350502""","=""9783031350504""",0,0.0,Springer,Hardcover,314,2023,,,2025/02/18,to-read,to-read (#165),to-read,,,,0,0
64653770,AI at the Edge: Solving Real-World Problems with Embedded Machine Learning,Daniel Situnayake,"Situnayake, Daniel",Jenny Plunkett,"=""1098120205""","=""9781098120207""",5,4.26,O'Reilly Media,Paperback,512,2023,,2025/02/15,2024/10/27,,,read,,,,1,0
205055204,Deep Learning for Finance: Creating Machine & Deep Learning Models for Trading in Python,Sofien KAABAR,"KAABAR, Sofien",,"=""1098148355""","=""9781098148355""",2,3.13,O'Reilly Media,Kindle Edition,572,2024,,2025/02/12,2025/02/02,,,read,,,,1,0
40050839,Project Mars A Technical Tale Dr. Wernher von Braun,Wernher von Braun,"Braun, Wernher von",Sam Sloan,"=""4871877248""","=""9784871877244""",0,3.76,Ishi Press,Paperback,460,2017,1953,,2025/02/11,to-read,to-read (#164),to-read,,,,0,0
58230358,Data Mesh: Delivering Data-Driven Value at Scale,Zhamak Dehghani,"Dehghani, Zhamak",,"=""1492092398""","=""9781492092391""",0,3.79,O'Reilly Media,Paperback,384,2022,2022,,2025/02/09,currently-reading,currently-reading (#48),currently-reading,,,,1,0
179744,The Emperor's New Mind,Roger Penrose,"Penrose, Roger",,"=""0192861980""","=""9780192861986""",0,3.91,Oxford University Press,Paperback,602,1999,1989,,2024/05/09,currently-reading,currently-reading (#47),currently-reading,,,,2,0
27968897,Org Design for Design Orgs: Building and Managing In-House Design Teams,Peter Merholz,"Merholz, Peter",Kristin Skinner,"=""1491938404""","=""9781491938409""",0,4.21,O'Reilly Media,Paperback,197,2016,2016,,2024/07/02,currently-reading,currently-reading (#46),currently-reading,,,,2,0
63139598,The DevOps Career Handbook: The ultimate guide to pursuing a successful career in DevOps,John Knight,"Knight, John",Nate Swenson,"=""180323301X""","=""9781803233017""",0,3.50,Packt Publishing,Kindle Edition,234,2022,,,2025/02/09,currently-reading,currently-reading (#45),currently-reading,,,,1,0
407999,Competitive Strategy: Techniques for Analyzing Industries and Competitors,Michael E. Porter,"Porter, Michael E.",,"=""0684841487""","=""9780684841489""",0,4.17,Free Press,Hardcover,397,1998,1980,,2025/02/09,currently-reading,currently-reading (#44),currently-reading,,,,1,0
55958620,Practical Cybersecurity Architecture: A guide to creating and implementing robust designs for cybersecurity architects,Ed Moyle,"Moyle, Ed",Diana Kelley,"=""1838982191""","=""9781838982195""",0,3.77,Packt Publishing,Kindle Edition,420,2020,,,2025/02/09,currently-reading,currently-reading (#43),currently-reading,,,,1,0
111172156,Test Automation Engineering Handbook: Learn and implement techniques for building robust test automation frameworks,Manikandan Sambamurthy,"Sambamurthy, Manikandan",,"=""1804619671""","=""9781804619674""",0,3.75,Packt Publishing,Kindle Edition,276,2023,,,2025/02/09,currently-reading,currently-reading (#42),currently-reading,,,,1,0
48816586,Software Engineering at Google: Lessons Learned from Programming Over Time,Titus Winters,"Winters, Titus","Tom Manshreck, Hyrum Wright","=""1492082791""","=""9781492082798""",0,4.20,O'Reilly Media,Paperback,599,2020,2020,,2025/02/09,currently-reading,currently-reading (#41),currently-reading,,,,1,0
23465347,Cost Estimation: Methods and Tools (Wiley Series in Operations Research and Management Science),Gregory K. Mislick,"Mislick, Gregory K.",Daniel A. Nussbaum,"=""1118536134""","=""9781118536131""",5,4.53,Wiley,Hardcover,352,2015,2015,2022/03/17,2021/11/29,currently-reading,currently-reading (#40),currently-reading,"Complex stuff, but seems really important I'll probs find a textbook about the topic.",,,2,0
58558156,Understanding Economics: Game Theory,Jay R. Corrigan,"Corrigan, Jay R.",,"=""""","=""""",0,3.72,The Great Courses,Audiobook,,,,,2025/02/09,currently-reading,currently-reading (#39),currently-reading,,,,1,0
60864418,The Kaggle Book: Data analysis and machine learning for competitive data science,Konrad Banachewicz,"Banachewicz, Konrad","Luca Massaron, Anthony Goldbloom","=""1801812217""","=""9781801812214""",0,4.29,Packt Publishing,Kindle Edition,530,2022,,,2024/07/02,currently-reading,currently-reading (#38),currently-reading,,,,2,0
200940940,Docker Essentials: Simplifying Containerization: A Beginner's Guide,Mike Wilson,"Wilson, Mike",,"=""""","=""9798868942310""",3,3.00,Mike Wilson,Kindle Edition,136,2023,,2025/02/09,2025/02/09,,,read,,,,1,0
216848047,AI Engineering: Building Applications with Foundation Models,Chip Huyen,"Huyen, Chip",,"=""1098166302""","=""9781098166304""",0,4.50,O'Reilly Media,Paperback,532,2025,,,2025/02/04,to-read,to-read (#163),to-read,,,,0,0
10882,Hell's Angels,Hunter S. Thompson,"Thompson, Hunter S.",Sylvie Durastanti,"=""222109073X""","=""9782221090732""",5,3.98,Robert Laffont,Paperback,295,2000,1966,2023/07/20,2023/06/20,,,read,,,,1,0
13821,Lord of Light,Roger Zelazny,"Zelazny, Roger",,"=""0060567236""","=""9780060567231""",4,4.05,Harper Voyager,Paperback,296,2010,1967,2023/07/29,2023/06/11,,,read,,,,1,0
62125584,Security Chaos Engineering: Sustaining Resilience in Software and Systems,Kelly Shortridge,"Shortridge, Kelly",Aaron Rinehart,"=""1098113829""","=""9781098113827""",0,4.12,O'Reilly Media,Paperback,428,2023,,,2025/02/02,currently-reading,currently-reading (#37),currently-reading,,,,1,0
3427609,Essentials of Strength Training and Conditioning,National Strength and Conditioning Association (NSCA),"(NSCA), National Strength and Conditioning Association",,"=""0736058036""","=""9780736058032""",0,4.16,Human Kinetics,Hardcover,656,2008,1994,,2025/01/05,to-read,to-read (#162),to-read,,,,0,0
36360094,"Automation, Production Systems, and Computer-Integrated Manufacturing",Mikell P. Groover,"Groover, Mikell P.",,"=""9332586063""","=""9789332586062""",0,4.17,Pearson,Kindle Edition,0,2016,1980,,2024/10/26,currently-reading,currently-reading (#35),currently-reading,,,,1,0
33293,Naked Economics: Undressing the Dismal Science,Charles Wheelan,"Wheelan, Charles",Burton G. Malkiel,"=""0393324869""","=""9780393324860""",1,4.03,W. W. Norton & Company,Paperback,260,2003,2002,2023/06/26,2023/06/19,,,read,,,,1,0
52352701,Stories from Paolino's Tapes,Paul Karl Feyerabend,"Feyerabend, Paul Karl",,"=""3863851196""","=""9783863851194""",4,3.80,,,,,2001,2021/11/27,2021/11/27,,,read,,,,1,0
153429,Nonlinear Programming: Theory and Algorithms,Mokhtar S. Bazaraa,"Bazaraa, Mokhtar S.",Hanif D. Sherali,"=""0471486000""","=""9780471486008""",0,3.90,Wiley-Interscience,Hardcover,880,2006,1979,,2024/11/11,currently-reading,currently-reading (#34),currently-reading,,,,1,0
148009,"The Elements of Statistical Learning: Data Mining, Inference, and Prediction",Trevor Hastie,"Hastie, Trevor","Robert Tibshirani, Jerome Friedman","=""0387952845""","=""9780387952840""",0,4.43,Springer,Hardcover,552,2003,2001,,2023/06/20,currently-reading,currently-reading (#33),currently-reading,,,,1,0
17989550,"Giants of Computing: A Compendium of Select, Pivotal Pioneers",Gerard O. Regan,"Regan, Gerard O.",,"=""1447153391""","=""9781447153399""",0,3.00,Springer,Hardcover,327,2013,2013,,2024/11/07,to-read,to-read (#161),to-read,,,,0,0
222146,Masters of Doom: How Two Guys Created an Empire and Transformed Pop Culture,David Kushner,"Kushner, David",,"=""0812972155""","=""9780812972153""",0,4.29,Random House Trade Paperbacks,Paperback,339,2004,2003,,2024/10/26,to-read,to-read (#160),to-read,,,,0,0
356824,India After Gandhi: The History of the World's Largest Democracy,Ramachandra Guha,"Guha, Ramachandra",,"=""0060198818""","=""9780060198817""",0,4.39,Ecco,Hardcover,912,2007,2007,,2024/10/26,to-read,to-read (#159),to-read,,,,0,0
12544648,Cracking the Coding Interview: 150 Programming Questions and Solutions,Gayle Laakmann McDowell,"McDowell, Gayle Laakmann",,"=""1466208686""","=""9781466208681""",0,4.33,Createspace,Paperback,500,2011,2008,,2023/06/20,currently-reading,currently-reading (#32),currently-reading,,,,1,0
21820378,Mastering Bitcoin: Unlocking Digital Cryptocurrencies,Andreas M. Antonopoulos,"Antonopoulos, Andreas M.",,"=""1449374042""","=""9781449374044""",0,4.30,O'Reilly Media,Paperback,296,2015,2014,,2024/10/26,to-read,to-read (#158),to-read,,,,0,0
204123,Freedom At Midnight,Dominique Lapierre,"Lapierre, Dominique",Larry Collins,"=""8125904808""","=""9788125904809""",0,4.33,Vikas Publishing House,Paperback,629,2001,1975,,2024/10/26,to-read,to-read (#157),to-read,,,,0,0
44244975,The Ethical Algorithm: The Science of Socially Aware Algorithm Design,Michael Kearns,"Kearns, Michael",Aaron Roth,"=""0190948205""","=""9780190948207""",0,4.11,Oxford University Press,Hardcover,230,2019,,,2024/10/26,to-read,to-read (#156),to-read,,,,0,0
23367934,The China Model: Political Meritocracy and the Limits of Democracy,Daniel A. Bell,"Bell, Daniel A.",,"=""0691166455""","=""9780691166452""",0,3.62,Princeton University Press,Hardcover,336,2015,2015,,2024/10/26,to-read,to-read (#155),to-read,,,,0,0
40189896,Overcharged: Why Americans Pay Too Much for Health Care,Charles Silver,"Silver, Charles",David A. Hyman,"=""1944424776""","=""9781944424770""",0,4.29,Cato Institute,Kindle Edition,560,2018,,,2024/10/26,to-read,to-read (#154),to-read,,,,0,0
33584554,Mastering Ethereum: Building Smart Contracts and DApps,Andreas M. Antonopoulos,"Antonopoulos, Andreas M.",Gavin Wood,"=""1491971940""","=""9781491971949""",0,4.29,O'Reilly Media,Paperback,422,2018,,,2024/10/26,to-read,to-read (#153),to-read,,,,0,0
36448501,The Bitcoin Standard: The Decentralized Alternative to Central Banking,Saifedean Ammous,"Ammous, Saifedean",,"=""1119473861""","=""9781119473862""",0,4.17,Wiley,Hardcover,304,2018,2018,,2024/10/26,to-read,to-read (#152),to-read,,,,0,0
51192053,API Design Patterns,J.J. Geewax,"Geewax, J.J.",,"=""161729585X""","=""9781617295850""",0,3.88,Manning Publications,Paperback,480,2020,,,2024/10/26,to-read,to-read (#151),to-read,,,,0,0
1497225,The Whole Hog: Exploring the Extraordinary Potential of Pigs,Lyall Watson,"Watson, Lyall",,"=""1588342166""","=""9781588342164""",0,3.92,Smithsonian Books,Hardcover,256,2004,2004,,2024/10/26,to-read,to-read (#150),to-read,,,,0,0
892360,The Problem of Increasing Human Energy,Nikola Tesla,"Tesla, Nikola",,"=""0787308617""","=""9780787308612""",3,4.20,Mokelumne Hill Pr,Paperback,37,1990,1900,2021/05/29,2021/05/29,,,read,,,,1,0
20530994,Simulation Modeling and Analysis (Mcgraw-hill Series in Industrial Engineering and Management),Averill M. Law,"Law, Averill M.",,"=""0073401323""","=""9780073401324""",0,3.87,McGraw Hill,Hardcover,800,2014,1982,,2024/10/19,currently-reading,currently-reading (#31),currently-reading,,,,1,0
151848,Probability Theory: The Logic of Science,E.T. Jaynes,"Jaynes, E.T.",G. Larry Bretthorst,"=""0521592712""","=""9780521592710""",0,4.41,Cambridge University Press,Hardcover,753,2003,,,2023/01/04,"library, study, to-read","library (#21), study (#6), to-read (#149)",to-read,,,,1,0
213030,Machine Learning (McGraw-Hill International Editions Computer Science Series),Tom M. Mitchell,"Mitchell, Tom M.",,"=""0071154671""","=""9780071154673""",0,4.07,McGraw-Hill,Paperback,414,1997,1986,,2024/10/19,currently-reading,currently-reading (#30),currently-reading,,,,1,0
768889,"A Storm of Swords: Steel and Snow (A Song of Ice and Fire, #3.1)",George R.R. Martin,"Martin, George R.R.",,"=""0006479901""","=""9780006479901""",5,4.47,HarperVoyager,Paperback,663,2001,2000,,2021/12/27,,,read,,,,1,0
2872284,"the Art of Problem Solving, Volume 2: and Beyond",Richard Rusczyk,"Rusczyk, Richard",Sandor Lehoczky,"=""0977304582""","=""9780977304585""",0,4.58,AoPS Incorporated,Paperback,320,2006,2003,,2024/10/15,to-read,to-read (#148),to-read,,,,0,0
39813875,Reinforcement Learning: An Introduction,Richard S. Sutton,"Sutton, Richard S.",Andrew G. Barto,"=""0262039249""","=""9780262039246""",0,4.54,Bradford Books,Hardcover,552,2018,,,2022/12/30,currently-reading,currently-reading (#28),currently-reading,,,,1,0
6752187,Introduction to Algorithms,Thomas H. Cormen,"Cormen, Thomas H.","Charles E. Leiserson, Ronald L. Rivest, Clifford Stein","=""0262033844""","=""9780262033848""",0,4.35,MIT Press,Hardcover,1292,2009,1989,,2024/10/15,currently-reading,currently-reading (#27),currently-reading,,,,1,0
26254109,The Princeton Companion to Applied Mathematics,Nicholas J.  Higham,"Higham, Nicholas J.","Mark R. Dennis, Paul Glendinning, Paul A. Martin, Fadil Santosa, Jared Tanner","=""0691150397""","=""9780691150390""",0,4.55,Princeton University Press,Hardcover,1032,2015,2015,,2022/12/02,currently-reading,currently-reading (#26),currently-reading,,,,1,0
1471873,The Princeton Companion to Mathematics,Timothy Gowers,"Gowers, Timothy","June Barrow-Green, Imre Leader","=""0691118809""","=""9780691118802""",0,4.41,Princeton University Press,Hardcover,1056,2008,2007,,2022/11/25,"library, september, currently-reading","library (#6), september (#3), currently-reading (#25)",currently-reading,,,,1,0
8661899,Neyman from Life,Constance Bowman Reid,"Reid, Constance Bowman",,"=""3540907475""","=""9783540907473""",0,4.18,Springer-Verlag Berlin and Heidelberg GmbH & Co. K,Hardcover,298,1982,1982,,2024/10/08,to-read,to-read (#147),to-read,,,,0,0
70156,Patterns of Enterprise Application Architecture,Martin Fowler,"Fowler, Martin",,"=""0321127420""","=""9780321127426""",0,4.12,Addison-Wesley Professional,Hardcover,533,2002,2002,,2024/10/05,to-read,to-read (#146),to-read,,,,0,0
34141848,Dragnet Surveillance Nation: How Data Brokers Sold Out America,James Scott,"Scott, James",,"=""1542814049""","=""9781542814041""",0,4.00,CreateSpace Independent Publishing Platform,Paperback,92,2017,,,2024/09/24,to-read,to-read (#145),to-read,,,,0,0
57651421,Atlas of Amazing Architecture: The Most Incredible Buildings You've (Probably) Never Heard Of,Peter Allen,"Allen, Peter",Ziggy Hanaor,"=""1908714875""","=""9781908714879""",0,4.12,Cicada Books,Hardcover,88,2021,,,2024/09/24,to-read,to-read (#144),to-read,,,,0,0
10545174,Metasploit: The Penetration Tester's Guide,David  Kennedy,"Kennedy, David","Jim O'Gorman, Devon Kearns, Mati Aharoni","=""159327288X""","=""9781593272883""",0,4.07,No Starch Press,Paperback,328,2011,2011,,2024/09/20,to-read,to-read (#143),to-read,,,,0,0
48927138,"Unit Testing: Principles, Practices, and Patterns",Vladimir Khorikov,"Khorikov, Vladimir",,"=""1617296279""","=""9781617296277""",0,4.57,Manning,Paperback,304,2019,,,2024/09/20,to-read,to-read (#142),to-read,,,,0,0
23020812,Effective Python: 59 Specific Ways to Write Better Python (Effective Software Development Series),Brett Slatkin,"Slatkin, Brett",,"=""0134034287""","=""9780134034287""",0,4.27,Addison-Wesley Professional,Paperback,227,2015,2015,,2024/09/20,to-read,to-read (#141),to-read,,,,0,0
21558327,Introduction to Probability,Joseph K. Blitzstein,"Blitzstein, Joseph K.",Jessica Hwang,"=""1466575573""","=""9781466575578""",0,4.52,Chapman and Hall/CRC,Hardcover,596,2014,2014,,2024/09/17,currently-reading,currently-reading (#24),currently-reading,,,,1,0
213032,Introduction To Machine Learning (Adaptive Computation and Machine Learning),Ethem Alpaydin,"Alpaydin, Ethem",,"=""0262012111""","=""9780262012119""",0,3.77,Mit Pr,Hardcover,415,2004,2004,,2021/12/26,"real, before-uni, august, currently-reading","real (#6), before-uni (#5), august (#4), currently-reading (#23)",currently-reading,,,,2,0
50843730,"Hands-On Machine Learning with Scikit-Learn, Keras and Tensor Flow: Concepts, Tools and Techniques to Build Intelligent Systems (Colour Edition)",Aurélien Géron,"Géron, Aurélien",,"=""9352139054""","=""9789352139057""",0,4.55,Shroff/O'Reilly,Paperback,848,2019,2017,,2022/11/06,"real, currently-reading","real (#7), currently-reading (#19)",currently-reading,,,,1,0
14935,Sense and Sensibility,Jane Austen,"Austen, Jane","Ros Ballaster, Джейн Остин","=""0141439661""","=""9780141439662""",1,4.09,Penguin Books,Paperback,409,2003,1811,2021/02/11,2021/01/31,,,read,How can anybody write this? Zero stars...,,,1,0
646462,القرآن الكريم,Anonymous,"Anonymous, Anonymous",Yaşar Nuri Öztürk,"=""""","=""""",0,4.38,,Hardcover,604,650,632,2021/06/11,2021/05/23,,,read,,,,1,0
56642542,Production Kubernetes: Building Successful Application Platforms,Josh Rosso,"Rosso, Josh","Rich Lander, Alex Brand, John Harris","=""1492092304""","=""9781492092308""",0,4.44,O'Reilly Media,Paperback,506,2021,,,2024/05/28,to-read,to-read (#140),to-read,,,,1,0
383472,Statistical Inference,George Casella,"Casella, George",Roger L. Berger,"=""0534243126""","=""9780534243128""",0,4.17,Cengage Learning,Hardcover,660,2001,2001,,2022/12/21,"library, solutionsquizlet, to-read","library (#12), solutionsquizlet (#1), to-read (#139)",to-read,,,,1,0
50083115,"Architecture Patterns with Python: Enabling Test-Driven Development, Domain-Driven Design, and Event-Driven Microservices",Harry Percival,"Percival, Harry",Bob Gregory,"=""1492052205""","=""9781492052203""",0,4.41,O'Reilly Media,Paperback,280,2020,,,2024/09/04,to-read,to-read (#138),to-read,,,,1,0
289467,Lean Thinking: Banish Waste and Create Wealth in Your Corporation,James P. Womack,"Womack, James P.",Daniel T. Jones,"=""0743249275""","=""9780743249270""",0,3.92,Free Press,Hardcover,396,2003,1996,,2024/09/07,to-read,to-read (#137),to-read,,,,0,0
17718225,Value Stream Mapping: How to Visualize Work and Align Leadership for Organizational Transformation,Karen   Martin,"Martin, Karen",Mike Osterling,"=""0071828915""","=""9780071828918""",0,3.94,McGraw Hill,Hardcover,224,2013,2013,,2024/09/07,to-read,to-read (#136),to-read,,,,0,0
150062,Database Design for Mere Mortals: A Hands-On Guide to Relational Database Design,Michael J. Hernandez,"Hernandez, Michael J.",,"=""0201752840""","=""0785342752847""",0,3.92,Addison-Wesley Professional,Paperback,611,2003,1996,,2024/09/06,currently-reading,currently-reading (#22),currently-reading,,,,1,0
57573212,Learning Domain-Driven Design: Aligning Software Architecture and Business Strategy,Vladik Khononov,"Khononov, Vladik",,"=""1098100131""","=""9781098100131""",0,4.44,O'Reilly Media,Paperback,340,2021,,,2024/09/06,to-read,to-read (#135),to-read,,,,0,0
53481701,Infrastructure as Code: Dynamic Systems for the Cloud Age,Kief Morris,"Morris, Kief",,"=""1098114671""","=""9781098114671""",0,4.15,O'Reilly Media,Paperback,427,2021,2015,,2024/09/06,to-read,to-read (#134),to-read,,,,0,0
99300,The Yellow Wallpaper and Other Stories,Charlotte Perkins Gilman,"Gilman, Charlotte Perkins",,"=""0486298574""","=""9780486298573""",2,4.07,Dover Publications,Paperback,129,1997,1892,2023/01/12,2023/01/12,,,read,,,,1,0
67833,Extreme Programming Explained: Embrace Change (The XP Series),Kent Beck,"Beck, Kent",Cynthia Andres,"=""0321278658""","=""9780321278654""",0,4.12,Addison-Wesley,Paperback,224,2004,1999,,2024/09/06,to-read,to-read (#133),to-read,,,,0,0
16934297,High-Velocity Edge: How Market Leaders Leverage Operational Excellence to Beat the Competition: How Market Leaders Leverage Operational Ex (Revised),Steven J. Spear,"Spear, Steven J.",,"=""1282543210""","=""9781282543218""",0,4.12,McGraw-Hill Companies,ebook,407,2010,2009,,2024/09/06,to-read,to-read (#132),to-read,,,,0,0
58218460,Robust Python: Write Clean and Maintainable Code,Patrick Viafore,"Viafore, Patrick",,"=""1098100662""","=""9781098100667""",0,4.29,O'Reilly Media,Paperback,378,2021,,,2024/09/05,currently-reading,currently-reading (#21),currently-reading,,,,1,0
581552,In the Penal Colony,Franz Kafka,"Kafka, Franz",,"=""""","=""""",4,3.93,Schocken Books,Paperback,52,1974,1918,2024/09/05,2024/03/19,,,read,,,,1,0
1412144,Loopholes of the Rich: How the Rich Legally Make More Money and Pay Less Tax (Rich Dad's Advisors),Diane Kennedy,"Kennedy, Diane",,"=""0446678325""","=""9780446678322""",0,4.08,Warner Business Books,Paperback,384,2001,2001,,2023/04/12,"library, to-read","library (#35), to-read (#131)",to-read,,,,1,0
58165477,"Digital Zettelkasten: Principles, Methods, & Examples",David Kadavy,"Kadavy, David",,"=""""","=""""",0,3.71,,Kindle Edition,79,2021,,,2023/12/09,to-read,to-read (#130),to-read,,,,1,0
70132,Information Architecture for the World Wide Web: Designing Large-Scale Web Sites,Peter Morville,"Morville, Peter",Louis Rosenfeld,"=""0596527349""","=""9780596527341""",0,3.93,O'Reilly Media,Paperback,526,2007,1998,,2024/05/26,to-read,to-read (#129),to-read,,,,1,0
16599156,"Project Management + Website: A Systems Approach to Planning, Scheduling, and Controlling",Harold R. Kerzner,"Kerzner, Harold R.",,"=""1118022270""","=""9781118022276""",0,3.94,John Wiley & Sons Inc,Hardcover,1264,2013,1979,,2023/02/03,"library, september, to-read","library (#31), september (#1), to-read (#128)",to-read,,,,1,0
42041926,The Scout Mindset: Why Some People See Things Clearly and Others Don't,Julia Galef,"Galef, Julia",,"=""0735217556""","=""9780735217553""",0,4.10,Portfolio,Hardcover,288,2021,2021,,2024/07/03,to-read,to-read (#127),to-read,,,,1,0
41707459,"(Isc) 2 Cissp Certified Information Systems Security Professional Official Study Guide, 8Th Edition [Paperback] Mike Chapple And James Michael Stewart",Mike Chapple And James Michael Stewart,"Stewart, Mike Chapple And James Michael",,"=""8126576022""","=""9788126576029""",0,4.38,Wiley India,Paperback,1104,2018,,,2024/07/02,to-read,to-read (#126),to-read,,,,1,0
391120,CompTIA A+ Certification All-in-One Exam Guide (A+ Certification All in One Exam),Mike Meyers,"Meyers, Mike",,"=""0072263113""","=""9780072263114""",0,4.03,McGraw-Hill Osborne Media,Hardcover,1171,2006,2006,,2024/07/02,to-read,to-read (#125),to-read,,,,1,0
91288912,The Zen of Climbing (In the Moment),Francis Sanzaro,"Sanzaro, Francis",,"=""1913393712""","=""9781913393717""",0,3.82,Saraband,Paperback,224,2023,,,2024/07/02,to-read,to-read (#124),to-read,,,,1,0
10284614,The Clean Coder: A Code of Conduct for Professional Programmers,Robert C. Martin,"Martin, Robert C.",,"=""0137081073""","=""9780137081073""",0,4.26,Pearson,Paperback,210,2011,2011,,2024/07/02,to-read,to-read (#123),to-read,,,,1,0
18725439,Linear Algebra: Step by Step,Kuldeep Singh,"Singh, Kuldeep",,"=""1299999271""","=""9781299999275""",0,4.36,"Oxford University Press, USA",ebook,617,2013,2013,,2022/11/01,"real, study, before-uni, august, to-read","real (#3), study (#8), before-uni (#1), august (#2), to-read (#122)",to-read,,,,1,0
51185328,"SQL & NoSQL Databases: Models, Languages, Consistency Options and Architectures for Big Data Management",Andreas Meier,"Meier, Andreas",Michael Kaufmann,"=""3658245492""","=""9783658245498""",0,3.33,Springer Vieweg,Kindle Edition,248,2019,,,2024/09/04,currently-reading,currently-reading (#20),currently-reading,,,,1,0
44144493,Fundamentals of Software Architecture: An Engineering Approach,Mark   Richards,"Richards, Mark",Neal Ford,"=""1492043451""","=""9781492043454""",0,4.26,O'Reilly Media,Paperback,419,2020,2020,,2024/09/04,to-read,to-read (#121),to-read,,,,0,0
58707451,"Git Pocket Guide: A Working Introduction by Richard E. Silverman, O'Reilly Media",Richard E. Silverman,"Silverman, Richard E.",,"=""""","=""""",0,3.94,O'Reilly Media,Unknown Binding,,,2013,,2024/09/04,to-read,to-read (#120),to-read,,,,0,0
58707861,Python Pocket Reference: Python In Your Pocket (Pocket Reference (O'Reilly)),Mark Lutz,"Lutz, Mark",,"=""""","=""""",0,4.03,O'Reilly Media,ebook,,,1998,,2024/09/04,to-read,to-read (#119),to-read,,,,0,0
61229990,"Cloud Native DevOps with Kubernetes: Building, Deploying, and Scaling Modern Applications in the Cloud",John Arundel,"Arundel, John",Justin Domingus,"=""1098116828""","=""9781098116828""",0,4.26,O'Reilly Media,Paperback,353,2022,,,2024/09/04,to-read,to-read (#118),to-read,,,,0,0
22512931,Building Microservices: Designing Fine-Grained Systems,Sam Newman,"Newman, Sam",,"=""1491950358""","=""9781491950357""",0,4.22,O'Reilly Media,Paperback,473,2015,2014,,2024/09/04,to-read,to-read (#116),to-read,,,,0,0
46019973,Founding Sales - The Startup Sales Handbook,Peter Kazanjy,"Kazanjy, Peter",,"=""""","=""""",5,4.39,,Paperback,400,,,2024/08/06,2024/07/16,,,read,"B2B sales book prime mover. This book introduced me more formally into the complicated B2B sales cycle, indeed lot can be done with this knowledge, I'll be putting it into use right away.",,,1,0
61218623,Fundamentals of Data Engineering: Plan and Build Robust Data Systems,Joe Reis,"Reis, Joe",Matt Housley,"=""1098108302""","=""9781098108304""",5,4.20,O'Reilly,Paperback,426,2022,2022,2024/08/06,2024/05/13,,,read,"Great overview of this field: A field that it important, but that can be simplified into lesser amount of tools to master due to constant change of the field. This in return warrants going back to the basics i.e. : Git, SQL databases, NoSQL databases, probability, statistics & from these getting grounding knowledge. Otherwise one is doomed to get their favourite tool: Snowflake, Azure Synapes, Google BigQuery replaced within one or two years... Also this approach opens up doors for other fields at the same time, thus increasing optionality for further topics not covered under the umbrella term: ""data engineer"", I for once would never want to exclusively master this field, only to know couple of tools that matter. A mastery of this field will not make many opportunities, but the ability to train yourself fast into the topic will give an endless opportunities. Thus a more grounded approach, where topics early mentioned is expedient. <br/><br/>A question for filtering out bad topics to learn: ""Is there a marketplace for this knowledge? Is there evolving systems for this knowledge?"" If it's a monopoly knowledge, then learn it, otherwise get ready to have your knowledge replaced by the next system. This monopoly knowledge gets good value, i.e. it stays put. SQL => 40 years old, Git => Industry Standard... Master these, everything else remains less salient for any uses. Azure Synapse => BAM gone in 2 years(maybe not as MS is a strong system builder that can compete against other system makers, thus retaining your knowledge across time in more high value setting)... ",,,1,0
160171,Just for Fun: The Story of an Accidental Revolutionary,Linus Torvalds,"Torvalds, Linus",David Diamond,"=""0066620732""","=""9780066620732""",0,3.97,Harper Business,Paperback,288,2002,2001,,2024/09/01,to-read,to-read (#115),to-read,,,,0,0
54479,Around the World in Eighty Days,Jules Verne,"Verne, Jules","Brian W. Aldiss, Michael Glencross","=""014044906X""","=""9780140449068""",4,3.95,Penguin Books ,Paperback,252,2004,1872,2021/05/28,2021/05/07,,,read,,,,1,0
13589153,How to Create a Mind: The Secret of Human Thought Revealed,Ray Kurzweil,"Kurzweil, Ray",,"=""0670025291""","=""9780670025299""",0,3.96,Viking,Hardcover,336,2012,2012,,2024/08/25,to-read,to-read (#114),to-read,,,,0,0
45280021,Clean Agile: Back to Basics,Robert C. Martin,"Martin, Robert C.",,"=""0135781868""","=""9780135781869""",0,4.25,Pearson,Paperback,240,2019,2019,,2024/08/25,to-read,to-read (#113),to-read,,,,0,0
13532201,Rob Rainford's Born to Grill: Over 100 Recipes from My Backyard to Yours: A Cookbook,Rob Rainford,"Rainford, Rob",,"=""0449015637""","=""9780449015636""",0,3.83,Appetite by Random House,Paperback,288,2012,2012,,2024/08/20,to-read,to-read (#112),to-read,,,,0,0
10454418,The Most Important Thing: Uncommon Sense for the Thoughtful Investor (Columbia Business School Publishing),Howard  Marks,"Marks, Howard",,"=""0231153686""","=""9780231153683""",0,4.33,Columbia Business School Publishing,Hardcover,200,2011,2011,,2024/08/20,to-read,to-read (#111),to-read,,,,0,0
22103881,The New One Minute Manager,Kenneth H. Blanchard,"Blanchard, Kenneth H.",Spencer Johnson,"=""0062367544""","=""9780062367549""",4,3.95,William Morrow,Hardcover,112,2015,1981,2021/05/19,2021/05/19,,,read,How to manage people for dummies.,,,1,0
325785,Capital: A Critique of Political Economy Volume 1,Karl Marx,"Marx, Karl",,"=""0140445684""","=""9780140445688""",3,4.09,Penguin Classics,Paperback,1152,1992,1867,2021/05/28,2021/05/23,,,read,,,,1,0
15730101,The Call of Cthulhu,H.P. Lovecraft,"Lovecraft, H.P.",,"=""""","=""""",5,4.02,"Amazon Digital Services, Inc.",Kindle Edition,43,2011,1928,2021/11/14,2021/11/14,,,read,,,,1,0
754713,"His Last Bow (Sherlock Holmes, #8)",Arthur Conan Doyle,"Doyle, Arthur Conan",Otto Penzler,"=""0755334434""","=""9780755334438""",5,4.24,Headline,Paperback,242,2006,1917,2023/01/07,2022/12/30,,,read,,,,1,0
3188964,The Doors of Perception,Aldous Huxley,"Huxley, Aldous",,"=""""","=""""",4,3.91,Chatto & Windus ,Hardcover,208,1954,1956,2021/11/14,2021/11/14,,,read,,,,1,0
60509251,Invention: A Life of Learning Through Failure,James Dyson,"Dyson, James",,"=""1982188456""","=""9781982188450""",5,3.94,Simon & Schuster,Paperback,368,2022,,2023/01/11,2023/01/01,,,read,Great stuff. Inventor of a great scale he was.,,,1,0
13337715,"A Dance with Dragons 1: Dreams and Dust (A Song of Ice and Fire, #5, Part 1 of 2)",George R.R. Martin,"Martin, George R.R.",,"=""""","=""""",5,4.34,HarperVoyager,Paperback,690,2012,2011,,2021/12/27,,,read,,,,1,0
78166,"The Age of Faith (The Story of Civilization, #4)",Will Durant,"Durant, Will",,"=""0965000753""","=""9780965000758""",5,4.38,Simon and Schuster,Hardcover,1196,1950,1950,2022/10/09,2021/11/29,,,read,After this series other books will seem like comics.,,,1,0
60554849,El camino del libertario,Javier Milei,"Milei, Javier",,"=""9504975399""","=""9789504975397""",0,3.57,Planeta,Kindle Edition,343,2022,,,2024/08/07,to-read,to-read (#110),to-read,,,,0,0
78165,"Rousseau and Revolution (The Story of Civilization, #10)",Will Durant,"Durant, Will",Ariel Durant,"=""1567310214""","=""9781567310214""",5,4.29,MJF Books,Hardcover,1092,1967,,2022/12/22,2022/11/06,,,read,,,,1,0
37109901,On Time On Target- Launch your life like a Titan II ICBM,Kirk Kuhn,"Kuhn, Kirk",Sue Pines,"=""""","=""""",5,5.00,,Kindle Edition,42,2017,,,2024/08/05,,,read,,,,1,0
61278539,Ejaculate Responsibly: A Whole New Way to Think About Abortion,Gabrielle Stanley Blair,"Blair, Gabrielle Stanley",,"=""1523523182""","=""9781523523184""",0,4.50,Workman Publishing Company,Paperback,137,2022,2022,,2024/08/04,to-read,to-read (#109),to-read,,,,0,0
50611580,Laws of UX: Using Psychology to Design Better Products & Services,Jon Yablonski,"Yablonski, Jon",,"=""149205531X""","=""9781492055310""",3,4.34,O'Reilly Media,Paperback,150,2020,,2024/07/27,2024/07/02,,,read,,,,1,0
11910905,The Charisma Myth: How Anyone Can Master the Art and Science of Personal Magnetism,Olivia Fox Cabane,"Cabane, Olivia Fox",,"=""1591844568""","=""9781591844563""",5,3.92,Portfolio,Hardcover,264,2012,2012,2024/07/27,2024/07/02,,,read,"Good to review and implement, all you need",,,1,0
61336,"Inside the Tornado: Strategies for Developing, Leveraging, and Surviving Hypergrowth Markets (Collins Business Essentials)",Geoffrey A. Moore,"Moore, Geoffrey A.",,"=""0060745819""","=""9780060745813""",5,3.98,Harper Business,Paperback,272,2005,1995,2024/07/27,2024/07/03,,,read,,,,1,0
53138083,"Working Backwards: Insights, Stories, and Secrets from Inside Amazon",Colin Bryar,"Bryar, Colin",Bill Carr,"=""1250267595""","=""9781250267597""",0,4.20,St. Martin's Press,Hardcover,304,2021,2021,,2024/07/22,to-read,to-read (#108),to-read,,,,0,0
90590134,"The Coming Wave: Technology, Power, and the Twenty-first Century's Greatest Dilemma",Mustafa Suleyman,"Suleyman, Mustafa",Michael Bhaskar,"=""0593593952""","=""9780593593950""",0,3.82,Crown,Hardcover,332,2023,2023,,2024/07/22,to-read,to-read (#107),to-read,,,,0,0
39429329,Architecting Microsoft Azure Solutions – Exam Guide 70-535: A complete guide to passing the 70-535 Architecting Microsoft Azure Solutions exam,Sjoukje Zaal,"Zaal, Sjoukje",,"=""""","=""""",0,4.22,Packt Publishing,Kindle Edition,420,2018,,,2024/07/08,currently-reading,currently-reading (#18),currently-reading,,,,1,0
53152220,Implementing Azure DevOps Solutions: Learn about Azure DevOps Services to successfully apply DevOps strategies,Henry Been,"Been, Henry",Maik van der Gaag,"=""""","=""""",0,4.08,,ebook,,2020,,,2024/07/08,currently-reading,currently-reading (#17),currently-reading,,,,1,0
388223,Robin Hood: The Prince of Thieves,Alexandre Dumas,"Dumas, Alexandre",,"=""3704313173""","=""9783704313171""",0,3.98,Neuer Kaiser,Hardcover,224,2001,1862,,2024/07/03,to-read,to-read (#106),to-read,,,,1,0
89184,"Absolution Gap (Revelation Space, #3)",Alastair Reynolds,"Reynolds, Alastair",,"=""0441012914""","=""9780441012916""",0,4.02,Ace Books,Paperback,756,2005,2003,,2024/07/03,to-read,to-read (#105),to-read,,,,1,0
893590,"Diamond Dogs, Turquoise Days",Alastair Reynolds,"Reynolds, Alastair",,"=""0575075163""","=""9780575075160""",0,4.00,Gollancz,Paperback,231,2003,2001,,2024/07/03,to-read,to-read (#104),to-read,,,,1,0
89190,"Redemption Ark (Revelation Space, #2)",Alastair Reynolds,"Reynolds, Alastair",Chris     Moore,"=""044101173X""","=""9780441011735""",0,4.16,Ace Books,Mass Market Paperback,694,2004,2002,,2024/07/03,to-read,to-read (#103),to-read,,,,1,0
89185,Chasm City,Alastair Reynolds,"Reynolds, Alastair",,"=""0441010644""","=""9780441010646""",0,4.13,Ace Books,Mass Market Paperback,694,2003,2001,,2024/07/03,to-read,to-read (#102),to-read,,,,1,0
89195,"The Prefect (Prefect Dreyfus Emergency, #1)",Alastair Reynolds,"Reynolds, Alastair",,"=""0575077166""","=""9780575077164""",0,4.17,Easton Press,Hardcover,410,2007,2007,,2024/07/03,to-read,to-read (#101),to-read,,,,1,0
89187,"Revelation Space (Revelation Space, #1)",Alastair Reynolds,"Reynolds, Alastair",,"=""0441009425""","=""9780441009428""",5,3.99,Ace Books,Mass Market Paperback,585,2002,2000,2021/11/23,2021/11/20,to-read,to-read (#100),to-read,One of my favorites for sure.,,,2,0
215099294,Aeronautical Management: Handbook for Aviation Management,Phil Gilberts,"Gilberts, Phil",,"=""""","=""9791223050118""",0,2.00,Freegulls Publishing House LLC,Kindle Edition,116,2024,,,2024/07/02,to-read,to-read (#99),to-read,,,,1,0
32347785,On the Nose: A Lifelong Obsession with Yosemite's Most Iconic Climb,Hans Florine,"Florine, Hans",Jayme Moye,"=""""","=""""",0,3.99,Falcon Guides,Kindle Edition,216,2016,,,2024/07/02,to-read,to-read (#98),to-read,,,,1,0
36531127,Alone on the Wall,Alex Honnold,"Honnold, Alex",David Roberts,"=""0393356140""","=""9780393356144""",0,3.89,W. W. Norton & Company,Paperback,336,2018,2015,,2024/07/02,to-read,to-read (#97),to-read,,,,1,0
45260,"The Naked God (Night's Dawn, #3)",Peter F. Hamilton,"Hamilton, Peter F.",,"=""0333725034""","=""9780333725030""",0,4.22,Macmillan,Paperback,1174,1999,1999,,2024/07/02,to-read,to-read (#96),to-read,,,,1,0
479561,"The Neutronium Alchemist (Night's Dawn, #2)",Peter F. Hamilton,"Hamilton, Peter F.",,"=""0330351435""","=""9780330351430""",0,4.26,Pan Books,Paperback,1273,1998,1997,,2024/07/02,to-read,to-read (#95),to-read,,,,1,0
45265,"Reality Dysfunction : Emergence and Expansion (Night's Dawn, #1)",Peter F. Hamilton,"Hamilton, Peter F.",,"=""1568655010""","=""9781568655017""",5,4.12,Guild America/Warner Books (SFBC),Hardcover,778,1996,1996,2022/09/19,2022/09/15,,,read,,,,2,0
77507,"Red Mars (Mars Trilogy, #1)",Kim Stanley Robinson,"Robinson, Kim Stanley",,"=""0553560735""","=""9780553560732""",5,3.86,Spectra Books,Mass Market Paperback,572,1993,1992,2024/07/05,2024/07/02,,,read,"Your standard scifi survival story, but with the Red planet. Reminds me of Dune with the religion of Hiroku, basically using some subset of people to manage to continue story when the main storyline collapses. ",,,1,0
174276,"Causality: Models, Reasoning, and Inference",Judea Pearl,"Pearl, Judea",,"=""0521773628""","=""9780521773621""",0,4.16,Cambridge University Press,Hardcover,400,2000,2000,,2022/12/25,"library, currently-reading","library (#18), currently-reading (#16)",currently-reading,,,,1,0
85009,Design Patterns: Elements of Reusable Object-Oriented Software,Erich Gamma,"Gamma, Erich","Grady Booch, Richard Helm, Ralph Johnson, John Vlissides","=""0201633612""","=""9780201633610""",0,4.19,Addison-Wesley Professional,Hardcover,416,1994,1994,,2022/12/13,"library, firstinline, september, currently-reading","library (#9), firstinline (#4), september (#8), currently-reading (#15)",currently-reading,,,,1,0
36204378,The Book of Why: The New Science of Cause and Effect,Judea Pearl,"Pearl, Judea",Dana Mackenzie,"=""046509760X""","=""9780465097609""",0,3.94,Basic Books,Hardcover,432,2018,2018,,2023/01/24,"library, currently-reading","library (#38), currently-reading (#13)",currently-reading,,,,1,0
27164550,Causal Inference in Statistics: A Primer,Judea Pearl,"Pearl, Judea",,"=""1119186862""","=""9781119186861""",0,4.10,Wiley,Kindle Edition,160,2016,2016,,2023/01/24,"library, currently-reading","library (#27), currently-reading (#11)",currently-reading,,,,1,0
6220915,How to Think Like a Mathematician: A Companion to Undergraduate Mathematics,Kevin Houston,"Houston, Kevin",,"=""052171978X""","=""9780521719780""",0,4.22,Cambridge University Press,Paperback,274,2009,2009,,2022/12/13,currently-reading,currently-reading (#10),currently-reading,,,,1,0
44647144,Database Internals: A deep-dive into how distributed data systems work,Alex Petrov,"Petrov, Alex",,"=""1492040347""","=""9781492040347""",0,4.25,O'Reilly Media,Paperback,376,2019,,,2024/07/02,currently-reading,currently-reading (#8),currently-reading,,,,1,0
23463279,Designing Data-Intensive Applications,Martin Kleppmann,"Kleppmann, Martin",,"=""""","=""""",0,4.70,O'Reilly,ebook,562,,2015,,2022/12/27,currently-reading,currently-reading (#7),currently-reading,,,,1,0
22800567,"Fluent Python: Clear, Concise, and Effective Programming",Luciano Ramalho,"Ramalho, Luciano",,"=""1491946008""","=""9781491946008""",0,4.62,O'Reilly Media,Paperback,790,2015,2015,,2022/11/01,"real, study, currently-reading","real (#2), study (#4), currently-reading (#6)",currently-reading,,,,1,0
58837518,Artificial Intelligence: A Modern Approach,Stuart Russell,"Russell, Stuart",Peter Norvig,"=""1292401133""","=""9781292401133""",0,4.20,Pearson,Paperback,1166,2021,1994,,2021/12/26,"uni-high-probability, real, study, september, currently-reading","uni-high-probability (#1), real (#1), study (#1), september (#5), currently-reading (#5)",currently-reading,,,,1,0
517233,Introduction To Probability,Dimitri P. Bertsekas,"Bertsekas, Dimitri P.",John N. Tsitsiklis,"=""188652940X""","=""9781886529403""",0,4.29,Athena Scientific,Hardcover,416,2002,2002,,2022/12/22,currently-reading,currently-reading (#4),currently-reading,,,,1,0
10803540,Algorithms,Robert Sedgewick,"Sedgewick, Robert",Kevin Wayne,"=""032157351X""","=""9780321573513""",0,4.42,Addison-Wesley Professional,Hardcover,976,2011,1983,,2022/12/10,"uni-high-probability, solutionschegg, to-read","uni-high-probability (#3), solutionschegg (#5), to-read (#94)",to-read,,,,1,0
253197,How to Win at College: Surprising Secrets for Success from the Country's Top Students,Cal Newport,"Newport, Cal",,"=""0767917871""","=""9780767917872""",5,3.98,Three Rivers Press,Paperback,193,2005,2005,2021/05/27,2021/01/19,"audio, before-uni, august, ccc","audio (#2), before-uni (#6), august (#1), ccc (#1)",read,,,,3,0
40792913,"Altered Carbon (Takeshi Kovacs, #1)",Richard K. Morgan,"Morgan, Richard K.",,"=""""","=""""",5,4.04,Del Rey,Kindle Edition,544,2018,2002,,2020/10/23,,,read,,,,2,0
43907405,Competing in the Age of AI: Strategy and Leadership When Algorithms and Networks Run the World,Marco Iansiti,"Iansiti, Marco",Karim R. Lakhani,"=""1633697630""","=""9781633697638""",5,3.84,Harvard Business Review Press,Kindle Edition,280,2020,2020,2024/05/28,2024/05/26,,,read,,,,1,0
44144499,Monolith to Microservices: Evolutionary Patterns to Transform Your Monolith,Sam Newman,"Newman, Sam",,"=""1492047848""","=""9781492047841""",5,4.28,O'Reilly Media,Paperback,255,2019,,2024/05/28,2024/05/27,,,read,,,,1,0
58153482,Software Architecture: The Hard Parts: Modern Trade-Off Analyses for Distributed Architectures,Neal Ford,"Ford, Neal","Mark Richards, Pramod J. Sadalage, Zhamak Dehghani","=""1492086894""","=""9781492086895""",5,4.26,O'Reilly Media,Paperback,459,2021,2021,2024/05/27,2024/05/13,,,read,,,,1,0
433439,Elements of Information Theory 2nd Edition (Wiley Series in Telecommunications and Signal Processing),Thomas M. Cover,"Cover, Thomas M.",Joy A. Thomas,"=""0471241954""","=""9780471241959""",0,4.20,Wiley-Interscience,Hardcover,784,2006,1991,,2024/05/19,to-read,to-read (#93),to-read,,,,0,0
6282858,India's Bismarck-Sardar Vallabhbhai Patel,Balraj Krishna,"Krishna, Balraj",,"=""8188569143""","=""9788188569144""",0,3.92,Indus Source Books,Paperback,305,2008,,,2024/05/18,to-read,to-read (#92),to-read,,,,0,0
42348376,Secrets of Sand Hill Road: Venture Capital and How to Get It,Scott Kupor,"Kupor, Scott",Eric Ries,"=""059308358X""","=""9780593083581""",0,4.23,Portfolio,Hardcover,320,2019,2019,,2024/05/13,to-read,to-read (#91),to-read,,,,0,0
32307358,"Origin (Robert Langdon, #5)",Dan    Brown,"Brown, Dan",,"=""""","=""""",5,3.90,Doubleday ,ebook,480,2017,2017,,2024/04/25,,,read,,,,0,0
226378,A Hero of Our Time,Mikhail Lermontov,"Lermontov, Mikhail",Paul Foote,"=""014044176X""","=""9780140441765""",5,4.11,Penguin Classics,Paperback,185,1966,1839,2024/04/14,2024/01/18,,,read,,,,1,0
280111,Holy Bible: New International Version,Anonymous,"Anonymous, Anonymous",,"=""0310902711""","=""9780310902713""",4,4.63,Zondervan Publishing,Hardcover,1213,1985,,,2021/11/14,,,read,,,,1,0
1923820,The Holy Bible: King James Version,Anonymous,"Anonymous, Anonymous",,"=""""","=""""",4,4.44,,Hardcover,1590,2008,1611,2021/05/11,2021/01/18,,,read,,,,1,0
25673,City of God,Augustine of Hippo,"Hippo, Augustine of",Henry Bettenson,"=""0140448942""","=""9780140448948""",3,3.94,Penguin Books Ltd,Paperback,1186,2003,426,2022/01/03,2022/01/02,,,read,,,,1,0
22929563,"The Watchmaker of Filigree Street (The Watchmaker of Filigree Street, #1)",Natasha Pulley,"Pulley, Natasha",,"=""1620408333""","=""9781620408339""",0,3.73,Bloomsbury USA,Hardcover,318,2015,2015,,2024/03/19,to-read,to-read (#90),to-read,,,,0,0
17125,One Day in the Life of Ivan Denisovich,Aleksandr Solzhenitsyn,"Solzhenitsyn, Aleksandr","Ronald Hingley, H.T. Willetts, Leopold Labedz, Max Hayward","=""""","=""""",5,3.98,"Farrar, Straus and Giroux",Paperback,182,2005,1962,2023/04/18,2023/04/15,,,read,,,,1,0
496585,The Divided Self: An Existential Study in Sanity and Madness,R.D. Laing,"Laing, R.D.",,"=""0140135375""","=""9780140135374""",0,4.11,Penguin,Paperback,218,1965,1960,,2024/02/07,to-read,to-read (#89),to-read,,,,0,0
56842,Fatherland,Robert   Harris,"Harris, Robert",,"=""0061006629""","=""9780061006623""",0,4.02,Harper Paperbacks,Paperback,380,1992,1992,,2024/01/14,to-read,to-read (#88),to-read,,,,0,0
9462,Plato: Complete Works,Plato,"Plato, Plato","John M. Cooper, D.S. Hutchinson, Jonathan Barnes, Andrew S. Becker, Karen Bell, Myles Burnyeat, Diskin Clay, J.M. Edmonds, Dorothea Frede, David Gallop, Mary Louise Gill, Francisco J. González, G.M.A. Grube, Jackson P. Hershbell, Brad Inwood, Mark Joyal, Benjamin Jowett, Anthony Kenny, M.J. Levett, Stanley Lombardo, Richard D. McKirahan Jr., Jeffrey Mitscherling, Glenn R. Morrow, Alexander Nehamas, C.D.C. Reeve, Mark Reuter, Christopher J. Rowe, Paul        Ryan, Malcolm Schofield, Nicholas D. Smith, Rosamond Kent Sprague, Nicholas P. White, Paul Woodruff, Donald J. Zeyl","=""0872203492""","=""9780872203495""",3,4.37,Hackett Publishing Co.,Hardcover,1848,1997,-347,2023/01/31,2023/01/06,,,read,"Finally. Out of the cave and into another one! Plato is important piece, but I don't agree with the idea of separate world of ideas. I guess it makes no sense, because it simply cannot be proven and today we have ""computers"", which can store ideas into logic circuits, so that it seems ideas exist in this reality. There simply cannot be another reality of ideas and if that exists, then idea of that idea reality exists inside that reality and thus it should not be possible to found it in this reality which is outside of reality of ideas(getting something wrong here in my argument it seems).  ",,"Read only Apology, Crito, Phaedrus, Meno(again), Euthyphro, Theaetetus, The Laws of Plato & Timaeus.",1,0
18872437,The Millionaire Fastlane: Crack the Code to Wealth and Live Rich for a Lifetime!,M.J. DeMarco,"DeMarco, M.J.",,"=""0984358102""","=""9780984358106""",3,4.30,Viperion Publishing Corp,Paperback,322,2011,2010,2023/07/25,2023/04/14,,,read,,,,1,0
55738971,Optionality: How to Survive and Thrive in a Volatile World,Richard  Meadows,"Meadows, Richard",,"=""""","=""""",5,4.28,Thales Press,Paperback,440,2020,,2023/07/26,2023/01/10,,,read,,,,1,0
195009360,Motivational Lessons from the Terminator,Bruis Cabilio,"Cabilio, Bruis",Vasile Poenaru,"=""""","=""9798853588424""",0,4.88,Independently published,Paperback,477,2023,,,2024/01/12,to-read,to-read (#87),to-read,,,,0,0
36142672,Alex,Alexander Stubb,"Stubb, Alexander",Karo Hämäläinen,"=""9511313932""","=""9789511313939""",5,3.69,Kustannusosakeyhtiö Otava,Hardcover,312,2017,2017,,2021/01/27,,,read,,,,1,0
26891268,Crippled America: How to Make America Great Again,Donald J. Trump,"Trump, Donald J.",,"=""1501137964""","=""9781501137969""",2,3.47,Threshold Editions,Hardcover,193,2015,2015,2023/01/01,2023/03/16,,,read,,,,1,0
4099,The Pragmatic Programmer: From Journeyman to Master,Andy   Hunt,"Hunt, Andy","Dave         Thomas, Ward Cunningham","=""020161622X""","=""9780201616224""",5,4.33,Addison-Wesley Professional,Paperback,321,1999,1999,2023/12/29,2023/12/22,,,read,,,,1,0
83518,The Singularity is Near: When Humans Transcend Biology,Ray Kurzweil,"Kurzweil, Ray",,"=""0143037889""","=""9780143037880""",5,3.93,Penguin ,Paperback,652,2006,2005,2023/12/23,2023/12/22,,,read,,,,1,0
6493321,Logicomix: An Epic Search for Truth,Apostolos Doxiadis,"Doxiadis, Apostolos","Christos H. Papadimitriou, Χρίστος Χ. Παπαδημητρίου, Alecos Papadatos, Annie Di Donna, Αλέκος Παπαδάτος","=""1596914521""","=""9781596914520""",0,4.06,Bloomsbury (NYC),Paperback,347,2009,2009,,2023/12/21,to-read,to-read (#86),to-read,,,,0,0
22847284,Grokking Algorithms An Illustrated Guide For Programmers and Other Curious People,Aditya Y. Bhargava,"Bhargava, Aditya Y.",,"=""1617292230""","=""9781617292231""",0,4.42,Manning Publications Co,Paperback,256,2015,2015,,2022/12/21,"uni-high-probability, to-read","uni-high-probability (#4), to-read (#85)",to-read,,,,0,0
34927404,Effective Java,Joshua Bloch,"Bloch, Joshua",,"=""0134685997""","=""9780134685991""",0,4.51,Addison-Wesley Professional,Paperback,412,2017,2001,,2023/06/14,"before-uni, july, to-read","before-uni (#4), july (#3), to-read (#84)",to-read,,,,0,0
818077,Thomas' Calculus,George B. Thomas Jr.,"Jr., George B. Thomas",Maurice D. Weir,"=""0321185587""","=""9780321185587""",0,4.04,Addison-Wesley,Hardcover,1228,2004,1952,,2023/06/14,"uni-high-probability, november, to-read","uni-high-probability (#9), november (#1), to-read (#83)",to-read,,,,0,0
328645,Calculus,Michael Spivak,"Spivak, Michael",,"=""0914098896""","=""9780914098898""",0,4.52,PUBLISH OR PERISH,Hardcover,670,1994,1967,,2023/06/17,to-read,to-read (#82),to-read,,,,0,0
478566,Discrete Mathematics with Applications,Susanna S. Epp,"Epp, Susanna S.",,"=""0534359450""","=""9780534359454""",0,4.02,Brooks Cole,Hardcover,928,2003,1990,,2023/06/17,"uni-high-probability, september, to-read","uni-high-probability (#10), september (#7), to-read (#81)",to-read,,,,0,0
24926809,Pro Git,Scott Chacon,"Chacon, Scott",,"=""""","=""""",0,4.18,Apress,ebook,574,2014,2009,,2023/06/20,to-read,to-read (#80),to-read,,,,0,0
40001938,Java: A Beginner's Guide,Herbert Schildt,"Schildt, Herbert",,"=""1260440214""","=""9781260440218""",4,3.96,McGraw Hill,Paperback,720,2018,2005,2023/12/20,2023/05/26,,,read,,,,1,0
170016,Cognitive Neuroscience: The Biology of the Mind,Michael S. Gazzaniga,"Gazzaniga, Michael S.","Richard B. Ivry, G.R. Mangun","=""0393977773""","=""9780393977776""",0,4.12,W W Norton & Co Inc,Hardcover,680,2002,1998,,2022/12/27,"uni-high-probability, to-read","uni-high-probability (#8), to-read (#79)",to-read,,,,0,0
525169,Biological Psychology,James W. Kalat,"Kalat, James W.",,"=""0534588166""","=""9780534588168""",0,4.04,Wadsworth Publishing,Hardcover,608,2003,1981,,2023/05/26,"uni-high-probability, to-read","uni-high-probability (#11), to-read (#78)",to-read,,,,0,0
1127139,Cognitive Psychology,Robert J. Sternberg,"Sternberg, Robert J.",,"=""0534514219""","=""9780534514211""",0,3.89,Cengage Learning,Hardcover,624,2005,,,2023/05/26,"uni-high-probability, to-read","uni-high-probability (#12), to-read (#77)",to-read,,,,0,0
43590393,The Hundred-Page Machine Learning Book,Andriy Burkov,"Burkov, Andriy",,"=""199957950X""","=""9781999579500""",0,4.25,Andriy Burkov,Paperback,160,2019,,,2023/06/19,to-read,to-read (#76),to-read,,,,0,0
50040746,Mathematics for Machine Learning,Marc Peter Deisenroth,"Deisenroth, Marc Peter","A. Aldo Faisal, Cheng Soon Ong","=""110845514X""","=""9781108455145""",0,4.34,Cambridge University Press,Paperback,398,2020,,,2022/01/18,"real, august, to-read","real (#9), august (#3), to-read (#75)",to-read,,,,0,0
739735,How to Prove It: A Structured Approach,Daniel J. Velleman,"Velleman, Daniel J.",,"=""0521675995""","=""9780521675994""",0,4.29,Cambridge University Press,Paperback,384,2006,1994,,2022/09/22,"solutionschegg, real, before-uni, july, to-read","solutionschegg (#6), real (#8), before-uni (#3), july (#2), to-read (#74)",to-read,,,,0,0
9909692,A Concise Introduction to Logic (with Stand Alone Rules and Argument Forms Card) (Available Titles Aplia),Patrick J. Hurley,"Hurley, Patrick J.",,"=""0840034172""","=""9780840034175""",0,3.84,Wadsworth Publishing,Paperback,736,2011,1972,,2023/06/13,"september, to-read","september (#6), to-read (#73)",to-read,,,,0,0
59717682,George Washington,Rod Espinosa,"Espinosa, Rod",,"=""1617875716""","=""9781617875717""",3,2.50,Graphic Planet,ebook,,2007,2007,2022/02/28,2022/02/28,,,read,,,,1,0
18276352,But How Do It Know? The Basic Principles of Computers for Everyone,J. Clark Scott,"Scott, J. Clark",,"=""0615303765""","=""9780615303765""",0,4.47,John C. Scott,Paperback,221,2009,2009,,2023/10/09,to-read,to-read (#72),to-read,,,,0,0
6452731,Justice: What's the Right Thing to Do?,Michael J. Sandel,"Sandel, Michael J.",,"=""0374180652""","=""9780374180652""",4,4.30,"Farrar, Straus and Giroux",Hardcover,308,2009,2007,2021/12/24,2021/12/24,,,read,,,,1,0
1081637,The Road Ahead,Bill  Gates,"Gates, Bill","Nathan Myhrvold, Peter Rinearson","=""0670772895""","=""9780670772896""",5,3.74,Viking Pr,Hardcover,286,1995,1995,2023/02/02,2023/01/24,,,read,,,,1,0
1005,Think and Grow Rich,Napoleon Hill,"Hill, Napoleon",Arthur R. Pell,"=""1585424331""","=""9781585424337""",5,4.17,Tarcher,Paperback,320,2007,1937,2023/04/12,2021/12/01,,,read,,,,1,0
338798,Ulysses,James Joyce,"Joyce, James","Morris L. Ernst, John M. Woolsey","=""""","=""""",1,3.77,Vintage,Paperback,783,1990,1922,2021/12/19,2021/12/17,,,read,,,,1,0
18373,Flowers for Algernon,Daniel Keyes,"Keyes, Daniel",,"=""015603008X""","=""9780156030083""",5,4.23,Harvest Books,Paperback,311,2004,1966,2021/08/10,2023/08/23,,,read,A sad story of mouse related to a man with fading memory. This one totally stunned me out.<br/><br/>Merged review:<br/><br/>A sad story of mouse related to a man with fading memory. This one totally stunned me out.,,,2,0
318356,The Costs of Accidents: A Legal and Economic Analysis,Guido Calabresi,"Calabresi, Guido",,"=""0300011156""","=""9780300011159""",0,4.00,Yale University Press,Paperback,350,1970,1970,,2023/09/02,to-read,to-read (#71),to-read,,,,0,0
149033,"Exit, Voice, and Loyalty: Responses to Decline in Firms, Organizations, and States",Albert O. Hirschman,"Hirschman, Albert O.",,"=""0674276604""","=""9780674276604""",0,4.11,Harvard University Press,Paperback,176,1970,1970,,2023/09/02,to-read,to-read (#70),to-read,,,,0,0
7465939,The Quest for Artificial Intelligence,Nils J. Nilsson,"Nilsson, Nils J.",,"=""0521122937""","=""9780521122931""",0,4.29,Cambridge University Press,Paperback,580,2009,2009,,2023/08/31,to-read,to-read (#69),to-read,,,,0,0
1155,Buffett: The Making of an American Capitalist,Roger Lowenstein,"Lowenstein, Roger",,"=""0385484917""","=""9780385484916""",5,4.19,Broadway Books / Random House,Paperback,475,2001,1995,2023/08/24,2023/08/20,,,read,,,,1,0
81922,Rich Dad's Cashflow Quadrant: Rich Dad's Guide to Financial Freedom,Robert T. Kiyosaki,"Kiyosaki, Robert T.",Sharon L. Lechter,"=""0446677477""","=""9780446677479""",5,4.16,Business Plus,Paperback,376,2012,2000,2023/08/19,2023/08/19,,,read,,,,1,0
2272527,Rich Dad's Increase Your Financial IQ: Getting Smarter with Your Money,Robert T. Kiyosaki,"Kiyosaki, Robert T.",,"=""0446509361""","=""9780446509367""",5,4.07,Business Plus,Paperback,197,2008,,2023/08/19,2023/08/19,,,read,,,,1,0
132709,"Rich Dad's Retire Young, Retire Rich: How to Get Rich Quickly and Stay Rich Forever!",Robert T. Kiyosaki,"Kiyosaki, Robert T.",,"=""075153420X""","=""9780751534207""",5,4.09,Time Warner,Paperback,383,2002,,2023/08/19,2023/08/19,,,read,,,,1,0
142108,Rich Dad's Guide to Investing: What the Rich Invest in That the Poor and Middle Class Do Not!,Robert T. Kiyosaki,"Kiyosaki, Robert T.",Sharon L. Lechter,"=""0446677469""","=""9780446677462""",5,4.02,Time Warner Books,Paperback,403,2000,2000,2023/08/19,2023/08/19,,,read,,,,1,0
31093,"Lila: An Inquiry Into Morals (Phaedrus, #2)",Robert M. Pirsig,"Pirsig, Robert M.",,"=""0553299611""","=""9780553299618""",0,3.84,Bantam,Mass Market Paperback,480,1992,1991,,2023/08/18,to-read,to-read (#68),to-read,,,,0,0
88389,The Discovery of Heaven,Harry Mulisch,"Mulisch, Harry",Paul Vincent,"=""""","=""""",0,4.17,Penguin Books,Paperback,730,1998,1992,,2023/08/11,to-read,to-read (#67),to-read,,,,0,0
36586245,Iran: A Modern History,Abbas Amanat,"Amanat, Abbas",,"=""0300231466""","=""9780300231465""",4,4.23,Yale University Press,Kindle Edition,1028,2017,2017,2023/07/31,2023/07/31,,,read,,,,1,0
147358,Statistics,David Freedman,"Freedman, David","Robert Pisani, Roger Purves","=""0393929728""","=""9780393929720""",0,3.91,W. W. Norton & Company,Hardcover,720,2007,1978,,2023/05/26,to-read,to-read (#66),to-read,,,,0,0
9523809,livro start your own business jere l calmes Ed. 2010,Jere L. Calmes,"Calmes, Jere L.",,"=""1599183870""","=""9781599183879""",0,3.92,FisicalBook,Paperback,780,2010,2010,,2023/04/17,"study, to-read","study (#5), to-read (#65)",to-read,,,,0,0
739803,"Causation, Prediction, and Search (Adaptive Computation and Machine Learning)",Peter Spirtes,"Spirtes, Peter","Clark Glymour, Richard Scheines","=""0262194406""","=""9780262194402""",0,3.84,Bradford Books,Hardcover,543,2001,1993,,2022/12/27,"library, to-read","library (#19), to-read (#64)",to-read,,,,0,0
4845,Code Complete: A Practical Handbook of Software Construction,Steve McConnell,"McConnell, Steve",,"=""0735619670""","=""9780735619678""",0,4.30,Microsoft Press,Paperback,914,2004,1993,,2023/02/01,"study, library, to-read","study (#3), library (#37), to-read (#63)",to-read,,,,0,0
85907,Marketing Management,Philip Kotler,"Kotler, Philip",Kevin Lane Keller,"=""0131457578""","=""9780131457577""",0,4.06,Pearson College Div,Hardcover,729,2006,1967,,2023/01/11,"library, to-read","library (#22), to-read (#62)",to-read,,,,0,0
18197267,"Don't Make Me Think, Revisited: A Common Sense Approach to Web Usability (Voices That Matter)",Steve Krug,"Krug, Steve",,"=""0321965515""","=""9780321965516""",0,4.24,New Riders,Paperback,216,2013,2000,,2023/06/20,to-read,to-read (#23),to-read,,,,0,0
67891,The Undiscovered Self,C.G. Jung,"Jung, C.G.",R.F.C. Hull,"=""0451217322""","=""9780451217325""",5,4.14,Signet,Paperback,112,2006,1961,2023/07/11,2023/06/20,,,read,,,,1,0
3008,A Little Princess,Frances Hodgson Burnett,"Burnett, Frances Hodgson",U.C. Knoepflmacher,"=""0142437018""","=""9780142437018""",3,4.23,Penguin Books,Paperback,242,2002,1905,2023/06/26,2023/06/19,,,read,,,,1,0
31133647,Self-Tracking,Gina Neff,"Neff, Gina",,"=""""","=""""",4,3.29,The MIT Press,Kindle Edition,248,2016,2016,2023/07/07,2023/06/26,,,read,,,,1,0
231262,Head First Java,Kathy Sierra,"Sierra, Kathy",Bert Bates,"=""0596009208""","=""9780596009205""",0,4.24,O'Reilly Media,Paperback,688,2005,2006,,2023/07/30,"to-read, before-uni","to-read (#61), before-uni (#7)",to-read,,,,0,0
7480479,Data Mining: Practical Machine Learning Tools and Techniques (The Morgan Kaufmann Series in Data Management Systems),Ian H. Witten,"Witten, Ian H.","Eibe Frank, Mark A. Hall","=""0123748569""","=""9780123748560""",0,3.90,Morgan Kaufmann,Paperback,664,2011,1999,,2023/07/30,to-read,to-read (#60),to-read,,,,0,0
58064718,Neurolinguistics (The MIT Press Essential Knowledge series),Giosuè Baggio,"Baggio, Giosuè",,"=""0262543265""","=""9780262543262""",3,3.84,The MIT Press,Paperback,224,2022,,2023/07/30,2023/06/26,,,read,,,,1,0
55893927,Deconstruction (The MIT Press Essential Knowledge series),David J. Gunkel,"Gunkel, David J.",,"=""0262542471""","=""9780262542470""",2,3.78,The MIT Press,Paperback,200,2021,,2023/07/30,2023/06/26,,,read,,,,1,0
51456679,Phenomenology (The MIT Press Essential Knowledge series),Chad Engelland,"Engelland, Chad",,"=""0262539314""","=""9780262539319""",3,3.59,The MIT Press,Paperback,264,2020,,2023/07/30,2023/06/26,,,read,,,,1,0
57993485,Supernova (The MIT Press Essential Knowledge series),Or Graur,"Graur, Or",,"=""0262543141""","=""9780262543149""",3,4.00,The MIT Press,Paperback,240,2022,,2023/07/29,2023/06/26,,,read,,,,1,0
464685,Tarnsman of Gor (Gor #1),John  Norman,"Norman, John",,"=""0809556154""","=""9780809556151""",2,3.44,Wildside Press,Paperback,196,2006,1967,2023/07/29,2023/06/28,"6x_training, fiction","6x_training (#1), fiction (#2)",read,,,,1,0
33290408,"God Bless You, Mr. Rosewater",Kurt Vonnegut Jr.,"Jr., Kurt Vonnegut",,"=""""","=""""",1,3.97,RosettaBooks,Kindle Edition,290,2011,1965,2023/07/29,2023/06/26,,,read,,,,1,0
9597,Player Piano,Kurt Vonnegut Jr.,"Jr., Kurt Vonnegut",,"=""0385333781""","=""9780385333788""",1,3.90,Dial Press,Paperback,341,2006,1952,2023/07/29,2023/06/26,,,read,,,,1,0
13725442,Aristophanes: Clouds (Cambridge Translations from Greek Drama),John Claughton,"Claughton, John",Judith Affleck,"=""052117256X""","=""9780521172561""",4,3.61,Cambridge University Press,Paperback,138,2012,2012,2023/07/29,2023/07/11,fiction,fiction (#1),read,,,,1,0
19691,"The Hunt for Red October (Jack Ryan, #3)",Tom Clancy,"Clancy, Tom",,"=""0425172902""","=""9780425172902""",4,4.12,Berkley Trade,Mass Market Paperback,432,1999,1984,2023/07/29,2023/06/20,,,read,,,,1,0
32682,"Patriot Games (Jack Ryan, #1)",Tom Clancy,"Clancy, Tom",,"=""0425134350""","=""9780425134351""",3,4.16,Berkley,Mass Market Paperback,794,1992,1987,2023/07/29,2023/07/07,,,read,,,,1,0
32669,"Clear and Present Danger (Jack Ryan, #5; Jack Ryan Universe, #6)",Tom Clancy,"Clancy, Tom",,"=""0425144372""","=""9780425144374""",3,4.14,Berkley Books,Mass Market Paperback,688,1994,1989,2023/07/29,2023/07/07,,,read,,,,1,0
33361549,"Paint It All Red (Mindf*ck, #5)",S.T. Abby,"Abby, S.T.",,"=""""","=""""",3,4.55,,Kindle Edition,177,2016,2016,2023/07/29,2023/06/27,,,read,,,,1,0
40961230,The Travelling Cat Chronicles,Hiro Arikawa,"Arikawa, Hiro",Philip Gabriel,"=""0735235244""","=""9780735235243""",1,4.33,Viking,Kindle Edition,281,2018,2012,2023/07/29,2023/07/20,fiction,fiction (#3),read,,,,1,0
4985,Welcome to the Monkey House,Kurt Vonnegut Jr.,"Jr., Kurt Vonnegut",,"=""0385333501""","=""9780385333504""",3,4.13,Dial Press Trade Paperbacks,Paperback,331,2013,1968,2023/07/29,2023/06/26,,,read,,,,1,0
21412226,"The Like Switch: An Ex-FBI Agent's Guide to Influencing, Attracting, and Winning People Over (The Like Switch Series)",Jack Schafer,"Schafer, Jack",Marvin Karlins,"=""1476754489""","=""9781476754482""",5,3.89,Atria Books,Paperback,288,2015,2015,2023/07/24,2023/02/04,,,read,I need to apply these tips. They're great.,,,1,0
99951,Objectivism: The Philosophy of Ayn Rand,Leonard Peikoff,"Peikoff, Leonard",,"=""0452011019""","=""9780452011014""",5,3.76,Plume,Paperback,493,1993,1991,2022/10/25,2021/11/29,"real, study, before-uni, july","real (#4), study (#10), before-uni (#2), july (#1)",read,,,,3,0
40796176,Infinite Powers: How Calculus Reveals the Secrets of the Universe,Steven H. Strogatz,"Strogatz, Steven H.",,"=""1328879984""","=""9781328879981""",5,4.29,Mariner Books,Hardcover,360,2019,2019,2023/02/15,2022/12/13,,,read,,,I believe this book gives really good motivations for mastering calculus & differential equations fully. I will do this.,1,0
980031,Democracy: The God That Failed,Hans-Hermann Hoppe,"Hoppe, Hans-Hermann",,"=""0765808684""","=""9780765808684""",5,4.15,Routledge,Paperback,304,2001,2001,2023/07/28,2023/04/19,,,read,"Quite interesting, might return later onto. ",,,1,0
33304878,"Scarlet Angel (Mindf*ck, #3)",S.T. Abby,"Abby, S.T.",,"=""""","=""""",4,4.39,,Kindle Edition,139,2016,2016,2023/07/01,2023/06/27,"small, read-before-uni","small (#7), read-before-uni (#14)",read,,,,1,0
33131867,"The Risk (Mindf*ck, #1)",S.T. Abby,"Abby, S.T.",,"=""""","=""""",4,4.26,S.T. Abby,ebook,132,2016,2016,2023/06/30,2023/06/27,"small, read-before-uni","small (#6), read-before-uni (#13)",read,,,,1,0
33271162,"Sidetracked (Mindf*ck, #2)",S.T. Abby,"Abby, S.T.",,"=""""","=""""",4,4.36,S.T. Abby,Kindle Edition,115,2016,2016,2023/06/30,2023/06/27,"small, read-before-uni","small (#4), read-before-uni (#12)",read,,,,1,0
8380021,On Sophistical Refutations,Aristotle,"Aristotle, Aristotle",,"=""1419138596""","=""9781419138591""",5,3.76,Kessinger Publishing,Paperback,56,2004,-347,2023/07/03,2023/05/17,"study, small, read-before-uni","study (#12), small (#1), read-before-uni (#11)",read,Study of fallacies.,,,1,0
2324975,The Categories,Aristotle,"Aristotle, Aristotle",,"=""1419156195""","=""9781419156199""",5,3.88,Kessinger Publishing,Paperback,48,2004,-350,2023/07/01,2023/05/17,"study, small, read-before-uni","study (#11), small (#2), read-before-uni (#10)",read,This is absolute reread. Aristotle is genius. These ideas are fundamental and thus much more powerful than some other ideas.,,,1,0
11780231,On Interpretation,Aristotle,"Aristotle, Aristotle",,"=""1419138456""","=""9781419138454""",5,3.72,Kessinger Publishing,Paperback,48,2004,-347,2023/07/02,2023/05/17,"study, small, read-before-uni","study (#18), small (#3), read-before-uni (#9)",read,,,,1,0
26017445,The Technological Singularity,Murray Shanahan,"Shanahan, Murray",,"=""0262527804""","=""9780262527804""",3,3.82,The MIT Press,Paperback,272,2015,2015,,2023/05/17,,,read,,,,2,0
33361546,"All the Lies (Mindf*ck, #4)",S.T. Abby,"Abby, S.T.",,"=""""","=""""",4,4.51,,Kindle Edition,141,2016,2016,2023/07/02,2023/06/27,"small, read-before-uni","small (#8), read-before-uni (#8)",read,,,,1,0
99944,The Bhagavad Gita,Krishna-Dwaipayana Vyasa,"Vyasa, Krishna-Dwaipayana","Juan Mascaró, Simon Brodbeck","=""0140449183""","=""9780140449181""",1,4.19,Penguin,Paperback,160,2003,-400,2023/07/09,2023/06/11,,,read,,,,1,0
21977917,Understanding Beliefs (The MIT Press Essential Knowledge series),Nils J. Nilsson,"Nilsson, Nils J.",,"=""0262526433""","=""9780262526432""",3,3.67,The MIT Press,Paperback,168,2014,2014,2023/07/06,2023/06/26,,,read,,,,1,0
52076947,Irreversible Damage: The Transgender Craze Seducing Our Daughters,Abigail Shrier,"Shrier, Abigail",,"=""1684510317""","=""9781684510313""",3,4.15,Regnery Publishing,Hardcover,276,2020,2020,2023/07/01,2023/05/17,,,read,,,,1,0
18630,"The Player of Games (Culture, #2)",Iain M. Banks,"Banks, Iain M.",,"=""0061053562""","=""9780061053566""",5,4.28,HarperCollins,Paperback,293,1997,1988,2023/07/09,2023/05/01,,,read,Thought provoking and a great story. Plot is complex. Redeemed my experience of Culture series. ,,,1,0
2564304,Prior Analytics,Aristotle,"Aristotle, Aristotle",Robin Smith,"=""0872200647""","=""9780872200647""",5,3.71,"Hackett Publishing Company, Inc.",Paperback,296,1989,-350,2023/07/02,2023/05/17,"study, read-before-uni","study (#20), read-before-uni (#7)",read,,,,1,0
1090814,Posterior Analytics (Clarendon Aristotle Series),Aristotle,"Aristotle, Aristotle",Jonathan Barnes,"=""0198240899""","=""9780198240891""",5,3.82,Clarendon Press,Paperback,328,1994,-347,2023/07/02,2023/05/17,"study, read-before-uni","study (#19), read-before-uni (#6)",read,,,,1,0
36722688,The Book,Amaranth Borsuk,"Borsuk, Amaranth",,"=""0262535416""","=""9780262535410""",3,3.85,The MIT Press,Paperback,344,2018,2018,2023/07/10,2023/06/26,,,read,,,,1,0
208036,Metaphysics,Aristotle,"Aristotle, Aristotle","Joe Sachs, Michael Levine","=""1888009039""","=""9781888009033""",5,4.07,Green Lion Press,Paperback,365,1999,-330,2023/07/04,2023/05/17,"study, read-before-uni","study (#14), read-before-uni (#5)",read,Aristotle is fundamental writer of mankind.,,,1,0
19083,Politics,Aristotle,"Aristotle, Aristotle",Benjamin Jowett,"=""0486414248""","=""9780486414249""",5,3.98,Dover Publications,Paperback,368,2000,-350,2023/07/04,2023/05/17,"study, read-before-uni","study (#15), read-before-uni (#4)",read,,,,1,0
60321447,Chip War: The Fight for the World's Most Critical Technology,Chris   Miller,"Miller, Chris",,"=""1982172002""","=""9781982172008""",4,4.41,Scribner,Hardcover,431,2022,2022,2023/07/09,2023/06/20,,,read,,,,1,0
25131230,Rationality: From AI to Zombies,Eliezer Yudkowsky,"Yudkowsky, Eliezer",,"=""1939311152""","=""9781939311153""",4,4.32,Machine Intelligence Research Institute,Kindle Edition,1813,2015,2015,2023/07/24,2023/06/11,,,read,,,,1,0
10016013,Harry Potter and the Methods of Rationality,Eliezer Yudkowsky,"Yudkowsky, Eliezer",,"=""""","=""""",5,4.39,hpmor.com & fanfiction.net,ebook,2184,2015,2015,2023/06/30,2023/06/11,,,read,This book speaks to me. It's better than the original for me because it has a lot more interesting intellectual debates hidden within it. I will be rereading this at some point due to my study of AI subject and rationality as whole. Might go as far as call this an inspirational masterpiece. Much of this is rationally emotionally tied to Harry Potter characters sentimentality. But you can be rational about sentimentality if one can figure out it exists and eliminate it's bias.,,,1,0
14851226,Waves (The MIT Press Essential Knowledge series),Fredric Raichlen,"Raichlen, Fredric",,"=""0262518236""","=""9780262518239""",1,3.51,MIT Press,Paperback,250,2012,2012,2023/07/12,2023/06/26,,,read,,,,1,0
52792929,Collaborative Society,Dariusz Jemielniak,"Jemielniak, Dariusz",Aleksandra Przegalińska,"=""0262537915""","=""9780262537919""",1,3.54,MIT Press,Paperback,256,2020,2020,2023/07/12,2023/06/26,,,read,,,,1,0
794501,De Anima (On the Soul),Aristotle,"Aristotle, Aristotle",Hugh Lawson-Tancred,"=""0140444718""","=""9780140444711""",5,4.03,Penguin Books ,Paperback,254,2004,-350,2023/07/04,2023/05/17,"study, read-before-uni","study (#16), read-before-uni (#3)",read,Aristotle's my man.,,,1,0
676046,The Sciences of the Artificial,Herbert A. Simon,"Simon, Herbert A.",,"=""0262691914""","=""9780262691918""",5,4.30,MIT Press,Paperback,248,1996,1969,2023/07/16,2022/12/08,,,read,,,,1,0
28258799,Sustainability,Kent E. Portney,"Portney, Kent E.",,"=""""","=""""",3,3.44,The MIT Press,Kindle Edition,248,2015,2015,2023/07/07,2023/06/26,,,read,,,,1,0
2300786,Topics,Aristotle,"Aristotle, Aristotle",,"=""1595479724""","=""9781595479723""",5,3.65,"NuVision Publications, LLC",Paperback,232,2005,-350,2023/07/03,2023/05/17,"study, read-before-uni","study (#13), read-before-uni (#2)",read,,,,1,0
23461464,The Internet of Things (The MIT Press Essential Knowledge series),Samuel Greengard,"Greengard, Samuel",,"=""0262527731""","=""9780262527736""",3,3.23,The MIT Press,Paperback,230,2015,2015,2023/07/06,2023/06/26,,,read,,,,1,0
39644250,GPS (The MIT Press Essential Knowledge series),Paul E. Ceruzzi,"Ceruzzi, Paul E.",,"=""0262535955""","=""9780262535953""",3,3.73,The MIT Press,Paperback,232,2018,,2023/07/06,2023/06/26,,,read,,,,1,0
42179006,Food (The MIT Press Essential Knowledge series),Fabio Parasecoli,"Parasecoli, Fabio",,"=""0262537311""","=""9780262537315""",2,3.57,The MIT Press,Paperback,228,2019,,2023/07/09,2023/06/26,,,read,,,,1,0
61539,The Structure of Scientific Revolutions,Thomas S. Kuhn,"Kuhn, Thomas S.",,"=""0226458083""","=""9780226458083""",5,4.03,University of Chicago Press,Paperback,226,1996,1962,2023/07/12,2023/06/19,,,read,,,,1,0
44512604,Nihilism (The MIT Press Essential Knowledge series),Nolen Gertz,"Gertz, Nolen",,"=""0262537176""","=""9780262537179""",1,3.80,The MIT Press,Paperback,224,2019,2019,2023/07/06,2023/06/26,,,read,,,,1,0
39644243,Extremism (The MIT Press Essential Knowledge series),J.M. Berger,"Berger, J.M.",,"=""0262535874""","=""9780262535878""",3,3.84,The MIT Press,Paperback,214,2018,,2023/07/09,2023/06/26,,,read,,,,1,0
10798520,The Eudemian Ethics,Aristotle,"Aristotle, Aristotle",Anthony Kenny,"=""0199586438""","=""9780199586431""",5,3.98,Oxford University Press,Paperback,195,2011,-322,2023/07/04,2023/05/17,"study, read-before-uni","study (#17), read-before-uni (#1)",read,,,,1,0
136205,The Millionaire Real Estate Investor,Gary Keller,"Keller, Gary",,"=""0071446370""","=""9780071446372""",5,4.25,McGraw Hill,Kindle Edition,368,2005,2005,2023/07/26,2023/06/26,,,read,,,,1,0
43565360,Artificial Intelligence: A Guide for Thinking Humans,Melanie  Mitchell,"Mitchell, Melanie",,"=""0374257833""","=""9780374257835""",3,4.35,"Farrar, Straus and Giroux",Hardcover,336,2019,2019,2023/07/25,2023/01/31,,,read,,,,1,0
42068909,Computational Thinking (The MIT Press Essential Knowledge series),Peter J. Denning,"Denning, Peter J.",Matti Tedre,"=""0262536560""","=""9780262536561""",3,3.65,The MIT Press,Paperback,246,2019,2019,2023/07/25,2023/06/26,,,read,,,,1,0
20442872,Bachelor Pad Economics,Aaron Clarey,"Clarey, Aaron",,"=""""","=""""",3,4.18,Aaron Clarey,Kindle Edition,483,2013,2013,2023/07/24,2023/06/06,,,read,,,,1,0
97642,No More Mr. Nice Guy,Robert A. Glover,"Glover, Robert A.",,"=""0762415339""","=""9780762415335""",3,4.04,Running Press Adult,Hardcover,192,2002,2000,2023/07/24,2023/06/27,,,read,,,,1,0
44170829,3D Printing,John M. Jordan,"Jordan, John M.",,"=""""","=""""",2,3.77,The MIT Press,Kindle Edition,240,2019,,2023/07/24,2023/06/26,,,read,,,,1,0
23363874,Reasons to Stay Alive,Matt Haig,"Haig, Matt",,"=""1782115080""","=""9781782115083""",4,4.06,Canongate Books,Hardcover,266,2015,2015,2023/07/24,2023/06/25,,,read,,,,1,0
41881472,The Psychology of Money,Morgan Housel,"Housel, Morgan",,"=""0857197681""","=""9780857197689""",2,4.29,Harriman House,Paperback,242,2020,2020,2023/07/24,2023/02/04,,,read,,,,1,0
44512606,Fake Photos (The MIT Press Essential Knowledge series),Hany Farid,"Farid, Hany",,"=""0262537494""","=""9780262537490""",2,3.68,The MIT Press,Paperback,232,2019,,2023/07/24,2023/06/26,,,read,,,,1,0
36702245,Post-Truth (The MIT Press Essential Knowledge series),Lee McIntyre,"McIntyre, Lee",,"=""0262535041""","=""9780262535045""",4,4.03,The MIT Press,Paperback,240,2018,2018,2023/07/24,2023/06/26,,,read,,,,1,0
25683269,Metadata,Jeffrey Pomerantz,"Pomerantz, Jeffrey",,"=""0262528517""","=""9780262528511""",3,3.77,The MIT Press,Paperback,254,2015,2015,2023/07/24,2023/07/12,,,read,,,,1,0
364549,A Letter Concerning Toleration,John Locke,"Locke, John",James H. Tully,"=""091514560X""","=""9780915145607""",1,3.80,"Hackett Publishing Company, Inc.",Paperback,72,1983,1689,2023/07/22,2023/06/25,,,read,,,,1,0
299215,The Road to Serfdom,Friedrich A. Hayek,"Hayek, Friedrich A.",Milton Friedman,"=""0226320618""","=""9780226320618""",5,4.15,University of Chicago Press,Paperback,274,1994,1944,2023/07/22,2023/06/19,,,read,,,,1,0
22917,The Complete Grimm's Fairy Tales,Jacob Grimm,"Grimm, Jacob","Wilhelm Grimm, Josef Scharl, Padraic Colum, Joseph Campbell, Margaret Raine Hunt","=""""","=""""",5,4.23,Pantheon Books,Paperback,880,1976,1812,2023/07/22,2023/06/20,,,read,,,,1,0
36465763,Human + Machine: Reimagining Work in the Age of AI,Paul R. Daugherty,"Daugherty, Paul R.",H. James Wilson,"=""1633693872""","=""9781633693876""",4,3.63,Harvard Business Review Press,Kindle Edition,246,2018,,2023/01/12,2022/12/25,,,read,,,,1,0
39644233,Carbon Capture (The MIT Press Essential Knowledge series),Howard J. Herzog,"Herzog, Howard J.",,"=""0262535750""","=""9780262535755""",3,4.13,The MIT Press,Paperback,216,2018,,,2023/06/26,,,read,,,,2,0
21611,"The Forever War (The Forever War, #1)",Joe Haldeman,"Haldeman, Joe",,"=""""","=""""",4,4.14,Voyager,Paperback,278,2003,1974,2023/07/21,2023/06/27,,,read,,,,1,0
1980,The Ayn Rand Lexicon: Objectivism from A to Z (Ayn Rand Library),Ayn Rand,"Rand, Ayn",Harry Binswanger,"=""0452010519""","=""9780452010512""",0,4.10,Penguin Publishing Group,Paperback,560,1988,1986,,2023/07/21,to-read,to-read (#59),to-read,,,,0,0
378,The Phantom Tollbooth,Norton Juster,"Juster, Norton","Jules Feiffer, Maurice Sendak","=""0394820371""","=""9780394820378""",5,4.20,Random House Bullseye Books,Paperback,248,1996,1961,2023/07/21,2023/06/20,,,read,This is amazing story. Splendid creativity the writer has.,,,1,0
345865,Keys to the Kingdom,Alison A. Armstrong,"Armstrong, Alison A.",,"=""0974143502""","=""9780974143507""",4,4.29,PAX Programs Incorporated,Paperback,216,2003,2003,2023/07/21,2023/06/27,,,read,,,,1,0
480204,The Phantom of the Opera,Gaston Leroux,"Leroux, Gaston",,"=""0060809248""","=""9780060809249""",5,3.96,Harper Perennial,Mass Market Paperback,360,1987,1910,2023/07/20,2023/05/17,,,read,"It's a lovely plot. Deserves 5 stats, even though rereading might not happen.",,,1,0
72957,Accidental Death of an Anarchist,Dario Fo,"Fo, Dario","Chris Megson, Jenny Stevens, Simon Nye, Joseph Farrell","=""0413772675""","=""9780413772671""",3,4.16,Methuen Drama,Paperback,176,2009,1970,2023/07/18,2023/06/25,,,read,,,,1,0
22472,Discourse on the Origin of Inequality (Dover Thrift Editions: Philosophy),Jean-Jacques Rousseau,"Rousseau, Jean-Jacques",,"=""0486434141""","=""9780486434148""",1,3.79,Dover Publications,Paperback,73,2004,1755,2023/07/16,2023/06/25,,,read,,,,1,0
225468,Industrial Society and Its Future,Theodore John Kaczynski,"Kaczynski, Theodore John",,"=""""","=""""",2,3.85,,Paperback,149,1995,1995,2023/07/15,2023/07/04,,,read,,,,1,0
396601,Taxes and Business Strategy: A Planning Approach,Mark A. Wolfson,"Wolfson, Mark A.","Merle M. Erickson, Edward L. Maydew, Terry Shevlin, Myron S. Scholes","=""0131465538""","=""9780131465534""",0,4.03,Pearson College Div,Hardcover,576,2004,2001,,2023/07/14,"to-read, library","to-read (#58), library (#44)",to-read,,,,0,0
61841534,Probabilistic Numerics: Computation as Machine Learning,Philipp Hennig,"Hennig, Philipp","Michael A. Osborne, Hans P. Kersting","=""1107163447""","=""9781107163447""",0,4.33,Cambridge University Press,Hardcover,410,2022,,,2023/07/14,to-read,to-read (#57),to-read,,,,0,0
22104618,The Conscious Mind,Zoltan Torey,"Torey, Zoltan",,"=""0262525720""","=""9780262525725""",1,3.75,MIT Press (MA),Paperback,0,2014,2014,2023/07/12,2023/06/26,,,read,,,,1,0
62845,A Message to Garcia,Elbert Hubbard,"Hubbard, Elbert",,"=""159986942X""","=""9781599869421""",5,3.76,"Filiquarian Publishing, LLC.",Paperback,48,2006,1899,2023/06/30,2023/06/26,,,read,,,,1,0
39644237,Haptics (The MIT Press Essential Knowledge series),Lynette Jones,"Jones, Lynette",,"=""0262535807""","=""9780262535809""",1,3.70,The MIT Press,Paperback,188,2018,2018,2023/07/12,2023/06/26,,,read,,,,1,0
1272069,"The Complete Works of Aristotle: The Revised Oxford Translation, Vol. 2",Aristotle,"Aristotle, Aristotle",Jonathan Barnes,"=""0691016518""","=""9780691016511""",5,4.54,Princeton University Press,Hardcover,1246,1984,-322,2023/07/12,2023/05/17,,,read,,,,1,0
19082,"The Complete Works of Aristotle: The Revised Oxford Translation, Vol. 1",Aristotle,"Aristotle, Aristotle",Jonathan Barnes,"=""0691099502""","=""9780691099507""",5,4.41,Princeton University Press,Hardcover,1757,1984,-322,2023/07/12,2023/05/17,,,read,,,,1,0
39383639,School Choice (The MIT Press Essential Knowledge series),David R. Garcia,"Garcia, David R.",,"=""0262535904""","=""9780262535908""",1,3.33,The MIT Press,Paperback,216,2018,,2023/07/12,2023/06/26,,,read,,,,1,0
44512609,Virtual Reality (The MIT Press Essential Knowledge series),Samuel Greengard,"Greengard, Samuel",,"=""0262537524""","=""9780262537520""",1,3.15,The MIT Press,Paperback,264,2019,,2023/07/12,2023/06/26,,,read,,,,1,0
34889382,The Future (The MIT Press Essential Knowledge series),Nick Montfort,"Montfort, Nick",,"=""0262534819""","=""9780262534819""",1,3.20,The MIT Press,Paperback,192,2017,2017,2023/07/12,2023/06/26,,,read,,,,1,0
51777645,Quantum Entanglement,Jed Brody,"Brody, Jed",,"=""026253844X""","=""9780262538442""",1,3.79,MIT Press,Paperback,184,2020,2020,2023/07/12,2023/06/26,,,read,,,,1,0
51647291,fMRI,Peter A. Bandettini,"Bandettini, Peter A.",,"=""""","=""""",1,3.00,The MIT Press,Kindle Edition,280,2020,,2023/07/12,2023/06/26,,,read,,,,1,0
51777615,Critical Thinking,Jonathan Haber,"Haber, Jonathan",,"=""0262538288""","=""9780262538282""",1,3.59,MIT Press,Paperback,232,2020,2020,2023/07/12,2023/06/26,,,read,,,,1,0
49774725,Cynicism,Ansgar Allen,"Allen, Ansgar",,"=""0262537885""","=""9780262537889""",1,3.70,Mit Press,Paperback,280,2020,2014,2023/07/12,2023/06/26,,,read,,,,1,0
49046739,Anticorruption (The MIT Press Essential Knowledge series),Robert I. Rotberg,"Rotberg, Robert I.",,"=""0262538830""","=""9780262538831""",1,3.78,MIT Press,Paperback,272,2020,,2023/07/12,2023/06/26,,,read,,,,1,0
51456687,Behavioral Insights (The MIT Press Essential Knowledge series),Michael Hallsworth,"Hallsworth, Michael",Elspeth Kirkman,"=""0262539403""","=""9780262539401""",1,3.79,The MIT Press,Paperback,248,2020,,2023/07/12,2023/06/26,,,read,,,,1,0
55472851,Death and Dying (The MIT Press Essential Knowledge series),Nicole M. Piemonte,"Piemonte, Nicole M.",Shawn Abreu,"=""0262542420""","=""9780262542425""",1,4.00,The MIT Press,Paperback,248,2021,,2023/07/12,2023/06/26,,,read,,,,1,0
55867862,AI Assistants (The MIT Press Essential Knowledge series),Roberto Pieraccini,"Pieraccini, Roberto",,"=""0262542552""","=""9780262542555""",1,3.63,The MIT Press,Paperback,288,2021,,2023/07/12,2023/06/26,,,read,,,,1,0
57925931,Nuclear Weapons (The MIT Press Essential Knowledge series),Mark Wolverton,"Wolverton, Mark",,"=""0262543311""","=""9780262543316""",1,3.76,The MIT Press,Paperback,280,2022,,2023/07/12,2023/06/26,,,read,,,,1,0
29889543,The Mind-Body Problem,Jonathan Westphal,"Westphal, Jonathan",,"=""0262529564""","=""9780262529563""",1,3.41,MIT Press,Paperback,240,2016,,2023/07/12,2023/06/26,,,read,,,,1,0
51456662,Recommendation Engines (The MIT Press Essential Knowledge series),Michael Schrage,"Schrage, Michael",,"=""0262539071""","=""9780262539074""",1,3.73,The MIT Press,Paperback,296,2020,,2023/07/12,2023/06/26,,,read,,,,1,0
53437088,Ketamine (The MIT Press Essential Knowledge series),Bita Moghaddam,"Moghaddam, Bita",,"=""0262542242""","=""9780262542241""",1,4.13,The MIT Press,Paperback,208,2021,,2023/07/12,2023/06/26,,,read,,,,1,0
53397765,Science Fiction (The MIT Press Essential Knowledge series),Sherryl Vint,"Vint, Sherryl",,"=""0262539993""","=""9780262539999""",1,3.93,The MIT Press,Paperback,218,2021,,2023/07/12,2023/06/26,,,read,,,,1,0
56199026,Gender(s) (The MIT Press Essential Knowledge series),Kathryn Bond Stockton,"Stockton, Kathryn Bond",,"=""0262542609""","=""9780262542609""",1,3.45,The MIT Press,Paperback,256,2021,,2023/07/12,2023/06/26,,,read,,,,1,0
53478995,Hate Speech (The MIT Press Essential Knowledge series),Caitlin Ring Carlson,"Carlson, Caitlin Ring",,"=""026253990X""","=""9780262539906""",1,3.48,The MIT Press,Paperback,208,2021,,2023/07/12,2023/06/26,,,read,,,,1,0
53437087,Annotation (The MIT Press Essential Knowledge series),Remi H. Kalir,"Kalir, Remi H.",Antero García,"=""0262539926""","=""9780262539920""",1,3.32,The MIT Press,Paperback,232,2021,2021,2023/07/12,2023/06/26,,,read,,,,1,0
58783382,Echo (The MIT Press Essential Knowledge series),Amit Pinchevski,"Pinchevski, Amit",,"=""0262543400""","=""9780262543408""",1,3.45,The MIT Press,Paperback,232,2022,,2023/07/12,2023/06/26,,,read,,,,1,0
30187783,Cloud Computing,Nayan B. Ruparelia,"Ruparelia, Nayan B.",,"=""0262334135""","=""9780262334136""",1,3.32,MIT Press,Kindle Edition,278,2016,,2023/07/12,2023/06/26,,,read,,,,1,0
16248665,Crowdsourcing (The MIT Press Essential Knowledge series),Daren C. Brabham,"Brabham, Daren C.",,"=""0262518473""","=""9780262518475""",1,3.55,The MIT Press,Paperback,138,2013,2013,2023/07/12,2023/06/26,,,read,,,,1,0
13697669,Open Access (Mit Press Essential Knowledge),Peter Suber,"Suber, Peter",,"=""0262517639""","=""9780262517638""",1,3.87,MIT Press,Paperback,256,2012,2012,2023/07/12,2023/06/26,,,read,,,,1,0
18197171,Paradox (The MIT Press Essential Knowledge series),Margaret Cuonzo,"Cuonzo, Margaret",,"=""0262525496""","=""9780262525497""",1,3.63,The MIT Press,Paperback,240,2014,2014,2023/07/12,2023/06/26,,,read,,,,1,0
13697671,Computing: A Concise History (The MIT Press Essential Knowledge series),Paul E. Ceruzzi,"Ceruzzi, Paul E.",,"=""0262517671""","=""9780262517676""",1,3.55,The MIT Press,Paperback,216,2013,2012,2023/07/12,2023/06/26,,,read,,,,1,0
32505087,Machine Learning,Ethem Alpaydin,"Alpaydin, Ethem",,"=""0262337606""","=""9780262337601""",1,3.62,The MIT Press,Kindle Edition,232,2016,2016,2023/07/12,2023/07/05,,,read,,,,1,0
57850511,Content,Kate Eichhorn,"Eichhorn, Kate",,"=""0262543281""","=""9780262543286""",1,3.71,The MIT Press,Paperback,192,2022,,2023/07/12,2023/06/26,,,read,,,,1,0
22104659,MOOCs (The MIT Press Essential Knowledge series),Jonathan Haber,"Haber, Jonathan",,"=""0262526913""","=""9780262526913""",1,3.57,MIT Press,Hardcover,241,2014,2014,2023/07/12,2023/06/26,,,read,,,,1,0
18699279,Free Will (The MIT Press Essential Knowledge series),Mark Balaguer,"Balaguer, Mark",,"=""0262525798""","=""9780262525794""",4,3.61,The MIT Press,Paperback,152,2014,2014,2022/11/12,2022/11/09,,,read,,,,1,0
52788934,Smart Cities,Germaine R. Halegoua,"Halegoua, Germaine R.",,"=""0262538059""","=""9780262538053""",1,2.99,MIT Press,Paperback,248,2020,,2023/07/12,2023/06/26,,,read,,,,1,0
18101510,101 Amazing Facts About Germany,Jack Goldstein,"Goldstein, Jack",,"=""1783330023""","=""9781783330027""",4,3.23,Jack Goldstein Books,Kindle Edition,21,2013,2013,2022/04/02,2023/07/11,,,read,,,,2,0
12830,Gödel's Theorem: An Incomplete Guide to Its Use and Abuse,Torkel Franzén,"Franzén, Torkel",,"=""1568812388""","=""9781568812380""",0,3.93,A. K. Peters,Paperback,172,2005,2005,,2023/07/11,to-read,to-read (#56),to-read,,,,0,0
9930654,Bayesian Data Analysis,Professor in the Department of Statistics Andrew Gelman,"Gelman, Professor in the Department of Statistics Andrew","John B. Carlin, Hal S. Stern, David B. Dunson, Aki Vehtari, Donald B. Rubin","=""1439840954""","=""9781439840955""",0,4.21,Chapman & Hall,Hardcover,675,2013,1995,,2022/11/26,"library, to-read","library (#25), to-read (#54)",to-read,,,,0,0
24113,"Gödel, Escher, Bach: An Eternal Golden Braid",Douglas R. Hofstadter,"Hofstadter, Douglas R.",,"=""0465026567""","=""9780465026562""",0,4.29,Basic Books,Paperback,777,1999,1979,,2023/06/11,to-read,to-read (#53),to-read,,,,0,0
117973,Writing for Computer Science,Justin Zobel,"Zobel, Justin",,"=""1852338024""","=""9781852338022""",0,4.06,Springer,Paperback,280,2004,1997,,2022/12/28,to-read,to-read (#52),to-read,,,,0,0
8375982,Effectual Entrepreneurship,Stuart Read,"Read, Stuart","Saras Sarasvathy, Nick Dew, Robert Wiltbank, Anne-Valérie Ohlsson","=""0415586445""","=""9780415586443""",0,4.23,Routledge,Paperback,240,2010,2010,,2023/06/20,to-read,to-read (#51),to-read,,,,0,0
777979,Mechanical Intelligence: Collected Works of A.M. Turing,Alan M. Turing,"Turing, Alan M.",D.C. Ince,"=""0444880585""","=""9780444880581""",0,3.93,North Holland,Hardcover,236,1992,1992,,2022/12/25,"library, to-read","library (#16), to-read (#50)",to-read,,,,1,0
264011,An Introduction to Support Vector Machines and Other Kernel-based Learning Methods,Nello Cristianini,"Cristianini, Nello",John Shawe-Taylor,"=""0521780195""","=""9780521780193""",0,3.97,Cambridge University Press,Hardcover,204,2000,2000,,2022/12/25,"library, to-read","library (#14), to-read (#49)",to-read,,,,0,0
692030,Finite-Dimensional Vector Spaces (Undergraduate Texts in Mathematics),Paul R. Halmos,"Halmos, Paul R.",,"=""0387900934""","=""9780387900933""",0,4.49,Springer,Hardcover,210,1974,1947,,2023/06/20,to-read,to-read (#49),to-read,,,,0,0
4411744,Defending AI Research: A Collection of Essays and Reviews (Volume 49) (Lecture Notes),John McCarthy,"McCarthy, John",,"=""157586018X""","=""9781575860183""",0,4.00,Center for the Study of Language and Inf,Paperback,130,1996,1996,,2023/06/20,"small, to-read","small (#5), to-read (#49)",to-read,,,,0,0
29751398,The Power,Naomi Alderman,"Alderman, Naomi",,"=""0670919985""","=""9780670919987""",1,3.75,Viking,Hardcover,341,2017,2016,,2023/07/02,,,read,,,,0,0
42547,"The Autobiography of Martin Luther King, Jr.",Martin Luther King Jr.,"Jr., Martin Luther King",Clayborne Carson,"=""0446676500""","=""9780446676502""",4,4.34,Warner Books,Paperback,400,2001,1986,2023/06/27,2023/06/25,,,read,,,,1,0
3087,A Room with a View,E.M. Forster,"Forster, E.M.",,"=""1420925431""","=""9781420925432""",2,3.89,Digireads.Com,Paperback,119,2005,1908,2023/06/27,2023/06/26,,,read,,,,1,0
164019,The Theory of the Leisure Class,Thorstein Veblen,"Veblen, Thorstein","Alan Wolfe, Martha Banta","=""0375757872""","=""9780375757877""",2,3.87,Modern Library,Paperback,320,2001,1899,2023/06/26,2023/06/25,,,read,,,,1,0
12391521,The Psychopath Test: A Journey Through the Madness Industry,Jon Ronson,"Ronson, Jon",,"=""1594485755""","=""9781594485756""",3,3.95,Riverhead Books,Paperback,275,2012,2011,2023/06/26,2023/06/26,,,read,,,,1,0
7783191,The Invisible Gorilla: And Other Ways Our Intuitions Deceive Us,Christopher Chabris,"Chabris, Christopher",Daniel Simons,"=""0307459659""","=""9780307459657""",3,3.91,Harmony,Hardcover,320,2010,2010,2023/06/26,2023/06/26,,,read,,,,1,0
11297,Norwegian Wood,Haruki Murakami,"Murakami, Haruki",Jay Rubin,"=""0375704027""","=""9780375704024""",2,3.99,Vintage Books,Paperback,296,2000,1987,2023/06/26,2023/06/26,,,read,,,,1,0
52098718,Why We're Polarized,Ezra Klein,"Klein, Ezra",,"=""147670032X""","=""9781476700328""",3,4.22,Avid Reader Press / Simon  Schuster,Hardcover,336,2020,2020,2023/06/26,2023/06/25,,,read,,,,1,0
40597810,Daisy Jones & The Six,Taylor Jenkins Reid,"Reid, Taylor Jenkins",,"=""1524798622""","=""9781524798628""",3,4.20,Ballantine Books,Hardcover,368,2019,2019,2023/06/26,2023/06/20,,,read,,,,1,0
27213168,I Contain Multitudes: The Microbes Within Us and a Grander View of Life,Ed Yong,"Yong, Ed",,"=""0062368591""","=""9780062368591""",3,4.18,Ecco,Hardcover,368,2016,2016,2023/06/26,2023/06/26,,,read,,,,1,0
1237300,The Shock Doctrine: The Rise of Disaster Capitalism,Naomi Klein,"Klein, Naomi",,"=""0805079831""","=""9780805079838""",1,4.29,Metropolitan Books,Hardcover,558,2007,2007,2023/06/26,2023/06/19,,,read,,,,1,0
62296528,Spare,Prince Harry,"Harry, Prince",J.R. Moehringer,"=""0593593804""","=""9780593593806""",3,3.84,Random House,Hardcover,410,2023,2023,2023/06/26,2023/06/20,,,read,,,,1,0
11698334,Grey Wolf: The Escape of Adolf Hitler,Simon Dunstan,"Dunstan, Simon",Gerrard Williams,"=""1402781393""","=""9781402781391""",3,3.73,Sterling,Hardcover,384,2011,2011,2023/06/26,2023/06/20,,,read,It's fake I know.,,,1,0
10797776,Fyodor Dostoevsky (Christian Encounters Series),Peter J. Leithart,"Leithart, Peter J.",,"=""1595550348""","=""9781595550347""",3,3.82,Thomas Nelson Inc,Paperback,193,2011,2011,2023/06/26,2023/05/17,,,read,,,,1,0
9628743,"The Social Animal: The Hidden Sources of Love, Character, and Achievement",David  Brooks,"Brooks, David",,"=""140006760X""","=""9781400067602""",1,3.86,Random House,Hardcover,424,2011,2011,2023/06/25,2023/05/19,,,read,,,,2,0
40411388,"No God but God: The Origins, Evolution and Future of Islam",Reza Aslan,"Aslan, Reza",,"=""""","=""""",2,4.13,Random House,Kindle Edition,384,2011,2005,2023/06/25,2023/06/11,,,read,,,,2,0
50728376,Briffault's Law: The Most Important Thing You Can Know As A Man,Titus Hauer,"Hauer, Titus",,"=""""","=""""",5,4.86,,Kindle Edition,9,2019,,2023/06/21,2023/06/19,,,read,,,,2,0
1878,"The History of Sexuality, Volume 2: The Use of Pleasure",Michel Foucault,"Foucault, Michel","Robert Hurley, Zlatko Wurzberg","=""0394751221""","=""9780394751221""",3,4.06,Vintage,Paperback,304,1990,1984,2023/06/26,2023/06/20,,,read,,,,1,0
1875,"The History of Sexuality, Volume 1: An Introduction",Michel Foucault,"Foucault, Michel",,"=""0679724699""","=""9780679724698""",4,4.02,Vintage,Paperback,176,1990,1976,2023/06/26,2023/06/20,,,read,,,,1,0
80369,Discipline and Punish: The Birth of the Prison,Michel Foucault,"Foucault, Michel",Alan Sheridan,"=""0679752552""","=""9780679752554""",1,4.23,Vintage,Paperback,333,1995,1975,2023/06/26,2023/06/20,,,read,,,,1,0
1876,"The History of Sexuality, Volume 3: The Care of the Self",Michel Foucault,"Foucault, Michel",Robert Hurley,"=""0394741552""","=""9780394741550""",1,4.02,Vintage,Paperback,288,1988,1984,2023/06/26,2023/06/20,,,read,,,,1,0
54009328,"Confessions of the Flesh: The History of Sexuality, Volume 4",Michel Foucault,"Foucault, Michel","Robert Hurley, Frédéric Gros","=""1524748048""","=""9781524748043""",1,3.96,Vintage,Kindle Edition,418,2021,2018,2023/06/26,2023/06/20,,,read,,,,1,0
51933,Madness and Civilization: A History of Insanity in the Age of Reason,Michel Foucault,"Foucault, Michel",,"=""067972110X""","=""9780679721109""",1,4.09,Vintage,Paperback,299,1988,1961,2023/06/26,2023/06/20,,,read,,,,1,0
119561,The Order of Things: An Archaeology of the Human Sciences,Michel Foucault,"Foucault, Michel",,"=""0679753354""","=""9780679753353""",1,4.12,Vintage,Paperback,416,1994,1966,2023/06/26,2023/06/20,,,read,,,,1,0
232743,The Archaeology of Knowledge and The Discourse on Language,Michel Foucault,"Foucault, Michel",Alan Sheridan,"=""0394711068""","=""9780394711065""",1,4.11,Vintage,Paperback,256,1972,1969,2023/06/26,2023/06/20,,,read,,,,1,0
80373,"Power/Knowledge: Selected Interviews and Other Writings, 1972-1977",Michel Foucault,"Foucault, Michel","Colin Gordon, Leo Marshall, John Mepham, Kate Soper","=""039473954X""","=""9780394739540""",1,4.14,Vintage,Paperback,288,1980,1977,2023/06/26,2023/06/20,,,read,,,,1,0
33986067,Deep Learning with Python,François Chollet,"Chollet, François",,"=""1617294438""","=""9781617294433""",0,4.57,Manning,Paperback,350,2017,2017,,2022/01/18,"library, to-read","library (#5), to-read (#48)",to-read,,,,0,0
85020,Pattern Classification,David G. Stork,"Stork, David G.","Richard O. Duda, Peter E. Hart","=""0471056693""","=""9780471056690""",0,4.05,Wiley-Interscience,Hardcover,688,2000,1973,,2022/01/02,"library, solutionschegg, to-read","library (#4), solutionschegg (#3), to-read (#47)",to-read,,,,0,0
55881,Pattern Recognition and Machine Learning (Information Science and Statistics),Christopher M. Bishop,"Bishop, Christopher M.",,"=""0387310738""","=""9780387310732""",0,4.32,Springer,Hardcover,738,2006,,,2021/12/26,"library, to-read","library (#2), to-read (#46)",to-read,,,,0,0
6676555,Probabilistic Graphical Models: Principles and Techniques,Daphne Koller,"Koller, Daphne",Nir Friedman,"=""0262013193""","=""9780262013192""",0,4.18,The MIT Press,Kindle Edition,1270,2009,2009,,2021/12/26,to-read,to-read (#45),to-read,,,,1,0
3043127,The Nature of Computation,Cristopher Moore,"Moore, Cristopher",Stephan Mertens,"=""0199233217""","=""9780199233212""",0,4.59,"Oxford University Press, USA",Hardcover,1032,2011,2011,,2022/12/05,"library, to-read","library (#26), to-read (#44)",to-read,,,,0,0
292079,Principles of Mathematical Analysis,Walter Rudin,"Rudin, Walter",,"=""0070856133""","=""9780070856134""",0,4.27,McGraw-Hill Publishing Company,Paperback,342,1976,1964,,2022/12/10,to-read,to-read (#43),to-read,,,,0,0
226238,Artificial Intelligence,Patrick Henry Winston,"Winston, Patrick Henry",,"=""0201533774""","=""9780201533774""",0,4.12,Pearson,Paperback,737,1992,,,2022/12/10,"library, to-read","library (#7), to-read (#42)",to-read,,,,0,0
17397466,An Introduction to Statistical Learning: with Applications in R (Springer Texts in Statistics),Gareth James,"James, Gareth","Daniela Witten, Trevor Hastie, Robert Tibshirani","=""1461471370""","=""9781461471370""",0,4.59,SPRINGER,Hardcover,426,2013,2013,,2022/12/11,"uni-high-probability, library, solutionschegg, to-read","uni-high-probability (#6), library (#8), solutionschegg (#2), to-read (#41)",to-read,,,,0,0
12573559,Vector Calculus,Jerrold E. Marsden,"Marsden, Jerrold E.",Anthony J. Tromba,"=""1429215089""","=""9781429215084""",0,4.09,W. H. Freeman,Hardcover,576,2011,1976,,2022/12/13,"solutionschegg, to-read","solutionschegg (#7), to-read (#40)",to-read,,,,0,0
558194,Naive Set Theory (Undergraduate Texts in Mathematics),Paul R. Halmos,"Halmos, Paul R.",,"=""0387900926""","=""9780387900926""",0,4.23,Springer,Hardcover,111,1998,1960,,2022/12/17,to-read,to-read (#39),to-read,,,,0,0
152455,Numerical Optimization (Springer Series in Operations Research and Financial Engineering),Jorge Nocedal,"Nocedal, Jorge",Stephen Wright,"=""0387303030""","=""9780387303031""",0,4.34,Springer,Hardcover,686,2006,2000,,2022/12/21,"library, solutionschegg, to-read","library (#13), solutionschegg (#1), to-read (#38)",to-read,,,,0,0
14744694,Python for Data Analysis,Wes McKinney,"McKinney, Wes",,"=""1449319793""","=""9781449319793""",0,4.17,O'Reilly Media,Paperback,400,2012,2011,,2022/12/21,"uni-high-probability, to-read","uni-high-probability (#7), to-read (#37)",to-read,,,,0,0
611275,Probability and Statistics for Computer Scientists,Michael Baron,"Baron, Michael",,"=""1584886412""","=""9781584886419""",0,3.84,Chapman and Hall/CRC,Paperback,426,2006,2006,,2022/12/25,to-read,to-read (#36),to-read,,,,0,0
533070,Computer Science: An Overview (9th Edition),J. Glenn Brookshear,"Brookshear, J. Glenn",,"=""0321387015""","=""9780321387011""",0,3.78,Addison Wesley,Paperback,624,2006,,,2022/12/25,"library, to-read","library (#17), to-read (#35)",to-read,,,,0,0
1069827,Release It!: Design and Deploy Production-Ready Software (Pragmatic Programmers),Michael T. Nygard,"Nygard, Michael T.",,"=""0978739213""","=""9780978739218""",0,4.25,"Pragmatic Bookshelf, The",Paperback,350,2017,2007,,2022/12/27,to-read,to-read (#34),to-read,,,,0,0
43713,Structure and Interpretation of Computer Programs,Harold Abelson,"Abelson, Harold","Gerald Jay Sussman, Julie Sussman","=""0262510871""","=""9780262510875""",0,4.47,The MIT Press,Paperback,657,1996,1984,,2022/12/27,to-read,to-read (#33),to-read,,,,0,0
134781,Diffusion of Innovations,Everett M. Rogers,"Rogers, Everett M.",,"=""0743222091""","=""9780743222099""",0,4.10,Free Press,Paperback,576,2003,1982,,2023/01/10,"library, to-read","library (#24), to-read (#32)",to-read,,,,0,0
50204636,Building Machine Learning Powered Applications: Going from Idea to Product,Emmanuel Ameisen,"Ameisen, Emmanuel",,"=""149204511X""","=""9781492045113""",0,4.23,O'Reilly Media,Paperback,256,2020,,,2023/01/16,to-read,to-read (#31),to-read,,,,0,0
60715378,Designing Machine Learning Systems: An Iterative Process for Production-Ready Applications,Chip Huyen,"Huyen, Chip",,"=""1098107969""","=""9781098107963""",0,4.47,O'Reilly,Paperback,368,2022,2022,,2023/02/02,to-read,to-read (#30),to-read,,,,0,0
35254158,Expert Secrets: The Underground Playbook for Creating a Mass Movement of People Who Will Pay for Your Advice,Russell Brunson,"Brunson, Russell",,"=""1683504593""","=""9781683504597""",0,4.24,Hay House Business,Kindle Edition,264,2020,,,2023/04/30,to-read,to-read (#29),to-read,,,,0,0
48736213,Traffic Secrets: The Underground Playbook for Filling Your Websites and Funnels with Your Dream Customers,Russell Brunson,"Brunson, Russell",Dean Graziosi,"=""1401957919""","=""9781401957919""",0,4.31,Hay House Business,Kindle Edition,347,2020,2020,,2023/04/30,to-read,to-read (#28),to-read,,,,0,0
116418,Topology,James R. Munkres,"Munkres, James R.",,"=""0131816292""","=""9780131816299""",0,4.30,Pearson College Div,Hardcover,537,2000,1974,,2023/06/11,to-read,to-read (#27),to-read,,,,0,0
10641530,Quantum Computation and Quantum Information: 10th Anniversary Edition,Michael A. Nielsen,"Nielsen, Michael A.",Isaac L. Chuang,"=""1107002176""","=""9781107002173""",0,4.39,Cambridge University Press,Hardcover,702,2011,2000,,2023/06/19,to-read,to-read (#26),to-read,,,,0,0
148030,Convex Optimization,Stephen Boyd,"Boyd, Stephen",Lieven Vandenberghe,"=""0521833787""","=""9780521833783""",0,4.48,Cambridge University Press,Hardcover,727,2004,2004,,2023/06/19,to-read,to-read (#25),to-read,,,,0,0
2733764,Computational Science and Engineering,Gilbert Strang,"Strang, Gilbert",,"=""0961408812""","=""9780961408817""",0,3.97,Wellesley-Cambridge Press,Hardcover,750,2007,2007,,2023/06/19,to-read,to-read (#24),to-read,,,,0,0
44936,Refactoring: Improving the Design of Existing Code,Martin Fowler,"Fowler, Martin","Kent Beck, Don Roberts, Erich Gamma","=""0201485672""","=""9780201485677""",0,4.24,Addison-Wesley Professional,Hardcover,431,1999,1999,,2023/06/20,to-read,to-read (#22),to-read,,,,0,0
703102,"Compilers: Principles, Techniques, and Tools",Alfred V. Aho,"Aho, Alfred V.","Ravi Sethi, Jeffrey D. Ullman","=""0201100886""","=""9780201100884""",0,4.10,Addison-Wesley Publishing Company,Hardcover,796,1986,1986,,2023/06/20,to-read,to-read (#21),to-read,,,,0,0
148010,Gaussian Processes for Machine Learning (Adaptive Computation and Machine Learning series),Carl Edward Rasmussen,"Rasmussen, Carl Edward",Christopher K. I. Williams,"=""026218253X""","=""9780262182539""",0,4.17,The MIT Press,Hardcover,272,2005,2005,,2023/06/20,to-read,to-read (#20),to-read,,,,0,0
134790,Strategic Management of Technological Innovation,Melissa A. Schilling,"Schilling, Melissa A.",,"=""0073210587""","=""9780073210582""",0,3.84,McGraw-Hill/Irwin,Paperback,336,2006,2000,,2023/06/20,to-read,to-read (#19),to-read,,,,0,0
271493,Invention by Design; How Engineers Get from Thought to Thing,Henry Petroski,"Petroski, Henry",,"=""0674463684""","=""9780674463684""",0,3.75,Harvard University Press,Paperback,256,1996,1996,,2023/06/20,to-read,to-read (#18),to-read,,,,0,0
288088,Strategic Management: Concepts and Cases (11th Edition),Fred R. David,"David, Fred R.",,"=""0131869493""","=""9780131869493""",0,3.83,Pearson College Div,Hardcover,816,2006,1999,,2023/06/20,to-read,to-read (#17),to-read,,,,0,0
16123828,The Nature of Code,Daniel Shiffman,"Shiffman, Daniel",,"=""0985930802""","=""9780985930806""",0,4.57,The Nature of Code,Paperback,520,2012,2012,,2023/06/20,to-read,to-read (#16),to-read,,,,0,0
6392569,Natural Language Processing with Python: Analyzing Text with the Natural Language Toolkit,Steven    Bird,"Bird, Steven","Ewan Klein, Edward Loper","=""0596516495""","=""9780596516499""",0,4.10,O'Reilly Media,Paperback,502,2009,2009,,2023/06/20,to-read,to-read (#15),to-read,,,,0,0
1883631,Fuzzy Logic: A Practical Approach,F. Martin McNeill,"McNeill, F. Martin",Ellen Thro,"=""0124859658""","=""9780124859654""",0,3.75,Morgan Kaufmann Pub,Paperback,350,1994,1994,,2023/06/20,to-read,to-read (#14),to-read,,,,0,0
6309188,"Managing Change, Creativity and Innovation",Costas Andriopoulos,"Andriopoulos, Costas",Patrick Dawson,"=""1412948533""","=""9781412948531""",0,3.90,SAGE Publications Ltd,Paperback,392,2009,2008,,2023/06/20,to-read,to-read (#13),to-read,,,,0,0
829182,Computer Systems: A Programmer's Perspective,Randal E. Bryant,"Bryant, Randal E.",David Richard O'Hallaron,"=""013034074X""","=""9780130340740""",0,4.46,Prentice Hall,Hardcover,978,2002,2002,,2023/06/20,to-read,to-read (#12),to-read,,,,0,0
28370759,Analysis I,Terence Tao,"Tao, Terence",,"=""9380250649""","=""9789380250649""",0,4.54,Hindustan Book Agency,Hardcover,347,2016,2006,,2023/06/20,to-read,to-read (#11),to-read,,,,0,0
2578776,"Analysis II (Texts and Readings in Mathematics, No. 38)",Terence Tao,"Tao, Terence",,"=""8185931631""","=""9788185931630""",0,4.56,Hindustan Book Agency,Paperback,272,2006,2006,,2023/06/20,to-read,to-read (#10),to-read,,,,0,0
58128,Head First Design Patterns,Eric Freeman,"Freeman, Eric","Bert Bates, Kathy Sierra, Elisabeth Robson","=""0596007124""","=""9780596007126""",0,4.30,O'Reilly Media,Paperback,638,2004,2004,,2023/06/20,to-read,to-read (#9),to-read,,,,0,0
7002507,Principles of Computer System Design: An Introduction,Jerome H. Saltzer,"Saltzer, Jerome H.",M. Frans Kaashoek,"=""0123749573""","=""9780123749574""",0,3.61,Morgan Kaufmann,Paperback,560,2009,2009,,2023/06/20,to-read,to-read (#8),to-read,,,,0,0
35494,Creative Cash Flow Reporting: Uncovering Sustainable Financial Performance,Charles W. Mulford,"Mulford, Charles W.",,"=""0471469181""","=""9780471469186""",0,4.21,Wiley,Hardcover,414,2005,2005,,2023/06/20,to-read,to-read (#7),to-read,,,,0,0
38558990,European Data Protection: Law and Practice,Eduardo Ustaran,"Ustaran, Eduardo",Joni L. McNeal,"=""0998322377""","=""9780998322377""",0,3.73,IAPP,ebook,,2018,2018,,2023/06/20,to-read,to-read (#6),to-read,,,,0,0
27151340,Software Engineering,Ian Sommerville,"Sommerville, Ian",,"=""""","=""""",0,3.77,Pearson,Kindle Edition,816,2015,1982,,2023/06/25,to-read,to-read (#5),to-read,,,,0,0
24346909,Introduction to Machine Learning with Python: A Guide for Data Scientists,Andreas C. Müller,"Müller, Andreas C.",Sarah Guido,"=""1449369413""","=""9781449369415""",0,4.34,O'Reilly Media,Paperback,398,2016,2015,,2023/06/26,to-read,to-read (#4),to-read,,,,0,0
7694,Management Information Systems: Managing the Digital Firm,Kenneth C. Laudon,"Laudon, Kenneth C.",Jane P. Laudon,"=""0131538411""","=""9780131538412""",0,3.55,Prentice Hall,Hardcover,736,2005,1996,,2023/06/26,to-read,to-read (#3),to-read,,,,0,0
612765,The Urantia Book,Urantia Foundation,"Foundation, Urantia",,"=""""","=""""",3,4.03,Urantia Foundation,Hardcover,2097,2008,1955,2023/06/26,2023/06/21,,,read,,,,1,0
25709,Summa Theologica,Thomas Aquinas,"Aquinas, Thomas",,"=""""","=""""",3,4.13,Christian Classics,Hardcover,2900,1981,1274,2023/06/26,2023/06/25,,,read,,,,1,0
17136,The Time Machine / The Invisible Man,H.G. Wells,"Wells, H.G.",Alfred Mac Adam,"=""1593083254""","=""9781593083250""",5,4.10,Barnes & Noble Classics,Hardcover,288,2005,1968,,2023/06/25,,,read,,,,1,0
30658,Meditations on First Philosophy,René Descartes,"Descartes, René",Donald A. Cress,"=""0872201929""","=""9780872201927""",5,3.74,Hackett Publishing Company,Paperback,59,1993,1641,2023/06/22,2023/06/22,,,read,,,,1,0
31862,Discourse on Method and Meditations on First Philosophy,René Descartes,"Descartes, René",Donald A. Cress,"=""0872204200""","=""9780872204201""",3,3.77,Hackett Publishing Company,Paperback,103,1999,1637,2023/06/22,2023/06/20,,,read,,,,1,0
8935689,"Consider Phlebas (Culture, #1)",Iain M. Banks,"Banks, Iain M.",,"=""1857231384""","=""9781857231380""",3,3.85,Orbit,Paperback,467,1988,1987,2023/06/20,2023/05/01,to,to (#1),read,"Where's the plot? It's interesting world, yet plot is missing. Or it has a plot, yet the plot is hard to extract away from the explanations. I think there might be good books in this series though, just not this first one.",,,1,0
23658963,How to Build a Billion Dollar App,George Berkowski,"Berkowski, George",,"=""0349401373""","=""9780349401379""",4,4.12,Piatkus,Paperback,480,2015,2014,2023/06/21,2023/03/04,"real, pdftomp3","real (#5), pdftomp3 (#1)",read,"The only advice that is needed, but no special tricks offered just the structure of any app and company building. ",,,1,0
35742516,The Psychology of Investing,John R. Nofsinger,"Nofsinger, John R.",,"=""1351863312""","=""9781351863315""",4,4.03,Routledge,ebook,212,2017,2001,2023/06/16,2023/05/14,,,read,,,,1,0
99245,Nightfall,Isaac Asimov,"Asimov, Isaac",Robert Silverberg,"=""0553290991""","=""9780553290998""",2,4.06,Bantam Books,Mass Market Paperback,339,2012,1990,2023/06/08,2023/05/01,,,read,,,,1,0
70771,Nightfall and Other Stories,Isaac Asimov,"Asimov, Isaac",,"=""0345310918""","=""9780345310910""",4,4.25,Del Rey,Mass Market Paperback,350,1984,1969,2023/06/08,2023/05/01,,,read,,,,1,0
651964,"The Positronic Man (Robot, #0.6)",Isaac Asimov,"Asimov, Isaac",Robert Silverberg,"=""0553561219""","=""9780553561210""",5,4.13,Bantam/Spectra,Paperback,290,1994,1992,2023/06/07,2023/05/01,,,read,Probably my single favorite in Robot series by Isaac Asimov.,,,1,0
81978,"Man, Economy, and State / Power and Market: Government and Economy",Murray N. Rothbard,"Rothbard, Murray N.",Joseph Stromberg,"=""0945466307""","=""9780945466307""",5,4.48,Ludwig von Mises Institute,Hardcover,1544,2004,1962,2023/06/06,2023/04/19,,,read,This and Human Action are my favorite treatises on economics. Basic Economics by Thomas Sowell also. These I will be reading over and over again to improve my thinking on these topics.,,,1,0
70787,The Bicentennial Man and Other Stories,Isaac Asimov,"Asimov, Isaac",,"=""1857989325""","=""9781857989328""",4,4.14,Millennium,Paperback,211,2000,1976,2023/06/05,2023/05/01,,,read,,,,1,0
41823,"Robot Visions (Robot, #0.5)",Isaac Asimov,"Asimov, Isaac",,"=""0451450647""","=""9780451450647""",4,4.23,RoC,Mass Market Paperback,496,1991,1990,2023/06/05,2023/05/01,,,read,,,,1,0
6602359,Accounting Made Simple: Accounting Explained in 100 Pages or Less (Financial Topics in 100 Pages or Less),Mike Piper,"Piper, Mike",,"=""0981454224""","=""9780981454221""",4,3.93,"Simple Subjects, LLC",Paperback,114,2013,2008,2023/06/05,2023/01/11,,,read,,,,1,0
41821,The Gods Themselves,Isaac Asimov,"Asimov, Isaac",,"=""1857989341""","=""9781857989342""",5,4.09,Millenium,Paperback,288,2000,1972,2023/06/01,2023/05/01,,,read,Interesting game theory book.,,,1,0
82103,Fail-Safe Investing: Lifelong Financial Security in 30 Minutes,Harry Browne,"Browne, Harry",,"=""031226321X""","=""9780312263218""",5,3.95,St. Martin's Griffin,Paperback,168,2001,1999,2023/05/28,2023/01/11,,,read,,,,1,0
83545,Fantastic Voyage II:  Destination Brain,Isaac Asimov,"Asimov, Isaac",,"=""0553273272""","=""9780553273274""",1,3.60,Spectra,Mass Market Paperback,385,1988,1987,2023/05/23,2023/05/05,,,read,,,,1,0
83539,Fantastic Voyage,Isaac Asimov,"Asimov, Isaac",,"=""0553275720""","=""9780553275728""",3,3.91,Bantam,Mass Market Paperback,186,1988,1966,2023/05/23,2023/05/01,,,read,,,,1,0
110,The Road to Dune,Frank Herbert,"Herbert, Frank","Brian Herbert, Kevin J. Anderson","=""0765353709""","=""9780765353702""",3,3.90,Tor Science Fiction,Mass Market Paperback,426,2006,2005,2023/05/22,2023/01/24,,,read,I mean this was my last Dune. Will not pursue the other books. I've already read more than 99% people about this series. So I'm happy.,,,1,0
18304,The Anti-Christ,Friedrich Nietzsche,"Nietzsche, Friedrich",,"=""1421270536""","=""9781421270531""",5,3.89,Adamant Media Corporation,Paperback,126,2002,1888,2023/05/21,2023/05/17,,,read,,,,1,0
2477223,Managing Oneself (Harvard Business Review Classics),Peter F. Drucker,"Drucker, Peter F.",,"=""142212312X""","=""9781422123126""",3,3.98,Harvard Business Press,Paperback,72,2008,1999,2023/05/19,2023/02/05,,,read,,,,1,0
33514,The Elements of Style,William Strunk Jr.,"Jr., William Strunk",E.B. White,"=""""","=""""",4,4.18,Allyn & Bacon,Hardcover,105,1999,1918,2023/05/20,2023/01/17,,,read,It's a good manual for checking my writing. I'll need to buy the book and refer back to this in order to have more use of this.,,,1,0
154409,Bureaucracy,Ludwig von Mises,"Mises, Ludwig von",,"=""091088434X""","=""9780910884341""",5,4.25,"Libertarian Press, Inc.",Paperback,137,1996,1944,2023/05/20,2023/04/19,,,read,,,,1,0
1714576,Economic Calculation in the Socialist Commonwealth,Ludwig von Mises,"Mises, Ludwig von",,"=""0945466072""","=""9780945466079""",5,4.31,Ludwig Von Mises Inst,Paperback,74,1990,1920,2023/05/19,2023/04/19,,,read,Explains why money in communism is oxymoron and why communism just ain't the way.,,,1,0
31856310,Jump: Take the Leap of Faith to Achieve Your Life of Abundance,Steve  Harvey,"Harvey, Steve",Mike Hodge,"=""1441723234""","=""9781441723239""",3,4.14,Blackstone Pub,Audio CD,0,2016,2016,2023/05/19,2023/02/21,,,read,,,,1,0
48757,The Tao of Pooh,Benjamin Hoff,"Hoff, Benjamin",Ernest H. Shepard,"=""1405204265""","=""9781405204262""",4,4.01,Egmont Books,Paperback,176,2003,1982,2023/05/19,2023/05/17,,,read,,,,1,0
42434,"Sandworms of Dune (Dune, #8)",Brian Herbert,"Herbert, Brian",Kevin J. Anderson,"=""076531293X""","=""9780765312938""",5,3.70,Tor Books,Hardcover,494,2007,2007,2023/05/19,2022/11/14,,,read,This was great plot ending. I'll be actually thinking this later on because I'm working in this field of thinking machines. Neuralink sounds like the ending here which is Musk's company.,true,,1,0
20249,"Hunters of Dune (Dune, #7)",Brian Herbert,"Herbert, Brian",Kevin J. Anderson,"=""0765312921""","=""9780765312921""",4,3.70,Tor Books,Hardcover,524,2006,2006,2023/05/18,2022/11/14,,,read,Nice integration comin' together! This book exists in my mind only for the next book. Next book will probably finally integrate it together.,,,1,0
4808763,The Last Question,Isaac Asimov,"Asimov, Isaac","Bob E. Flick, Jim Gallant","=""1884214495""","=""9781884214493""",5,4.53,Ziggurat Productions,Audio CD,9,2007,1956,2023/05/18,2023/05/01,,,read,Interesting exploration of future & what actually will happen if physics is to be trusted at this time of age.,,,1,0
29582,"Foundation and Earth (Foundation, #5)",Isaac Asimov,"Asimov, Isaac",,"=""0553587579""","=""9780553587579""",5,4.07,Spectra,Mass Market Paperback,499,2004,1986,2023/05/18,2023/05/01,,,read,It's over. I guess that ends one Scifi series. Let other ones start.,,,1,0
76683,"Foundation's Edge (Foundation, #4)",Isaac Asimov,"Asimov, Isaac",,"=""0553293389""","=""9780553293388""",5,4.18,Bantam/Spectra,Paperback,450,2010,1982,2023/05/17,2023/05/01,,,read,,,,1,0
76679,"Forward the Foundation (Foundation, #7)",Isaac Asimov,"Asimov, Isaac",,"=""0553565079""","=""9780553565072""",5,4.16,Bantam/Spectra,Paperback,464,1994,1993,2023/05/16,2023/05/01,,,read,"Best book of the series IMO, but it's one big book for me.",,,1,0
30013,Prelude to Foundation,Isaac Asimov,"Asimov, Isaac",,"=""""","=""""",5,4.16,Voyager,Mass Market Paperback,460,1994,1988,2023/05/14,2023/05/01,,,read,This book deepened psychohistory's history. ,,,1,0
41820,"Pebble in the Sky (Galactic Empire, #3)",Isaac Asimov,"Asimov, Isaac",,"=""0553293427""","=""9780553293425""",4,3.90,Bantam,Mass Market Paperback,308,1991,1950,2023/05/14,2023/05/01,,,read,,,,1,0
41822,"The Stars, Like Dust (Galactic Empire, #1)",Isaac Asimov,"Asimov, Isaac",,"=""0553293435""","=""9780553293432""",4,3.74,Spectra,Mass Market Paperback,293,1991,1951,2023/05/14,2023/05/01,,,read,,,,1,0
85434,"The Currents of Space (Galactic Empire, #2)",Isaac Asimov,"Asimov, Isaac",,"=""0553293419""","=""9780553293418""",4,3.85,Spectra,Mass Market Paperback,304,1991,1952,2023/05/14,2023/05/01,,,read,,,,1,0
76688,"Robots and Empire (Robot, #4)",Isaac Asimov,"Asimov, Isaac",,"=""0586062009""","=""9780586062005""",3,4.23,Voyager,Mass Market Paperback,512,1996,1985,2023/05/14,2023/05/01,,,read,,,,1,0
44439416,Chapterhouse: Dune (Dune #6),Frank Herbert,"Herbert, Frank",,"=""0593098277""","=""9780593098271""",4,3.87,Ace,Paperback,609,2019,1985,2023/05/06,2022/11/14,,,read,"This didn't grow on me too much, but next one is actually better than this even if not Frank Herbert, but his son.",,,1,0
44492287,Heretics of Dune (Dune #5),Frank Herbert,"Herbert, Frank",,"=""0593098269""","=""9780593098264""",5,3.85,Ace,Paperback,669,2019,1984,2023/05/02,2022/11/14,,,read,,,,1,0
44439415,God Emperor of Dune (Dune #4),Frank Herbert,"Herbert, Frank",,"=""0593098250""","=""9780593098257""",5,3.88,Ace,Paperback,587,2019,1981,2023/05/02,2022/11/14,,,read,,,,1,0
101157,Sexual Personae: Art and Decadence from Nefertiti to Emily Dickinson (Yale Nota Bene),Camille Paglia,"Paglia, Camille",,"=""0300091273""","=""9780300091274""",4,3.99,Yale University Press,Paperback,736,2001,1990,2023/05/01,2023/04/24,,,read,A rather good analysis of many topics when it comes to sexuality in history.,,,1,0
61535,The Selfish Gene,Richard Dawkins,"Dawkins, Richard",,"=""0199291152""","=""9780199291151""",5,4.16,Oxford University Press,Paperback,360,2006,1976,2023/04/29,2023/01/07,,,read,Well what can I say. Nothing more cause I have the selfish gene. I don't wanna help you cause it ain't helping me. Give me some skin into the game. Might change my mind.,,,1,0
13530973,Antifragile: Things That Gain from Disorder,Nassim Nicholas Taleb,"Taleb, Nassim Nicholas",,"=""1400067820""","=""9781400067824""",5,4.10,Random House,Hardcover,426,2012,2012,2023/04/29,2023/01/10,,,read,"Hey this book Rock 'n' Rolls. As many fellow Rockers have said: ""Rock 'n' Roll ain't death & thus antifragile"".",,,1,0
2218102,Maps of Meaning: The Architecture of Belief,Jordan B. Peterson,"Peterson, Jordan B.",,"=""0415922224""","=""9780415922227""",5,4.03,Routledge,Paperback,564,1999,1999,2023/04/28,2022/12/18,,,read,Be a hero of your own life as a life advice from this book.,,,1,0
150731,Alan Turing: The Enigma,Andrew Hodges,"Hodges, Andrew",Douglas R. Hofstadter,"=""0802775802""","=""9780802775801""",4,3.75,Walker Books,Paperback,608,2000,1983,2023/04/25,2023/04/23,,,read,Good life & a long book of achievements.,,,1,0
42972023,"The Anarchy: The East India Company, Corporate Violence, and the Pillage of an Empire",William Dalrymple,"Dalrymple, William",,"=""1635573955""","=""9781635573954""",5,4.20,Bloomsbury Publishing,Hardcover,544,2019,2019,2023/04/24,2023/02/21,,,read,One of the best books and parts of history ever. Corporation that controlled country! Damn interesting.,,,1,0
10308850,Jolo – 140 päivää panttivankeina viidakossa,Risto Vahanen,"Vahanen, Risto",Seppo Fränti,"=""9513120813""","=""""",5,3.27,Tammi,Hardcover,263,2000,2000,,2021/01/27,,,read,I recently become interested on living on Philippines. I came full circle back into a book that I never imagined needing any information from. Now I know that there are some places on Philippines that aren't safe and so on.,,,1,0
18693884,How Not to Be Wrong: The Power of Mathematical Thinking,Jordan Ellenberg,"Ellenberg, Jordan",,"=""1594205221""","=""9781594205224""",4,3.95,Penguin Press,Hardcover,480,2014,2014,2023/04/23,2023/04/14,,,read,,,,1,0
44492286,Children of Dune (Dune #3),Frank Herbert,"Herbert, Frank",,"=""0593098242""","=""9780593098240""",5,3.95,Ace,Paperback,609,2019,1976,2023/04/22,2022/11/14,,,read,,,,1,0
10127019,The Lean Startup,Eric Ries,"Ries, Eric",,"=""0307887898""","=""9780307887894""",5,4.11,Best Business,Hardcover,299,2011,2011,2023/04/21,2022/11/26,,,read,A great book for finding what your startup should exactly do in order to create something that has any value at all. I will read this if/when I start my own startup.,,,1,0
958259,The Principles of Scientific Management,Frederick Winslow Taylor,"Taylor, Frederick Winslow",,"=""1596058897""","=""9781596058897""",4,3.66,Cosimo Classics,Paperback,,2006,1911,2023/04/21,2023/02/02,,,read,"I believe there are probably better books on the subject, which is pseudo scientific/close to being scientific, but because of this book the West started to live like kings cause the productivity increased alot.",,,1,0
8608719,The Business of the 21st Century,Robert T. Kiyosaki,"Kiyosaki, Robert T.",,"=""""","=""""",4,3.87,DreamBuilders,Paperback,117,2010,,2023/04/20,2023/04/15,,,read,,,,1,0
22376058,Against the State: An Anarcho-Capitalist Manifesto,Llewellyn H. Rockwell Jr.,"Jr., Llewellyn H. Rockwell",,"=""0990463117""","=""9780990463115""",3,4.04,Rockwell Communications LLC,Kindle Edition,192,2014,2014,2023/04/19,2023/04/15,,,read,,,,1,0
9512985,The Personal MBA: Master the Art of Business,Josh Kaufman,"Kaufman, Josh",,"=""1591843529""","=""9781591843528""",3,4.10,Portfolio,Hardcover,416,2010,2010,2023/04/18,2022/08/15,,,read,,,,1,0
10631,Sam Walton: Made In America,Sam Walton,"Walton, Sam",John Huey,"=""0553562835""","=""9780553562835""",5,4.15,BANTAM BOOKS,Paperback,346,1993,,2023/04/18,2023/01/01,,,read,"Strenious, enjoyable life!",,,1,0
29342515,"The Coaching Habit: Say Less, Ask More & Change the Way You Lead Forever",Michael Bungay Stanier,"Stanier, Michael Bungay",,"=""""","=""""",3,4.01,Box of Crayons Press,ebook,117,2016,2016,2023/04/18,2023/02/04,,,read,,,,1,0
40275161,"The Fearless Organization: Creating Psychological Safety in the Workplace for Learning, Innovation, and Growth",Amy C. Edmondson,"Edmondson, Amy C.",,"=""1119477247""","=""9781119477242""",0,3.97,Wiley,Hardcover,233,2018,2018,2022/10/22,2022/10/22,,,read,,,,1,0
17910144,Talk Like TED: The 9 Public-Speaking Secrets of the World's Top Minds,Carmine Gallo,"Gallo, Carmine",,"=""1250041120""","=""9781250041128""",2,3.88,NXB Phụ Nữ ,Hardcover,363,2017,2014,2023/04/18,2023/02/23,,,read,,,,1,0
17690,The Trial,Franz Kafka,"Kafka, Franz","Max Brod, Willa Muir, Edwin Muir","=""""","=""""",5,3.94,Vintage,Paperback,255,2001,1925,2023/04/18,2022/11/26,,,read,Great explanation of many things from government.,,,1,0
4191136,Business adventures,John Brooks,"Brooks, John",,"=""0575003499""","=""9780575003491""",5,3.81,Littlehampton Book Services Ltd,Hardcover,408,1969,1969,2023/04/17,2022/11/09,,,read,I really liked these monetary games that the people in this book played. Monetary = energy of capitalism.,,,1,0
26198213,Feminist Fight Club: An Office Survival Manual for a Sexist Workplace,Jessica   Bennett,"Bennett, Jessica",,"=""0062439790""","=""9780062439796""",3,3.76,Harper Wave,ebook,336,2016,2016,2023/04/16,2023/02/21,,,read,,,,1,0
54287716,Woman Evolve: Break Up with Your Fears and Revolutionize Your Life,Sarah Jakes Roberts,"Roberts, Sarah Jakes",,"=""078523554X""","=""9780785235545""",3,4.52,Thomas Nelson,Hardcover,196,2021,2021,2023/04/16,2023/02/21,,,read,,,,1,0
37846172,Millionaire Expat: How To Build Wealth Living Overseas,Andrew Hallam,"Hallam, Andrew",,"=""""","=""""",2,4.29,Wiley,Kindle Edition,545,2017,,2023/04/16,2023/04/14,,,read,"I'd rather work, learn & start business. Then do that business as an expat until the world finally takes me out of my way. Simple plan, but business is brutal. Simply brutal.",,,1,0
44512561,Beyond the Valley: How Innovators around the World are Overcoming Inequality and Creating the Technologies of Tomorrow,Ramesh Srinivasan,"Srinivasan, Ramesh",Douglas Rushkoff,"=""0262043130""","=""9780262043137""",1,3.46,The MIT Press,Hardcover,424,2019,2019,2023/04/16,2023/04/10,,,read,,,,1,0
82256,The Sovereign Individual: Mastering the Transition to the Information Age,James Dale Davidson,"Davidson, James Dale",William Rees-Mogg,"=""0684832720""","=""9780684832722""",5,4.18,Touchstone,Paperback,448,1999,1997,2023/04/16,2022/11/09,,,read,Reread this later on I must. A book about facts is here at last.,,,1,0
39508394,american ceasar,William Manchester,"Manchester, William",,"=""""","=""""",5,4.09,,Unknown Binding,,,1978,2023/04/14,2023/02/16,,,read,,,,1,0
44492285,Dune Messiah (Dune #2),Frank Herbert,"Herbert, Frank",Brian Herbert,"=""0593098234""","=""9780593098233""",5,3.89,Ace,Mass Market Paperback,336,2019,1969,2023/04/14,2022/11/14,,,read,This series has really good characters. One thing I usually don't say. The way characteristics of characters are integrated into plot makes the book so splendid pageturner.,,,1,0
881319,The Art of Rhetoric,Aristotle,"Aristotle, Aristotle",Hugh Lawson-Tancred,"=""0140445102""","=""9780140445107""",5,3.88,Penguin Classics,Paperback,292,1992,-322,2022/08/02,2022/02/23,,,read,"Easy to understand and simple starter for this science of rhetoric. I love defining too, thanks Aristoteles.",,,2,0
19068,The Nicomachean Ethics,Aristotle,"Aristotle, Aristotle","Hugh Tredennick, J.A.K. Thomson, Jonathan Barnes","=""0140449493""","=""9780140449495""",5,4.00,Penguin Classics,Paperback,329,2004,-350,2022/02/24,2021/12/01,,,read,,,,2,0
1181646,"How to Be a 3% Man, Winning the Heart of the Woman of Your Dreams",Corey Wayne,"Wayne, Corey",,"=""1411673360""","=""9781411673366""",5,4.21,Lulu.com,Paperback,270,2006,2006,2022/11/05,2022/10/25,,,read,Pure gold. I'll bet this saved me lifetime of stress and failing. Fun read also.,,,2,0
18894457,The Unwritten Laws of Engineering,W.J.  King,"King, W.J.",James G. Skakoon,"=""""","=""""",5,4.10,ASME Press (American Society of Mechanical Engineers),Kindle Edition,49,2001,,2021/10/31,2021/10/31,,,read,Has some realistic advice.,,,2,0
76778,The Martian Chronicles,Ray Bradbury,"Bradbury, Ray",Michael Whelan,"=""0553278223""","=""9780553278224""",2,4.16,Bantam/Spectra,Mass Market Paperback,182,1984,1950,2023/04/11,2023/01/26,,,read,Why can't I like this?,,,1,0
60705919,7 Rules of Power: Surprising--but True--Advice on How to Get Things Done and Advance Your Career,Jeffrey Pfeffer,"Pfeffer, Jeffrey",,"=""1637741235""","=""9781637741238""",5,4.05,Matt Holt Books,Kindle Edition,240,2022,,2023/04/11,2023/04/11,,,read,Seems to have a lot of truth in it.,,,1,0
4865,How to Win Friends & Influence People,Dale Carnegie,"Carnegie, Dale",,"=""""","=""""",5,4.22,Gallery Books,Paperback,288,1998,1936,2023/04/11,2020/10/23,,,read,,,,2,1
2122,The Fountainhead,Ayn Rand,"Rand, Ayn",Leonard Peikoff,"=""""","=""""",5,3.89,Signet Book,Mass Market Paperback,704,1996,1943,2021/08/03,2021/01/13,,,read,"I can see on modern days that many people life out of other people. For example those who want likes in Instagram, Snapchat, Facebook, etc... It's really a illusion of happiness that comes from those likes. And that energy should be channeled to towards some achievement close in hearth and thus a real happiness can follow from following that path set on yourself.",,,2,0
662,Atlas Shrugged,Ayn Rand,"Rand, Ayn",Leonard Peikoff,"=""0452011876""","=""9780452011878""",5,3.69,Plume,Paperback,1168,1999,1957,2023/04/11,2021/01/12,,,read,,,,4,1
436562,R.U.R.,Karel Čapek,"Čapek, Karel",,"=""""","=""""",5,3.84,"Dover Publications, Inc.",Paperback,58,2001,1920,2023/04/11,2023/01/05,,,read,Really enjoyable and educational on robotics.,,,1,0
23168809,"The End of All Things (Old Man's War, #6)",John Scalzi,"Scalzi, John",,"=""0765376075""","=""9780765376077""",4,4.00,Tor Books,Hardcover,380,2015,2015,2023/04/10,2023/02/24,,,read,,,,1,0
15698479,"The Human Division (Old Man's War, #5)",John Scalzi,"Scalzi, John",,"=""0765333511""","=""9780765333513""",3,4.09,Tor Books,Hardcover,431,2013,2013,2023/04/10,2023/02/24,,,read,,,,1,0
54894464,Politics in the European Union,Simon Bulmer,"Bulmer, Simon","Owen Parker, Ian Bache, Stephen George, Charlotte Burns","=""0198820631""","=""9780198820635""",0,3.56,Oxford University Press,Paperback,632,2020,2006,2023/01/01,2023/02/27,,,read,,,,1,0
44767458,Dune (Dune #1),Frank Herbert,"Herbert, Frank",,"=""059309932X""","=""9780593099322""",5,4.28,Ace,Hardcover,658,2019,1965,2023/04/09,2022/11/07,,,read,Mystical and rather fantastic plot. A classic and original definer. The highest honour.,,,1,0
32594630,"Ankallissankari (Aku Ankan taskukirja, #176)",Walt Disney Company,"Company, Walt Disney","Heimo Lepikkö, Sirkku Mäkelä, Raimo Aaltonen","=""951875683X""","=""""",3,3.20,Helsinki Media,Paperback,512,1994,,2023/04/06,2023/04/06,,,read,,,,1,0
32572068,"Luonnon ihmeitä (Aku Ankan taskukirja, #164)",Walt Disney Company,"Company, Walt Disney","Ossi Viskari, Raimo Aaltonen","=""9518754861""","=""""",4,3.25,Sanomaprint,Paperback,256,1993,,2023/04/06,2023/04/05,,,read,,,,1,0
32572058,"Siipiveikkojen suosikki (Aku Ankan taskukirja, #163)",Walt Disney Company,"Company, Walt Disney","Sirkku Mäkelä, Raimo Aaltonen","=""9518754853""","=""""",4,3.25,Sanomaprint,Paperback,256,1993,,2023/04/06,2023/04/05,,,read,,,,1,0
56060300,"Heartstopper: Volume Four (Heartstopper, #4)",Alice Oseman,"Oseman, Alice",,"=""1338617567""","=""9781338617566""",2,4.58,Graphix,Hardcover,384,2022,2021,2023/04/05,2023/04/05,,,read,,,,1,0
32572046,"Koira vieköön! (Aku Ankan taskukirja, #162)",Walt Disney Company,"Company, Walt Disney","Ilkka Salama, Raimo Aaltonen","=""9518754845""","=""""",4,3.20,Sanomaprint,Paperback,256,1993,,2023/04/05,2023/04/05,,,read,,,,1,0
43449920,"Heartstopper: Volume Three (Heartstopper, #3)",Alice Oseman,"Oseman, Alice",,"=""""","=""""",3,4.55,Hodder Children's Books,Paperback,384,2020,2020,2023/04/05,2023/04/05,,,read,,,,1,0
43307358,"Heartstopper: Volume Two (Heartstopper, #2)",Alice Oseman,"Oseman, Alice",,"=""1444951408""","=""9781444951400""",3,4.51,Hodder Children's Books,Paperback,320,2019,2019,2023/04/05,2023/04/05,,,read,,,,1,0
40495957,"Heartstopper: Volume One (Heartstopper, #1)",Alice Oseman,"Oseman, Alice",,"=""152722533X""","=""9781527225336""",3,4.43,Selfpublished,Paperback,288,2018,2018,2023/04/05,2023/04/05,,,read,,,,1,0
30653852,"The Golden Passport: Harvard Business School, the Limits of Capitalism, and the Moral Failure of the MBA Elite",Duff McDonald,"McDonald, Duff",,"=""0062347179""","=""9780062347176""",5,3.42,Harper Business,Hardcover,672,2017,2017,2023/03/30,2023/03/17,,,read,Business School is BS school. This book was terrifily eye opening read and a years saver.,,,1,0
98897,"Why We Want You To Be Rich: Two Men, One Message",Donald J. Trump,"Trump, Donald J.",Robert T. Kiyosaki,"=""1933914025""","=""9781933914022""",5,3.97,Rich Press,Hardcover,345,2006,2006,2021/07/15,2021/07/15,,,read,,,,2,0
13542055,Born to Win: Find Your Success Code,Zig Ziglar,"Ziglar, Zig",,"=""""","=""""",4,4.16,AudioInk,Kindle Edition,205,2012,2012,2023/03/16,2023/03/16,,,read,,,,1,0
207503,"A Gentleman Gets Dressed Up: What to Wear, How to Wear It, and When to Wear It (Gentlemanners Book.)",John Bridges,"Bridges, John",,"=""1401601111""","=""9781401601119""",3,3.92,Rutledge Hill Pr,Hardcover,192,2003,,2023/03/16,2023/03/16,,,read,,,,1,0
207502,As a Gentleman Would Say: Responses to Life's Important (And Sometimes Awkward) Situations,John Bridges,"Bridges, John",Bryan Curtis,"=""1558538461""","=""9781558538467""",4,3.83,Rutledge Hill Pr,Hardcover,177,2001,2001,2023/03/16,2023/03/16,,,read,Being gentleman isn't always the best thing. But beats being a nothing. I guess being a gentleman + focused on vision is good synergy.,,,1,0
190422,Politics in the European Union,Ian Bache,"Bache, Ian",Stephen George,"=""0199276587""","=""9780199276585""",3,3.56,Oxford University Press,Paperback,650,2006,2006,2023/03/16,2023/02/27,,,read,"If I can finish this book, then nothing ought to be impossible for me.",,,1,0
62870951,The Nations of NATO: Shaping the Alliance's Relevance and Cohesion,Thierry Tardy,"Tardy, Thierry",,"=""0192855530""","=""9780192855534""",5,4.25,Oxford University Press,Hardcover,342,2023,,2023/03/16,2023/03/06,,,read,Comprehensive account of different Nato countries and their interests.,,,1,0
30753823,The Land of Enterprise: A Business History of the United States,Benjamin C. Waterhouse,"Waterhouse, Benjamin C.",,"=""1476766649""","=""9781476766645""",5,3.81,Simon & Schuster,Hardcover,288,2017,,2023/03/05,2023/01/27,,,read,,,,1,0
451565,"Human, All Too Human: A Book for Free Spirits",Friedrich Nietzsche,"Nietzsche, Friedrich","R.J. Hollingdale, Richard Schacht","=""0521567041""","=""9780521567046""",4,4.19,Cambridge University Press,Paperback,428,1996,1878,2023/03/05,2023/01/24,,,read,,,,1,0
4934,The Brothers Karamazov,Fyodor Dostoevsky,"Dostoevsky, Fyodor","Richard Pevear, Larissa Volokhonsky","=""0374528373""","=""9780374528379""",3,4.39,"Farrar, Straus and Giroux",Paperback,796,2002,1880,2023/03/05,2023/01/24,,,read,"Hard book which is brilliant, yet I don't like that characters are so much more detailed than the plot. Plot is awful, characters are overkill in many places, thus making this book a humongous enumeration of character details.",,,1,0
5695,Demons,Fyodor Dostoevsky,"Dostoevsky, Fyodor","Richard Pevear, Larissa Volokhonsky","=""""","=""""",3,4.31,Vintage,Paperback,733,1995,1872,2023/03/05,2023/01/24,,,read,,,,1,0
59571984,Inventor of the Future: The Visionary Life of Buckminster Fuller,Alec Nevala-Lee,"Nevala-Lee, Alec",,"=""0062947222""","=""9780062947222""",4,3.66,Dey Street Books,Hardcover,672,2022,2022,2023/03/04,2023/03/01,,,read,"Seth Godin but revolutionary and intelligent although really confusing intellectual. This is good book, but I think Buckminster was rather flawed in many ways. ",,,1,0
69571,"Rich Dad, Poor Dad",Robert T. Kiyosaki,"Kiyosaki, Robert T.",,"=""0751532711""","=""9780751532715""",5,4.10,Time Warner Books UK,Paperback,195,2001,1997,2021/05/18,2021/01/25,,,read,,,,2,0
7190,The Three Musketeers,Alexandre Dumas,"Dumas, Alexandre","Richard Pevear, Philip Bates, William Barrow, August Zoller, Marisa Zini, Moshe Ukle, Pierre Toutain-Dorbec, John      Lee, Jacques Georges Clemenc Le Clercq, Natalie Montoto, S.M. Sheley, Daniel Rasmusson, Louis Jourdan, Walter Covell, Michael Page, Michael Hugh Johnson, Sylvie Thorel-Cailleteau, Milo Winter, Bill Homewood, Arthur Paul John Charles James Gore Sudley, S.N. Rizvi, Giorgio Manganelli, William Robson, Isabel Ely Lord, Александр Дюма","=""""","=""""",5,4.10,Modern Library,Paperback,625,2001,1844,2023/03/03,2022/11/26,,,read,This book gets me to feel alive. I shall read this every year of my life together with the rest of the series.,,,1,0
2102600,"Zoe's Tale (Old Man's War, #4)",John Scalzi,"Scalzi, John",,"=""0765316986""","=""9780765316981""",3,3.78,Tor Books,Hardcover,335,2008,2008,2023/03/01,2023/02/24,,,read,,,,1,0
88071,"The Last Colony (Old Man's War, #3)",John Scalzi,"Scalzi, John",,"=""0765316978""","=""9780765316974""",5,4.10,Tor Books,Hardcover,320,2007,2007,2023/02/26,2023/02/24,,,read,Starting a colony with the amish. Truly great idea.,,,1,0
60127809,Red-Handed: How American Elites Get Rich Helping China Win,Peter Schweizer,"Schweizer, Peter",,"=""0063061163""","=""9780063061163""",4,4.35,Harper,Kindle Edition,348,2022,2022,2023/02/27,2023/02/24,,,read,,,,1,0
50173134,Apocalypse Never: Why Environmental Alarmism Hurts Us All,Michael Shellenberger,"Shellenberger, Michael",,"=""0063001705""","=""9780063001701""",5,4.17,Harper,ebook,272,2020,2020,2023/02/27,2023/02/26,,,read,Nuclear & gas are clean sources of energy.,,,1,0
641604,Purple Cow: Transform Your Business by Being Remarkable,Seth Godin,"Godin, Seth",,"=""159184021X""","=""9781591840213""",1,3.78,Portfolio,Hardcover,145,2003,,2023/02/27,2023/02/27,,,read,Sell good product. 101 beginner thinking from Seth Godin.,,,1,0
36165029,A Little Bit of Wicca: An Introduction to Witchcraft (Little Bit Series Book 8),Cassandra Eason,"Eason, Cassandra",,"=""""","=""""",3,3.57,Sterling Ethos,Kindle Edition,122,2017,,2023/02/26,2023/02/26,,,read,,,,1,0
7588,A Portrait of the Artist as a Young Man,James Joyce,"Joyce, James",Seamus Deane,"=""0142437344""","=""9780142437346""",1,3.64,Penguin Classics,Paperback,329,2003,1916,2023/01/01,2023/02/26,,,read,,,,1,0
188572,The Complete Sherlock Holmes,Arthur Conan Doyle,"Doyle, Arthur Conan",,"=""""","=""""",5,4.51,Bantam Classics,Paperback,1796,1986,1927,2023/01/01,2023/02/26,,,read,,,,1,0
239399,"The Ghost Brigades (Old Man's War, #2)",John Scalzi,"Scalzi, John",,"=""0765354063""","=""9780765354068""",5,4.12,Tom Doherty Associates,Mass Market Paperback,343,2007,2006,2023/02/25,2023/02/24,,,read,,,,1,0
54681884,The Secret to Money Masterclass,Rhonda Byrne,"Byrne, Rhonda",,"=""1797116533""","=""9781797116532""",3,4.22,Simon & Schuster Audio,Audible Audio,,2020,2020,2023/02/25,2023/02/25,,,read,,,,1,0
630591,The Strangest Secret,Earl Nightingale,"Nightingale, Earl",,"=""9562912671""","=""9789562912679""",5,4.43,BN Publishing,Paperback,96,2006,1956,2023/02/25,2023/02/25,,,read,,,,1,0
36510196,"Old Man's War (Old Man's War, #1)",John Scalzi,"Scalzi, John",,"=""""","=""""",5,4.23,Tor Books,Kindle Edition,318,2007,2005,2023/02/25,2023/02/24,,,read,Really good. A page turner for me.,,,1,0
48712433,Guilt by Accusation: The Challenge of Proving Innocence in the Age of #MeToo,Alan M. Dershowitz,"Dershowitz, Alan M.",,"=""1510757562""","=""9781510757561""",5,3.95,Hot Books,Kindle Edition,152,2019,,2023/02/24,2023/02/24,,,read,,,,1,0
13260131,"No, They Can't: Why Government Fails-But Individuals Succeed",John Stossel,"Stossel, John",,"=""1451640943""","=""9781451640946""",5,4.25,Threshold Editions,Hardcover,306,2012,2012,2023/02/24,2023/02/22,,,read,Most American feeling American. Indeed probably is.,,,1,0
5818570,Who Was Walt Disney?,Whitney Stewart,"Stewart, Whitney",Nancy Harrison,"=""0448450526""","=""9780448450520""",5,4.17,Grosset&Dunlap,Paperback,112,2012,2009,2023/02/24,2023/02/24,,,read,One should try even if something was unreasonable in the present moment. That is if the idea will be actually something that will set reality right later on.,,,1,0
48720807,Epstein: Dead Men Tell No Tales (Front Page Detectives),Dylan Howard,"Howard, Dylan","Melissa Cronin, James  Robertson","=""""","=""""",5,3.66,Skyhorse,Kindle Edition,218,2019,2019,2023/02/24,2023/02/24,,,read,Pure evil. Watchout math people.,,,1,0
250792,Ain't I a Woman: Black Women and Feminism,bell hooks,"hooks, bell",,"=""089608129X""","=""9780896081291""",3,4.51,South End Press,Paperback,205,1999,1981,2023/02/24,2023/02/24,,,read,,,,1,0
35099718,So You Want to Talk About Race,Ijeoma Oluo,"Oluo, Ijeoma",,"=""1580056776""","=""9781580056779""",1,4.49,Seal Press,Hardcover,248,2018,2018,2023/02/24,2023/02/24,,,read,,,,1,0
34196216,The Boy Crisis: Why Our Boys Are Struggling and What We Can Do About It,Warren Farrell,"Farrell, Warren",John Gray,"=""1942952716""","=""9781942952718""",3,3.91,BenBella Books,Hardcover,368,2018,2019,2023/02/24,2023/02/23,,,read,,,,1,0
56906303,BLM: The Making of a New Marxist Revolution,Mike  Gonzalez,"Gonzalez, Mike",,"=""1641772247""","=""9781641772242""",5,4.30,Encounter Books,Kindle Edition,264,2021,,2023/02/23,2023/02/23,,,read,,,,1,0
851994,Twilight of the Idols,Friedrich Nietzsche,"Nietzsche, Friedrich","Richard Polt, Tracy B. Strong","=""0872203549""","=""9780872203549""",5,3.95,"Hackett Publishing Company, Inc.",Paperback,128,1997,1889,2023/02/22,2023/01/24,,,read,This has good critique of matters that are understandable IMO.,,,1,0
68040931,The Formation of the Federal Reserve: The Early History of America’s Central Banking System,Charles River Editors,"Editors, Charles River",,"=""""","=""""",5,3.58,Charles River Editors,Kindle Edition,51,2022,,2023/02/22,2023/02/22,,,read,,,,1,0
57055498,The Dutch Revolt: The History of the Dutch Republic’s War of Independence against Spain,Charles River Editors,"Editors, Charles River",,"=""""","=""""",4,3.24,Charles River Editors,Kindle Edition,58,2021,,2023/02/22,2023/02/22,,,read,,,,1,0
59589019,"The Abolition of Sex: How the ""Transgender"" Agenda Harms Women and Girls",Kara Dansky,"Dansky, Kara",,"=""1637582293""","=""9781637582299""",5,4.24,Bombardier Books,Hardcover,142,2021,2021,2023/02/22,2023/02/22,,,read,,,,1,0
16250174,WTF?: What's the Future of Business?: Changing the Way Businesses Create Experiences,Brian Solis,"Solis, Brian",,"=""111845653X""","=""9781118456538""",3,3.77,Wiley,Hardcover,224,2013,2012,2023/02/22,2023/02/22,,,read,,,,1,0
19118014,The Seven Sermons to the Dead,C.G. Jung,"Jung, C.G.",,"=""""","=""""",3,3.99,,Kindle Edition,17,2013,1925,2023/02/21,2023/02/19,,,read,,,,1,0
20949,American Caesar: Douglas MacArthur 1880-1964,William Manchester,"Manchester, William",,"=""0316544981""","=""9780316544986""",5,4.09,"Little, Brown & Company (Boston/Toronto)",Hardcover,811,1978,1978,2023/02/21,2022/12/25,,,read,What a man. Egoists are optimists was interesting quote.,,,1,0
39938168,The New Rules of War: Victory in the Age of Durable Disorder,Sean McFate,"McFate, Sean",,"=""0062843583""","=""9780062843586""",5,3.96,William Morrow Paperbacks,Hardcover,336,2019,2019,2023/02/21,2023/02/21,,,read,This changed my thinking IE opened it up.,,,1,0
685691,The Joyful Wisdom,Friedrich Nietzsche,"Nietzsche, Friedrich",,"=""1410204820""","=""9781410204820""",5,4.26,University Press of the Pacific,Paperback,380,2003,1882,2023/02/21,2023/02/19,,,read,,,,1,0
12857,The Gambler,Fyodor Dostoevsky,"Dostoevsky, Fyodor",Constance Garnett,"=""""","=""""",4,3.91,Modern Library,Paperback,188,2003,1866,2023/02/20,2023/01/24,,,read,,,,1,0
357636,Civilization and Its Discontents,Sigmund Freud,"Freud, Sigmund","Peter Gay, James Strachey","=""0393301583""","=""9780393301588""",4,3.79,W. W. Norton  Company,Paperback,127,1989,1930,2023/02/20,2023/01/25,,,read,,,,1,0
160629,"A Bear Called Paddington (Paddington, #1)",Michael Bond,"Bond, Michael",Peggy Fortnum,"=""0007174160""","=""9780007174164""",4,4.24,Harpercollins Childs,Paperback,159,2003,1958,2023/02/20,2023/02/19,,,read,,,,1,0
16131,The House of Morgan: An American Banking Dynasty and the Rise of Modern Finance,Ron Chernow,"Chernow, Ron",,"=""0802138292""","=""9780802138293""",5,3.96,Grove Press,Paperback,812,2001,1990,2023/02/18,2022/11/06,,,read,,,,1,0
1413941,Admiral of the Ocean Sea: A Life of Christopher Columbus,Samuel Eliot Morison,"Morison, Samuel Eliot",,"=""0316584789""","=""9780316584784""",5,4.12,"Little, Brown and Company",Paperback,680,1991,1942,2023/02/16,2022/11/06,,,read,"A great man of that time of age. Today less so, but then fully.",,,1,0
402843,"Zen Mind, Beginner's Mind: Informal Talks on Zen Meditation and Practice",Shunryu Suzuki,"Suzuki, Shunryu","Trudy Dixon, Huston Smith, Richard Baker","=""0834800799""","=""9780834800793""",5,4.21,Weatherhill,Paperback,138,1970,1970,2021/07/08,2021/07/08,,,read,Much wisdom here.,,,2,0
48613493,Confess: The Autobiography,Rob Halford,"Halford, Rob",,"=""0306874946""","=""9780306874949""",5,4.40,"Hachette Books/Hachette Book Group, Inc.",Hardcover,355,2020,2020,2023/02/15,2023/01/24,,,read,I read this book because You've got another thing comin',,,1,0
6402364,"SuperFreakonomics: Global Cooling, Patriotic Prostitutes And Why Suicide Bombers Should Buy Life Insurance",Steven D. Levitt,"Levitt, Steven D.",Stephen J. Dubner,"=""0060889578""","=""9780060889579""",4,4.00,William Morrow,Hardcover,270,2009,2009,2023/01/31,2023/01/31,,,read,,,,2,0
51893,Thus Spoke Zarathustra,Friedrich Nietzsche,"Nietzsche, Friedrich","Walter Kaufmann, Silvia Cecchini, Domenico Ciampoli","=""""","=""""",5,4.07,Penguin Books,Paperback,327,1978,1883,2023/02/15,2022/11/26,,,read,I understand Nietzsche fully. Scary.,,,1,0
161789,The Toyota Way: 14 Management Principles from the World's Greatest Manufacturer,Jeffrey K. Liker,"Liker, Jeffrey K.",,"=""0071392319""","=""9780071392310""",5,4.07,McGraw Hill,Hardcover,330,2004,2003,2023/02/15,2023/01/11,,,read,Yep this book is better than most. I will use a lot of this books knowledge to help me in my business.,,,1,0
18288,Critique of Pure Reason,Immanuel Kant,"Kant, Immanuel","Paul Guyer, Allen W. Wood","=""0521657296""","=""9780521657297""",2,3.96,Cambridge University Press,Paperback,785,1999,1781,2023/02/15,2022/11/26,,,read,"Ideas might be good, but prose is terrible. I need Kant course in order to understand this. This text didn't help at understanding. I believe it's suboptimal way of conveying these ideas.",,,1,0
646175,Modern Man in Search of a Soul,C.G. Jung,"Jung, C.G.","W.S. Dell, Cary F. Baynes","=""0156612062""","=""9780156612067""",4,4.20,Harcourt ,Paperback,244,1955,1931,,2023/01/24,,,read,"Confusing, but also reflectingly refreshing book.",,,1,0
123632,Man and His Symbols,C.G. Jung,"Jung, C.G.","Joseph L. Henderson, Aniela Jaffé, Jolande Jacobi, Marie-Louise von Franz, John    Freeman","=""0440351839""","=""9780440351832""",5,4.19,Dell,Mass Market Paperback,415,1968,1964,2023/02/12,2022/12/27,,,read,Dream analysis is pretty funky.,,,1,0
313605,Getting to Yes: Negotiating Agreement Without Giving In,Roger Fisher,"Fisher, Roger","William Ury, Bruce Patton","=""0140157352""","=""9780140157352""",5,3.94,Penguin Group,Paperback,200,1992,1981,2023/02/12,2023/01/11,,,read,This covers good basics. Probably enough for getting 80 of the benefit from knowing how to negotiate.,,,1,0
34890015,Factfulness: Ten Reasons We're Wrong About the World – and Why Things Are Better Than You Think,Hans Rosling,"Rosling, Hans","Ola Rosling, Anna Rosling Rönnlund","=""1473637465""","=""9781473637467""",4,4.36,Sceptre,Hardcover,342,2018,2018,2023/02/12,2023/01/24,,,read,"World is a good place. Although I already belonged to that small part of people who always thought that it's pretty good to be alive. Nothing is impossible to solve, thus I'm optimist.",,,1,0
27424325,One Thousand Ways to Make $1000,F.C. Minaker,"Minaker, F.C.",,"=""""","=""""",5,4.01,,Kindle Edition,410,2015,2010,2023/02/12,2023/01/24,,,read,Very empowering to hear all of these businesses started from the ground without hardly any capital.,,,1,0
6732019,Rework,Jason Fried,"Fried, Jason",David Heinemeier Hansson,"=""0307463745""","=""9780307463746""",5,3.98,Crown Currency,Hardcover,279,2010,2010,2021/07/10,2021/01/13,,,read,,,,1,0
4891811,The Knack: How Street-Smart Entrepreneurs Learn to Handle Whatever Comes Up,Norm Brodsky,"Brodsky, Norm",Bo Burlingham,"=""1591842212""","=""9781591842217""",0,3.88,Portfolio Hardcover,Hardcover,256,2008,2008,,2023/01/11,,,read,,,,1,0
11865558,Venture Deals: Be Smarter Than Your Lawyer and Venture Capitalist,Brad Feld,"Feld, Brad",Jason Mendelson,"=""0470929820""","=""9780470929827""",5,4.11,Wiley,Hardcover,240,2011,2011,2021/07/03,2021/05/23,,,read,,,,1,0
590652,The Slight Edge,Jeff Olson,"Olson, Jeff",,"=""0967285550""","=""9780967285559""",5,4.29,Momentum Media,Paperback,168,2005,2005,2021/10/15,2021/09/21,,,read,,,,1,0
61329,Crossing the Chasm: Marketing and Selling High-Tech Products to Mainstream Customers,Geoffrey A. Moore,"Moore, Geoffrey A.",Regis McKenna,"=""0060517123""","=""9780060517120""",5,4.02,HarperBusiness,Paperback,211,2006,2006,2021/07/03,2021/01/13,,,read,,,,1,0
13720452,Fundamentals of Corporate Finance,Robert Parrino,"Parrino, Robert","David S. Kidwell, Thomas W. Bates","=""0470876441""","=""9780470876442""",3,3.42,Wiley,Hardcover,784,2011,2008,,2023/01/04,,,read,,,,1,0
28815,Influence: The Psychology of Persuasion,Robert B. Cialdini,"Cialdini, Robert B.",,"=""006124189X""","=""9780061241895""",5,4.22,Harper Business,Paperback,320,2006,1984,2022/08/17,2022/01/02,,,read,Amazing reread.,,,1,0
43726517,Hello World: Being Human in the Age of Algorithms,Hannah Fry,"Fry, Hannah",,"=""0393357368""","=""9780393357363""",1,4.11,W. W. Norton & Company,Paperback,256,2019,2018,2023/02/02,2023/01/31,,,read,,,,1,0
8255917,Washington: A Life,Ron Chernow,"Chernow, Ron",,"=""1594202664""","=""9781594202667""",1,4.17,Penguin Press,Hardcover,904,2010,2010,,2023/01/24,,,read,,,Joseph Ellis book used for getting main gist of Washington's life.,1,0
2054761,The Snowball: Warren Buffett and the Business of Life,Alice Schroeder,"Schroeder, Alice",,"=""0553805096""","=""9780553805093""",1,4.16,Bantam Books,Hardcover,960,2008,2008,,2023/01/01,,,read,,,,1,0
118824,Walt Disney: The Triumph of the American Imagination,Neal Gabler,"Gabler, Neal",,"=""067943822X""","=""9780679438229""",1,4.06,Alfred A. Knopf,Hardcover,851,2006,2006,,2023/01/24,,,read,,,,1,0
4898,Blue Ocean Strategy: How to Create Uncontested Market Space and Make the Competition Irrelevant,W. Chan Kim,"Kim, W. Chan",Renée Mauborgne,"=""1591396190""","=""9781591396192""",5,4.01,Harvard Business Review Press,Hardcover,240,2005,2004,2023/02/10,2021/12/04,,,read,Rereading before going ahead on my own.,,,1,0
48856801,All In: How Obsessive Leaders Achieve the Extraordinary,Robert Bruce Shaw,"Shaw, Robert Bruce",,"=""1400212200""","=""9781400212200""",5,3.73,HarperCollins Leadership,Hardcover,224,2020,2020,2021/12/10,2021/11/29,,,read,One of my favorites.,,,2,0
40162869,The Oxford Handbook of IPOs (Oxford Handbooks),Douglas J. Cumming,"Cumming, Douglas J.",Sofia A. Johan,"=""0190614579""","=""9780190614577""",3,3.75,Oxford University Press,Hardcover,840,2019,2018,2023/02/10,2023/01/04,,,read,,,,1,0
12282161,Kuolleet sielut,Nikolai Gogol,"Gogol, Nikolai","Jalo Kalima, Vappu Orlov","=""9510350060""","=""9789510350065""",5,3.98,WSOY,Hardcover,298,2009,1842,2021/07/08,2021/07/08,,,read,,,,1,0
113934,The Goal: A Process of Ongoing Improvement,Eliyahu M. Goldratt,"Goldratt, Eliyahu M.",Jeff Cox,"=""0884271781""","=""9780884271789""",5,4.08,North River Press,Paperback,384,2004,1984,2021/12/20,2021/11/29,,,read,"Read this on one sitting, yet need to return to fully grasp.",,,1,0
76865,Good to Great: Why Some Companies Make the Leap... and Others Don't,Jim Collins,"Collins, Jim",,"=""0066620996""","=""9780066620992""",5,4.12,Harper Business,Hardcover,300,2001,2001,2021/07/02,2021/07/01,,,read,,,,1,0
4122,"Built to Last: Successful Habits of Visionary Companies (Good to Great, 2)",Jim Collins,"Collins, Jim",Jerry I. Porras,"=""0060566108""","=""9780060566104""",5,4.06,Harper Business,Hardcover,368,2004,1994,2021/06/29,2021/05/20,,,read,,,,1,0
26210508,Alchemy: The Surprising Power of Ideas That Don't Make Sense,Rory Sutherland,"Sutherland, Rory",,"=""0753556510""","=""9780753556511""",5,4.21,WH Allen,Paperback,384,2019,2019,2023/01/01,2021/01/24,,,read,"This is the one of the books I will refer back after ""You-Know-What"" has happened.",,,2,1
25744928,Deep Work: Rules for Focused Success in a Distracted World,Cal Newport,"Newport, Cal",,"=""1455586692""","=""9781455586691""",5,4.16,Grand Central Publishing,Hardcover,296,2016,2016,,2020/10/23,,,read,,,,1,0
1772910,White Nights,Fyodor Dostoevsky,"Dostoevsky, Fyodor","Olga Shartse, Fyodor Dostoyevsky","=""""","=""""",5,4.08,,Paperback,82,1848,1848,2023/02/09,2023/01/24,,,read,Something very enjoyable and intellectual about this story.,,,1,0
13270,Poetics,Aristotle,"Aristotle, Aristotle",Malcolm Heath,"=""0140446362""","=""9780140446364""",4,3.83,Penguin Classics,Paperback,144,1996,-335,2021/05/29,2021/05/29,,,read,,,,2,0
17571483,"Mars, Inc.: The Billionaire's Club",Ben Bova,"Bova, Ben",,"=""1451639341""","=""9781451639346""",4,3.27,Baen,Hardcover,368,2013,2013,2023/02/08,2023/02/08,,,read,,,,1,0
28789663,Citizen Coke: The Making of Coca-Cola Capitalism,Bartow J. Elmore,"Elmore, Bartow J.",,"=""0393353346""","=""9780393353341""",2,3.73,W. W. Norton & Company,Paperback,448,2016,2014,2023/02/08,2023/01/31,,,read,,,,1,0
51291,How to Lie with Statistics,Darrell Huff,"Huff, Darrell",Irving Geis,"=""0393310728""","=""9780393310726""",4,3.84,W. W. Norton & Company,Paperback,142,1982,1954,2023/02/07,2023/01/11,,,read,,,,1,0
866222,Winning,Jack Welch,"Welch, Jack",Suzy Welch,"=""0060753943""","=""9780060753948""",5,3.86,Harper Business,Hardcover,384,2005,2005,2023/02/07,2022/11/09,,,read,,,,1,0
18064011,The 80/20 Principle and 92 Other Power Laws of Nature: The Science of Success,Richard Koch,"Koch, Richard",,"=""1857889185""","=""9781857889185""",3,3.67,Nicholas Brealey Publishing,Kindle Edition,338,2013,2013,2023/02/07,2023/02/04,,,read,,,,1,0
366330,Physics,Aristotle,"Aristotle, Aristotle","David Bostock, Robin Waterfield","=""0192823108""","=""9780192823106""",5,3.98,Oxford University Press,Paperback,382,1996,-340,2023/02/05,2023/01/31,,,read,,,,1,0
16884,The Making of the Atomic Bomb,Richard Rhodes,"Rhodes, Richard",,"=""0684813785""","=""9780684813783""",5,4.40,Simon & Schuster,Paperback,886,1995,1986,2023/02/04,2023/01/12,,,read,Dark & terrifying!,,,1,0
23316526,"The Second Machine Age: Work, Progress, and Prosperity in a Time of Brilliant Technologies",Erik Brynjolfsson,"Brynjolfsson, Erik",Andrew McAfee,"=""0393350649""","=""9780393350647""",4,3.91,W. W. Norton & Company,Paperback,336,2016,2014,2023/02/03,2023/01/31,,,read,,,,1,0
36484703,Prediction Machines: The Simple Economics of Artificial Intelligence,Ajay Agrawal,"Agrawal, Ajay","Joshua Gans, Avi Goldfarb","=""1633695689""","=""9781633695689""",3,3.86,Harvard Business Review Press,Kindle Edition,328,2018,,2023/02/02,2023/01/31,,,read,,,,1,0
24612233,The Master Algorithm: How the Quest for the Ultimate Learning Machine Will Remake Our World,Pedro Domingos,"Domingos, Pedro",,"=""0465065708""","=""9780465065707""",2,3.74,Basic Books,Hardcover,352,2015,2015,2023/02/02,2023/01/31,,,read,,,,1,0
28186015,Weapons of Math Destruction: How Big Data Increases Inequality and Threatens Democracy,Cathy O'Neil,"O'Neil, Cathy",,"=""0553418815""","=""9780553418811""",3,3.87,Crown,Hardcover,259,2016,2016,2023/02/02,2023/01/31,,,read,,,,1,0
38242135,"AI Superpowers: China, Silicon Valley, and the New World Order",Kai-Fu Lee,"Lee, Kai-Fu",,"=""132854639X""","=""9781328546395""",1,4.09,Harper Business,Hardcover,255,2018,2018,2023/02/02,2023/01/31,,,read,,,,1,0
534289,The I Ching or Book of Changes,Anonymous,"Anonymous, Anonymous","Richard Wilhelm, Cary F. Baynes, C.G. Jung","=""069109750X""","=""9780691097503""",4,4.19,Princeton University Press,Hardcover,740,1997,-850,2022/12/27,2022/11/26,,,read,,,,2,0
8094161,On Sense And The Sensible,Aristotle,"Aristotle, Aristotle",,"=""141913857X""","=""9781419138577""",3,3.26,Kessinger Publishing,Paperback,48,2004,2004,2023/02/01,2023/01/31,,,read,,,,1,0
781182,Barbarians at the Gate: The Fall of RJR Nabisco,Bryan Burrough,"Burrough, Bryan",John Helyar,"=""0060536357""","=""9780060536350""",5,4.28,HarperBus,Paperback,592,2005,1989,2023/02/01,2023/01/01,,,read,Light reading for an one day. Seems that people in Wall Street are like wolves for getting those fees.,,,1,0
705418,Limits to Growth: The 30-Year Update,Donella H. Meadows,"Meadows, Donella H.","Dennis L. Meadows, Jørgen Randers","=""193149858X""","=""9781931498586""",1,4.21,Chelsea Green,Paperback,338,2004,,2023/02/01,2023/01/10,,,read,Now. Has any of this happened? Shouldn't the society have collapsed already? Also technology reduces waste. Just ask anybody from Netherlands.,,,1,0
5590390,Magna Moralia (Spanish Edition),Aristotle,"Aristotle, Aristotle",,"=""9500393050""","=""9789500393058""",2,3.87,Losada/Argentina,Paperback,175,2004,-340,2023/02/01,2023/01/31,,,read,,,,1,0
8094128,On Memory and Reminiscence - Aristotle,Aristotle,"Aristotle, Aristotle",,"=""1595470441""","=""9781595470447""",3,3.30,Nuvision Publications,ebook,,2004,2004,2023/01/31,2023/01/31,,,read,,,,1,0
43238794,On Length And Shortness Of Life,Aristotle,"Aristotle, Aristotle",G.R.T. Ross,"=""""","=""""",2,3.02,,Unknown Binding,5,,2004,2023/01/31,2023/01/31,,,read,,,,1,0
6013533,On Youth and Old Age/On Life and Death/On Breathing,Aristotle,"Aristotle, Aristotle",,"=""141913891X""","=""9781419138911""",2,3.20,Kessinger Publishing,Paperback,48,2004,1897,2023/01/31,2023/01/31,,,read,,,,1,0
36064445,Skin in the Game: The Hidden Asymmetries in Daily Life,Nassim Nicholas Taleb,"Taleb, Nassim Nicholas",,"=""0241300657""","=""9780241300657""",1,3.91,Allen Lane,Paperback,272,2018,2018,2023/01/31,2023/01/24,,,read,,,,1,0
8271400,On Dreams,Aristotle,"Aristotle, Aristotle",,"=""1595470360""","=""9781595470362""",2,2.93,Nuvision Publications,Paperback,8,2004,1899,2023/01/31,2023/01/31,,,read,,,,1,0
9085655,On Sleep and Sleeplessness,Aristotle,"Aristotle, Aristotle",,"=""""","=""""",2,3.21,,Kindle Edition,12,,2004,2023/01/31,2023/01/31,,,read,,,,1,0
43233293,On Divination In Sleep,Aristotle,"Aristotle, Aristotle",J.I. Beare,"=""""","=""""",3,3.41,,Unknown Binding,4,,,2023/01/31,2023/01/31,,,read,,,,1,0
26240940,On Virtues and Vices,Pseudo-Aristotle,"Pseudo-Aristotle, Pseudo-Aristotle",,"=""""","=""""",4,3.47,,Unknown Binding,,,,2023/01/31,2023/01/31,,,read,"Good counsel even though might not be Aristotle. I think this pretty close to Nicomachean Ethics, which is my favorite work of all time. Nicomachean Ethics triumph over this like 10 to 1 because of it's larger scope.",,,1,0
14316071,Oeconomica,Aristotle,"Aristotle, Aristotle",,"=""1408610272""","=""9781408610275""",2,3.20,Frederiksen Pr,Paperback,136,2007,-250,2023/01/31,2023/01/31,,,read,,,,1,0
26241103,The Situations and Names of Winds,Pseudo-Aristotle,"Pseudo-Aristotle, Pseudo-Aristotle",,"=""""","=""""",2,2.50,,Unknown Binding,,,,2023/01/31,2023/01/31,,,read,,,,1,0
40121101,Rhetoric to Alexander,Aristotle,"Aristotle, Aristotle",,"=""1785167723""","=""9781785167720""",2,3.50,Aeterna Press,Paperback,66,2015,,2023/01/31,2023/01/31,,,read,,,,1,0
3725699,Meteorology,Aristotle,"Aristotle, Aristotle",E.W. Webster,"=""1420927485""","=""9781420927481""",4,3.35,Digireads.Com,Paperback,96,2006,1975,2023/01/31,2023/01/31,,,read,,,,1,0
1315167,On Generation and Corruption,Aristotle,"Aristotle, Aristotle",,"=""1425000878""","=""9781425000875""",4,3.53,CreateSpace Independent Publishing Platform,Paperback,160,2007,-336,2023/01/31,2023/01/31,,,read,,,,1,0
1031228,The Athenian Constitution,Aristotle,"Aristotle, Aristotle",,"=""0140444319""","=""9780140444315""",3,3.84,Leopold Classic Library,Paperback,82,2015,-328,2023/01/31,2023/01/31,,,read,,,,1,0
637344,On Man in the Universe,Louise Ropes Loomis,"Loomis, Louise Ropes",,"=""0517146843""","=""9780517146842""",1,3.91,Gramercy Books,Hardcover,496,1995,1943,2023/01/31,2023/01/31,,,read,,,,1,0
6903474,History of Animals: In Ten Books,Aristotle,"Aristotle, Aristotle",,"=""0559691343""","=""9780559691348""",4,3.64,BiblioLife,Paperback,340,2008,-300,2023/01/31,2023/01/31,,,read,,,,1,0
551356,"The Works of Aristotle, Vol. 7: On the Heavens",Aristotle,"Aristotle, Aristotle",Otto Schönberger,"=""0674993721""","=""9780674993723""",3,3.89,Loeb Classical Library 338,Hardcover,416,1970,-350,2023/01/31,2023/01/31,,,read,,,,1,0
3232,Minor Works,Aristotle,"Aristotle, Aristotle",W.S. Hett,"=""0674993381""","=""9780674993389""",3,4.18,Loeb Classical Library 307,Hardcover,528,1963,1963,2023/01/31,2023/01/31,,,read,,,,1,0
551353,Parts of Animals/Movement of Animals/Progression of Animals,Aristotle,"Aristotle, Aristotle","A.L. Peck, E.S. Forster","=""0674993578""","=""9780674993570""",4,3.75,Loeb Classical Library 323,Hardcover,560,1968,1968,2023/01/31,2023/01/31,,,read,Well the man was a genious. Ahead of his time in everything pretty much.,,,1,0
551351,Generation of Animals,Aristotle,"Aristotle, Aristotle",,"=""0674994035""","=""9780674994034""",4,3.57,Loeb Classical Library 366,Hardcover,688,1979,1978,2023/01/31,2023/01/31,,,read,,,,1,0
18414,Utopia,Thomas More,"More, Thomas",Paul  Turner,"=""0140449108""","=""9780140449105""",1,3.55,Penguin Classics,Paperback,113,2003,1516,2023/01/31,2023/01/25,,,read,,,,1,0
811970,Euthyphro,Plato,"Plato, Plato",Chris Emlyn-Jones,"=""1853991325""","=""9781853991325""",3,3.95,Bristol Classical Press,Paperback,120,1998,-399,2023/01/31,2023/01/31,,,read,,,,1,0
73945,Apology,Plato,"Plato, Plato",James J. Helm,"=""0865163480""","=""9780865163485""",3,4.19,Bolchazy-Carducci Publishers,Paperback,127,1997,-399,2023/01/31,2023/01/14,,,read,,,,1,0
1301,Moneyball,Michael   Lewis,"Lewis, Michael",,"=""0393324818""","=""9780393324815""",4,4.27,W. W. Norton & Company,Paperback,317,2004,2003,2023/01/31,2023/01/01,,,read,Do new stuff & use statistics. Keep on trying new things when all others are doing the same thing in a lump.,,,1,0
360882,Phaedrus (Hackett Classics),Plato,"Plato, Plato","Al Anderson, Alexander Nehamas, Paul Woodruff, William Sigalis","=""0872202208""","=""9780872202207""",3,3.96,"Hackett Publishing Company, Inc.",Paperback,144,1995,-370,2023/01/31,2023/01/14,,,read,,,,1,0
7624251,The Allegory of the Cave,Plato,"Plato, Plato",,"=""""","=""""",5,4.26,,,,,-380,,2023/01/31,,,read,,,,1,0
780072,Crito,Plato,"Plato, Plato",Chris Emlyn-Jones,"=""1853994693""","=""9781853994692""",5,3.93,Bristol Classical Press,paper,200,1999,-385,2023/01/31,2023/01/14,,,read,,,,1,0
340960,Theaetetus,Plato,"Plato, Plato",Robin H. Waterfield,"=""0140444505""","=""9780140444506""",5,4.11,Penguin Publishing Group,Paperback,264,1987,-369,2023/01/01,2023/01/30,,,read,Might be the most important work of Plato.,,,1,0
63432,3001: The Final Odyssey,Arthur C. Clarke,"Clarke, Arthur C.",,"=""0345438205""","=""9780345438201""",4,3.59,Del Rey,Mass Market Paperback,272,1999,1999,2023/01/30,2023/01/24,,,read,,,,1,0
35816,"2061: Odyssey Three  (Space Odyssey, #3)",Arthur C. Clarke,"Clarke, Arthur C.",,"=""0586203192""","=""9780586203194""",4,3.62,Voyager,Paperback,302,1997,1987,2023/01/30,2023/01/24,,,read,,,,1,0
70539,2010: Odyssey Two,Arthur C. Clarke,"Clarke, Arthur C.",,"=""0345413970""","=""9780345413970""",5,3.95,Random House Worlds,Paperback,320,1997,1982,2023/01/30,2023/01/24,,,read,,,,1,0
70535,"2001: A Space Odyssey (Space Odyssey, #1)",Arthur C. Clarke,"Clarke, Arthur C.",,"=""""","=""""",0,4.17,Roc,Paperback,297,2000,1968,2023/01/30,2023/01/30,,,read,,,,1,0
30578,The Laws of Plato,Plato,"Plato, Plato",Thomas L. Pangle,"=""0226671100""","=""9780226671109""",4,4.05,University of Chicago Press,Paperback,576,1988,-360,2023/01/30,2023/01/14,,,read,,,,1,0
1848,Wild Swans: Three Daughters of China,Jung Chang,"Chang, Jung",,"=""""","=""""",4,4.30,Simon & Schuster,Paperback,562,2003,1991,2023/01/30,2023/01/24,,,read,,,,1,0
168487,The Persian Expedition,Xenophon,"Xenophon, Xenophon","Rex Warner, George Cawkwell","=""0140440070""","=""9780140440072""",4,4.12,Penguin Classics,Paperback,375,1950,-400,2023/01/30,2023/01/30,,,read,,,,1,0
261243,History of the Peloponnesian War,Thucydides,"Thucydides, Thucydides","M.I. Finley, Rex Warner","=""0140440399""","=""9780140440393""",4,3.94,Penguin Books,Paperback,648,1972,-411,2023/01/30,2023/01/30,,,read,,,,1,0
20527133,"Superintelligence: Paths, Dangers, Strategies",Nick Bostrom,"Bostrom, Nick",,"=""0199678111""","=""9780199678112""",2,3.85,Oxford University Press,Hardcover,352,2014,2014,2023/01/30,2021/12/03,,,read,,,,1,0
103761,Zen in the Art of Writing: Releasing the Creative Genius Within You,Ray Bradbury,"Bradbury, Ray",,"=""0553296345""","=""9780553296341""",2,4.08,Bantam,Mass Market Paperback,158,1992,1973,2023/01/01,2023/01/30,,,read,,,,1,0
211099,"Losing My Virginity: How I've Survived, Had Fun, and Made a Fortune Doing Business My Way",Richard Branson,"Branson, Richard",,"=""0812932293""","=""9780812932294""",3,4.00,Crown Business,Paperback,416,1999,1998,2023/01/30,2023/01/01,,,read,,,,1,0
17660462,The Everything Store: Jeff Bezos and the Age of Amazon,Brad Stone,"Stone, Brad",,"=""0316219266""","=""9780316219266""",3,4.14,"Little, Brown and Company",Hardcover,384,2013,2013,2023/01/30,2023/01/01,,,read,,,,1,0
18728,No Ordinary Time: Franklin and Eleanor Roosevelt: The Home Front in World War II,Doris Kearns Goodwin,"Goodwin, Doris Kearns",,"=""0684804484""","=""9780684804484""",1,4.20,Simon & Schuster,Paperback,633,1995,1994,2023/01/30,2023/01/30,,,read,,,,1,0
43909000,Franklin D. Roosevelt: The Making of America #5,Teri Kanefield,"Kanefield, Teri",,"=""1419734024""","=""9781419734021""",3,3.96,Harry N. Abrams,Hardcover,256,2019,2019,2023/01/30,2023/01/29,,,read,Liked Stalin who was worse at least in numbers of death subjects compared to Hitler. Both deserve hate not liking although maybe this Gulag system was not known at the time of conferences.,,,1,0
3828902,Thinking In Systems: A Primer,Donella H. Meadows,"Meadows, Donella H.",Diana Wright,"=""1603580557""","=""9781603580557""",3,4.19,Chelsea Green Publishing,Paperback,218,2008,2008,2023/01/30,2022/11/26,,,read,Pretty good.,,,1,0
31785,The Will to Power,Friedrich Nietzsche,"Nietzsche, Friedrich","Walter Kaufmann, R.J. Hollingdale","=""0394704371""","=""9780394704371""",4,4.07,Vintage Books,Paperback,575,2011,1901,2023/01/29,2023/01/24,,,read,,,,1,0
1911,The World Is Flat: A Brief History of the Twenty-first Century,Thomas L. Friedman,"Friedman, Thomas L.",,"=""0374292795""","=""9780374292799""",4,3.69,"Farrar, Straus and Giroux (NY)",Hardcover,593,2006,2005,2023/01/29,2023/01/24,,,read,,,,1,0
41716904,Upheaval: Turning Points for Nations in Crisis,Jared Diamond,"Diamond, Jared",,"=""""","=""""",3,3.90,"Little, Brown and Company",Hardcover,512,2019,2019,2023/01/29,2023/01/27,,,read,,,,1,0
475,Collapse: How Societies Choose to Fail or Succeed,Jared Diamond,"Diamond, Jared",,"=""0143036556""","=""9780143036555""",3,3.93,Penguin Books Ltd. (London),Paperback,608,2005,2004,2023/01/29,2023/01/24,,,read,,,,1,0
17157,Marie Antoinette: The Journey,Antonia Fraser,"Fraser, Antonia",,"=""0307277747""","=""9780307277749""",3,3.94,Anchor,Paperback,512,2006,2001,2023/01/29,2023/01/24,,,read,,,,1,0
1362,The Histories,Herodotus,"Herodotus, Herodotus","John M. Marincola, Aubrey de Sélincourt, Betty Radice","=""0140449086""","=""9780140449082""",3,4.01,Penguin Books,Paperback,784,2003,-430,2023/01/29,2023/01/24,,,read,,,,1,0
9454,Phenomenology of Spirit,Georg Wilhelm Friedrich Hegel,"Hegel, Georg Wilhelm Friedrich","J.N. Findlay, A.V. Miller","=""0198245971""","=""9780198245971""",1,3.96,Oxford University Press,Paperback,640,1976,1807,2023/01/29,2023/01/25,,,read,,,,1,0
91767,Frida: A Biography of Frida Kahlo,Hayden Herrera,"Herrera, Hayden",,"=""0060085894""","=""9780060085896""",1,4.01,Harper Perennial,Paperback,528,2002,1983,2023/01/29,2023/01/24,,,read,,,,1,0
13588394,The Signal and the Noise: Why So Many Predictions Fail—But Some Don't,Nate Silver,"Silver, Nate",,"=""159420411X""","=""9781594204111""",1,3.97,Penguin,Hardcover,544,2012,2012,2023/01/29,2023/01/18,,,read,,,Read chapter 8. Skip rest. Chapter 8 is about less technical way of comprehending Bayes rule. Everything else is crap IMO.,1,0
35584849,Winston Churchill: A Captivating Guide to the Life of Winston S. Churchill (Biographies),Captivating History,"History, Captivating",,"=""""","=""""",5,3.99,,Kindle Edition,74,2017,,2023/01/29,2023/01/29,,,read,,,Used this to sum up The Last Lion. Because The Last Lion has way too many details for comprehensive integration of Churchill's life.,1,0
55751,"The Last Lion: Winston Spencer Churchill: Alone, 1932-40",William Manchester,"Manchester, William",,"=""0385313314""","=""9780385313315""",4,4.39,Bantam,Paperback,832,1989,1988,2023/01/29,2023/01/24,,,read,,,,1,0
19809,"The Last Lion: Winston Spencer Churchill: Visions of Glory, 1874-1932",William Manchester,"Manchester, William",,"=""0385313489""","=""9780385313483""",2,4.33,Bantam,Paperback,992,1984,1983,2023/01/29,2023/01/24,,,read,,,,1,0
746673,"The Last Lion: Winston Spencer Churchill: Defender of the Realm, 1940-1965",William Manchester,"Manchester, William",Paul   Reid,"=""0316547700""","=""9780316547703""",3,4.44,"Little, Brown & Company",Hardcover,1182,2012,2012,2023/01/29,2023/01/24,,,read,,,,1,0
10321016,"Pitch Anything: An Innovative Method for Presenting, Persuading, and Winning the Deal",Oren Klaff,"Klaff, Oren",,"=""0071752854""","=""9780071752855""",1,4.06,McGraw-Hill,Hardcover,240,2011,2011,2023/01/29,2023/01/11,,,read,,,,1,0
23878688,The 5 Love Languages: The Secret to Love that Lasts,Gary Chapman,"Chapman, Gary",,"=""0802492401""","=""9780802492401""",1,4.28,Northfield Publishing,Kindle Edition,232,2024,1990,2023/01/29,2023/01/01,,,read,,,,1,0
136181,The Halo Effect: ... and the Eight Other Business Delusions That Deceive Managers,Philip M. Rosenzweig,"Rosenzweig, Philip M.",,"=""0743291255""","=""9780743291255""",2,3.89,Free Press,Hardcover,256,2007,2007,2023/01/29,2023/01/11,,,read,,,,1,0
9402297,The Bed of Procrustes: Philosophical and Practical Aphorisms,Nassim Nicholas Taleb,"Taleb, Nassim Nicholas",,"=""1400069971""","=""9781400069972""",2,3.78,Random House,Hardcover,112,2010,2010,2023/01/29,2023/01/24,,,read,,,,1,0
1354,Gorgias,Plato,"Plato, Plato","Chris Emlyn-Jones, Walter Hamilton","=""0140449043""","=""9780140449044""",4,3.93,Penguin Classics,Paperback,208,2004,-380,2023/01/29,2023/01/14,,,read,,,,1,0
11472345,Deng Xiaoping and the Transformation of China,Ezra F. Vogel,"Vogel, Ezra F.",,"=""0674055446""","=""9780674055445""",5,4.46,Belknap Press,Hardcover,928,2011,2011,2023/01/27,2023/01/18,,,read,So basically he achieved the market for China. A great development no doubt.,,,1,0
51985,Existentialism is a Humanism,Jean-Paul Sartre,"Sartre, Jean-Paul","Arlette Elkaïm-Sartre, Annie Cohen-Solal, Carol Macomber","=""0300115466""","=""9780300115468""",2,3.98,Yale University Press,Paperback,122,2007,1946,2023/01/26,2023/01/25,,,read,,,,1,0
10569,On Writing: A Memoir of the Craft,Stephen        King,"King, Stephen",,"=""0743455967""","=""9780743455961""",5,4.34,Pocket Books,Mass Market Paperback,320,2002,2000,2023/01/25,2023/01/17,,,read,"Good philosophy, King seems like an probabilistic thinker tbh.",,,1,0
25817524,Alibaba: The House That Jack Ma Built,Duncan Clark,"Clark, Duncan",,"=""0062413406""","=""9780062413406""",5,3.87,Ecco,Hardcover,304,2016,2016,2023/01/24,2023/01/24,,,read,"First mover advantage, but Ma is/was a original first mover who knew his environment better than many others. His knowledge of China, people and of Tai Chi probably were key parts of his success.",,,1,0
2252215,Tai Chi,Paul Brecher,"Brecher, Paul",,"=""0007103395""","=""9780007103393""",3,3.33,Thorsons Pub,Hardcover,96,2001,2000,2023/01/24,2023/01/24,,,read,,,,1,0
41810,"The Robots of Dawn (Robot, #3)",Isaac Asimov,"Asimov, Isaac",,"=""0553299492""","=""9780553299496""",5,4.20,Spectra,Mass Market Paperback,435,1994,1983,2023/01/21,2022/11/09,,,read,,,,1,0
30016,"The Naked Sun (Robot, #2)",Isaac Asimov,"Asimov, Isaac",Chris     Moore,"=""""","=""""",5,4.19,HarperCollins Publishers,Mass Market Paperback,204,1993,1958,2023/01/19,2022/11/09,,,read,Less cynical Takeshi Kovacs character with a journey into another planet.,,,1,0
52908942,How to Avoid a Climate Disaster: The Solutions We Have and the Breakthroughs We Need,Bill  Gates,"Gates, Bill",,"=""0385546130""","=""9780385546133""",4,4.12,Knopf Publishing Group,Hardcover,288,2021,2021,2023/01/19,2023/01/19,,,read,,,,1,0
41811,"The Caves of Steel (Robot, #1)",Isaac Asimov,"Asimov, Isaac",,"=""""","=""""",5,4.19,Voyager,Mass Market Paperback,206,1997,1953,2023/01/19,2022/11/09,,,read,Detective robot story. Robots are kind of hated.,true,,1,0
26889576,The Big Short: Inside the Doomsday Machine,Michael   Lewis,"Lewis, Michael",,"=""039335315X""","=""9780393353150""",5,4.30,W. W. Norton & Company,Paperback,291,2015,2010,2023/01/18,2023/01/01,,,read,Watched the movie and understood. Masses are sometimes totally wrong. People attribute correct knowledge as being popular.,,,1,0
366821,The Evolution of Cooperation,Robert Axelrod,"Axelrod, Robert",Richard Dawkins,"=""0465005640""","=""9780465005642""",5,4.26,Basic Books,Paperback,264,2006,1984,2023/01/18,2023/01/10,,,read,Cooperation basically happens where both are better off by cooperating. Game theory 101.,,,1,0
12543,Bird by Bird,Anne Lamott,"Lamott, Anne",,"=""""","=""""",2,4.24,Anchor,Paperback,238,1995,1994,2023/01/18,2023/01/17,,,read,,,,1,0
615570,The Artist's Way: A Spiritual Path to Higher Creativity,Julia Cameron,"Cameron, Julia",,"=""1585421464""","=""9781585421466""",1,3.95,Jeremy P. Tarcher,Paperback,237,2002,2002,,2023/01/17,,,read,,,,1,0
8600,"Eats, Shoots & Leaves: The Zero Tolerance Approach to Punctuation",Lynne Truss,"Truss, Lynne",,"=""1592402038""","=""9781592402038""",1,3.87,The Penguin Group,Hardcover,209,2006,2003,,2023/01/17,,,read,,,,1,0
1346413,Charmides (Hackett Classics),Plato,"Plato, Plato",Benjamin Jowett,"=""0872200108""","=""9780872200104""",3,3.54,"Hackett Publishing Company, Inc.",Paperback,64,1986,-390,2023/01/01,2023/01/14,,,read,"Knowing what you know is only important in relation to the future learning, thus being able to focus on unknown knowledge. If you know everything, then knowledge of knowing doesn't have any value whatsoever.",,,1,0
1132944,Alcibiades,Plato,"Plato, Plato",Nicholas Denyer,"=""0521634148""","=""9780521634144""",3,3.83,Cambridge University Press,Paperback,268,2010,-300,2023/01/18,2023/01/14,,,read,,,,1,0
11300802,Lysis,Plato,"Plato, Plato",,"=""141913180X""","=""9781419131806""",2,3.60,Kessinger Publishing,Paperback,48,2004,-380,2023/01/18,2023/01/14,,,read,,,,1,0
1120792,Euthydemus (Hackett Classics),Plato,"Plato, Plato",Rosamond Kent Sprague,"=""0872202348""","=""9780872202344""",2,3.67,Hackett Publ. Company Inc.,Paperback,96,1993,-384,2023/01/18,2023/01/14,,,read,,,,1,0
160830,All Marketers Are Liars: The Power of Telling Authentic Stories in a Low-Trust World,Seth Godin,"Godin, Seth",,"=""1591841003""","=""9781591841005""",1,3.88,Portfolio Hardcover,Hardcover,208,2005,2005,2023/01/17,2023/01/11,,,read,,,,1,0
56454,Strengths Finder 2.0,Tom Rath,"Rath, Tom",,"=""159562015X""","=""9781595620156""",1,3.93,Gallup Press,Hardcover,174,2007,2007,2023/01/17,2023/01/11,,,read,,,,1,0
50937,"First, Break All the Rules: What the World's Greatest Managers Do Differently",Marcus Buckingham,"Buckingham, Marcus",Curt Coffman,"=""0684852861""","=""9780684852867""",1,3.94,Gallup Press,Hardcover,271,1999,1998,2023/01/17,2023/01/11,,,read,,,,1,0
2251306,"Brain Rules: 12 Principles for Surviving and Thriving at Work, Home, and School (Book & DVD)",John Medina,"Medina, John",,"=""0979777704""","=""9780979777707""",3,4.01,Pear Press,Hardcover,301,2008,2008,2023/01/17,2023/01/11,,,read,Common sense.,,,1,0
685401,Permission Marketing: Turning Strangers into Friends and Friends into Customers (A Gift for Marketers),Seth Godin,"Godin, Seth",,"=""0684856360""","=""9780684856360""",1,3.92,Simon & Schuster,Hardcover,256,1999,2014,2023/01/17,2023/01/11,,,read,"The guy is marketer & seller, he doesn't have that deep of understanding anyways it's only the old boil water slowly so that the frog will not notice heat changing applied to marketing. I think I'll stick to safer waters from now on and either read classics or textbooks in whichever topic.",,,1,0
7155145,Linchpin: Are You Indispensable?,Seth Godin,"Godin, Seth",,"=""1591843162""","=""9781591843160""",1,3.83,Portfolio,Hardcover,244,2010,2010,2023/01/17,2023/01/11,,,read,Be better than many people at some things basically.,,,1,0
68985,"The Power of Full Engagement: Managing Energy, Not Time, Is the Key to High Performance and Personal Renewal",Jim Loehr,"Loehr, Jim",,"=""0743226755""","=""9780743226752""",2,3.98,Free Press,Paperback,222,2003,2003,2023/01/17,2023/01/11,,,read,,,,1,0
8360431,Accidental Genius: Revolutionize Your Thinking Through Private Writing,Mark Levy,"Levy, Mark",,"=""1605095257""","=""9781605095257""",1,3.93,Berrett-Koehler Publishers,Paperback,208,2010,2000,2023/01/17,2023/01/11,,,read,"Wow, writing helps to think better!",,,1,0
78428,Your Money or Your Life,Joe Dominguez,"Dominguez, Joe",Vicki Robin,"=""0140286780""","=""9780140286786""",5,3.99,Penguin Books,Paperback,400,1999,1992,2023/01/17,2023/01/11,,,read,,,,1,0
3828382,Tribes: We Need You to Lead Us,Seth Godin,"Godin, Seth",,"=""1591842336""","=""9781591842330""",1,3.80,Portfolio,Hardcover,151,2008,2008,2023/01/01,2023/01/11,,,read,,,,1,0
73998,Purpose: The Starting Point of Great Companies: The Starting Point of Great Companies,Nikos Mourkogiannis,"Mourkogiannis, Nikos",Roger Fisher,"=""1403975817""","=""9781403975812""",3,4.01,St. Martin's Press,Hardcover,272,2006,2006,2023/01/17,2023/01/11,,,read,"Well you also need funding and so on, but purpose is something why you should wake up into the world everyday and is definitely important in fact crucial.  Purpose is needed! That's the summary no need to kind of read this book.",,,1,0
11468377,"Thinking, Fast and Slow",Daniel Kahneman,"Kahneman, Daniel",,"=""0374275637""","=""9780374275631""",4,4.17,"Farrar, Straus and Giroux",Hardcover,499,2011,2011,,2020/10/23,,,read,,,,1,0
993013,Programming Pearls,Jon L. Bentley,"Bentley, Jon L.",,"=""0201103311""","=""9780201103311""",5,4.20,Assn for Computing Machinery,Paperback,208,1986,1986,2023/01/17,2022/12/10,,,read,,,,1,0
41818,"Robot Dreams (Robot, #0.4)",Isaac Asimov,"Asimov, Isaac",Ralph McQuarrie,"=""0441011837""","=""9780441011834""",5,4.16,Ace Trade,Paperback,352,2004,1983,2023/01/17,2022/11/09,,,read,,,,1,0
272773,"The Rest of the Robots (Robot, #0.2)",Isaac Asimov,"Asimov, Isaac",,"=""0586025944""","=""9780586025949""",5,4.09,Granada Publishing in Panther books,Mass Market Paperback,224,1968,1964,2023/01/17,2022/12/08,,,read,,,,1,0
50091,"The Complete Robot (Robot, #0.3)",Isaac Asimov,"Asimov, Isaac",,"=""0586057242""","=""9780586057247""",5,4.33,Voyager/HarperCollins,Mass Market Paperback,688,1995,1982,2023/01/16,2022/11/14,,,read,"Nice stories & still relevant nowadays, but confusing if you only want to read the stories that are unique.",,,1,0
41804,"I, Robot (Robot, #0.1)",Isaac Asimov,"Asimov, Isaac",,"=""0553803700""","=""9780553803709""",5,4.21,Bantam Books,Hardcover,224,2004,1950,2023/01/15,2022/11/07,,,read,,,,1,0
271495,To Engineer Is Human: The Role of Failure in Successful Design,Henry Petroski,"Petroski, Henry",,"=""0679734163""","=""9780679734161""",5,3.68,Vintage,Paperback,251,1992,1985,2023/01/14,2022/12/26,,,read,"Failure seems to be only an instance of time, thus if we have time after failure, then it can be corrected.",,,1,0
53353009,"Polymath: Master Multiple Disciplines, Learn New Skills, Think Flexibly, and Become Extraordinary Autodidact",Peter Hollins,"Hollins, Peter",,"=""""","=""""",5,3.75,PH Learning Inc.,Kindle Edition,194,2020,,2023/01/11,2022/12/30,,,read,"Good one. Must reread this, but seems that this had some substance rather than just pure hype.",,,1,0
42421761,Where the Crawdads Sing,Delia Owens,"Owens, Delia",,"=""""","=""""",2,4.37,G.P. Putnam's Sons,ebook,370,2018,2018,,2021/10/15,,,read,,,,1,0
18839,Orlando,Virginia Woolf,"Woolf, Virginia","Sandra M. Gilbert, Brenda Lyons","=""0141184272""","=""9780141184272""",3,3.87,Modern Classics,Paperback,336,2000,1928,2023/01/12,2023/01/12,,,read,,,,1,0
18521,A Room of One’s Own,Virginia Woolf,"Woolf, Virginia",,"=""""","=""""",4,4.22,Penguin Books,Paperback,112,2000,1929,2023/01/12,2023/01/11,,,read,,,,1,0
17573685,The Feminine Mystique,Betty Friedan,"Friedan, Betty","Gail Collins, Anna Quindlen","=""0393346781""","=""9780393346787""",4,3.87,W. W. Norton & Company,Paperback,562,2013,1963,2023/01/12,2023/01/12,,,read,,,,1,0
11987,The Myth of Sisyphus and Other Essays,Albert Camus,"Camus, Albert",Justin O'Brien,"=""""","=""""",3,4.22,Vintage International,Paperback,212,1991,1942,2023/01/12,2023/01/11,,,read,,,,1,0
17286699,Our Final Invention: Artificial Intelligence and the End of the Human Era,James Barrat,"Barrat, James",,"=""0312622376""","=""9780312622374""",2,3.72,Thomas Dunne Books/St Martin's Press (NY),Hardcover,322,2013,2013,2023/01/12,2021/12/03,,,read,"Popular science! Don't like this type of books, but it's good for people that don't want to go for details. 5 stars for people that may want to look into the threats of AI without going to technical details.",,,1,0
23460965,"The Real-Life MBA: Your No-BS Guide to Winning the Game, Building a Team, and Growing Your Career",Jack Welch,"Welch, Jack",Suzy Welch,"=""0062362801""","=""9780062362803""",5,3.66,Harper Business,Hardcover,256,2015,2015,2023/01/12,2022/11/09,,,read,,,,1,0
56605,Small Things Considered: Why There Is No Perfect Design,Henry Petroski,"Petroski, Henry",,"=""1400032938""","=""9781400032938""",2,3.40,Knopf Doubleday Publishing Group,Paperback,304,2004,2003,2023/01/12,2022/12/26,,,read,,,,2,0
2696,The Canterbury Tales,Geoffrey Chaucer,"Chaucer, Geoffrey",Nevill Coghill,"=""0140424385""","=""9780140424386""",4,3.52,Penguin Books,Paperback,504,2003,1400,2023/01/12,2023/01/02,,,read,,,,1,0
9840944,"Bursts: The Hidden Patterns Behind Everything We Do, from Your E-mail to Bloody Crusades",Albert-László Barabási,"Barabási, Albert-László",,"=""0452297184""","=""9780452297180""",2,3.31,Penguin Publishing Group,Paperback,320,2011,2010,2023/01/12,2023/01/10,,,read,,,,1,0
21913812,This Changes Everything: Capitalism vs. The Climate,Naomi Klein,"Klein, Naomi",,"=""1451697384""","=""9781451697384""",1,4.16,Simon & Schuster,Hardcover,566,2014,2014,2023/01/12,2023/01/10,,,read,"Mate! This is black and white worldview against capitalism, mate. Capitalism is about producing stuff that mates want in the most efficient way that mates can do it. Climate change capitalism is about producing less stuff/producing stuff in more climate friendly way for the mates to consume. How to align capitalism for climate change definition, mate?<br/><br/>In actuality mates have already solved this. You see lot of smart folk IE splendid inventor mates have made lot of improvements for mates like me to consume. These inventions in return have turned in more cost cutting for the mates behind the companies. The more these mates improve the products, the less we mates need to be taking the climate down with us. <br/><br/>Mates in power have also come up with this thing called the carbon tax. They haven't yet acted because part of being powerful is having the option to wait and to also swagger with their knowledge of this danger. Some matelands have probably already done this, but I have no idea, but given that mates are similar in all the countries because globalization of the world, then atleast according to my mateland there hasn't happened anything yet. Lot of talk, no action mate!<br/><br/>In general inequality isn't evil either. Communism is at least if you are planning on doing somethin' in this world mate. Because of inequality we have Windows and Mac mate. This just is a great addon. Without capitalism mate you'd need to be using the Gulag XP, mate. Just think about it mate.<br/><br/> <br/><br/> ",,,1,0
6759,Infinite Jest,David Foster Wallace,"Wallace, David Foster",,"=""""","=""""",2,4.25,Back Bay Books,Paperback,1088,2005,1996,2023/01/12,2023/01/10,,,read,,,,1,0
532433,Bit Literacy: Productivity in the Age of Information and E-mail Overload,Mark Hurst,"Hurst, Mark",,"=""0979368103""","=""9780979368103""",2,3.70,Good Experience,Hardcover,192,2007,2007,,2023/01/11,,,read,,,,1,0
3467088,The Power Of Less: The Fine Art of Limiting Yourself to the Essential,Leo Babauta,"Babauta, Leo",,"=""1401309704""","=""9781401309701""",5,3.71,Balance,Hardcover,170,2009,2008,2021/10/15,2021/10/15,,,read,,,,1,0
337123,Complexity: The Emerging Science at the Edge of Order and Chaos,M. Mitchell Waldrop,"Waldrop, M. Mitchell",,"=""0671872346""","=""9780671872342""",5,4.05,Simon & Schuster,Paperback,384,1992,1992,2023/01/11,2022/11/09,,,read,"This got me interested on complexity. Heck, I could someday join the Santa Fe Institute?!",,,1,0
19400,The Decline and Fall of the Roman Empire,Edward Gibbon,"Gibbon, Edward","Daniel J. Boorstin, Giovanni Battista Piranesi, Hans-Friedrich Mueller","=""""","=""""",5,4.02,Modern Library,Paperback,1312,2003,1776,,2023/01/09,,,read,,,,1,0
162823,"The Case-Book of Sherlock Holmes (Sherlock Holmes, #9)",Arthur Conan Doyle,"Doyle, Arthur Conan",,"=""1904633684""","=""9781904633686""",5,4.12,Collector's Library,Hardcover,303,2004,1927,2023/01/07,2022/12/30,,,read,Holmes is a good choice for practicing the difference between deduction and induction in thinking. No **** Sherlock! It's a rather frank strong induction.,,,1,0
22631335,The Valley of Fear,Arthur Conan Doyle,"Doyle, Arthur Conan",,"=""1500306312""","=""9781500306311""",5,3.96,CreateSpace Independent Publishing Platform,Paperback,194,2014,1914,2023/01/06,2022/12/30,,,read,,,,1,0
194366,"The Return of Sherlock Holmes (Sherlock Holmes, #6)",Arthur Conan Doyle,"Doyle, Arthur Conan","Owen Dudley Edwards, Angus Wilson, Richard Lancelyn Green","=""0192123173""","=""9780192123176""",5,4.27,Oxford University Press,Hardcover,455,1993,1905,2023/01/06,2022/12/30,,,read,What A Comeback! ,,,1,0
32764602,Robots,John M. Jordan,"Jordan, John M.",,"=""""","=""""",5,3.62,The MIT Press,Kindle Edition,194,2016,,2023/01/05,2022/11/17,,,read,Solid Breadth first approach to robotics field. And lot of interesting questions in high non-tech level.,,,1,0
102868,"A Study in Scarlet (Sherlock Holmes, #1)",Arthur Conan Doyle,"Doyle, Arthur Conan",,"=""1420925539""","=""9781420925531""",5,4.13,Digireads.com,Paperback,123,2005,1887,2023/01/01,2022/12/30,,,read,"Does Sherlock Holmes use induction or deduction? I cannot choose which it is. Doing my logic studies combined with this series of books. I'd think it's induction, since Sherlock is observing the past, but he is also using present evidence which at least makes the evidence seem to be more certain, thus deduction on the evidence level, but the conclusions seem to be more close to induction. Since after all even the great Sherlock could be a bit wrong, but there's also the fact that there is limited amount of subjects. Thus we cannot say or give hierarchy about how much Sherlock was wrong and was not. If Sherlock gets the wrong person, then it's one hundred percent wrong IE deduction in the sense that at that moment at least it's certain to some all seeing creature that things are definitely wrong, thus the correct truth value to reality would be that falsehood on Sherlock's part is the truth of the reality. On the other way it's still induction in the process of choosing which person to arrest. Induction in the way that Sherlock cannot ever truly pinpoint fully correctly given he's ad infinitum intelligence marked by the letter n. Even if you have Sherlock Holmes 2.0, even then there exists the change that the induction won't be correct. Nevertheless Sherlock got the right guy in this novel, thus Sherlock maid strong induction in the process of choosing and thus the error of this choice was acceptable. IE maybe like 2%. 98% likelihood that the person committing the crime is exactly this person. But we didn't really see a clear path of other options with like 54% change of being or not being the person accused for the crime. Also Sherlock is correct! More extraordinary the evidence are IE premises, the easier it is to pinpoint the murderer.<br/><br/>Thank's for reading my rambling. Have a good life on strong induction basis. Also when possible choose deduction over induction. Deduction > Strong induction > weak induction. When weak induction don't make the choice as a rule of inductive thumb.",,,1,0
608474,"The Sign of Four (Sherlock Holmes, #2)",Arthur Conan Doyle,"Doyle, Arthur Conan",Peter Ackroyd,"=""""","=""""",4,3.89,Penguin Classics,Paperback,129,2001,1890,2023/01/03,2022/12/30,,,read,,,,1,0
194373,"The Memoirs of Sherlock Holmes (Sherlock Holmes, #4)",Arthur Conan Doyle,"Doyle, Arthur Conan","Owen Dudley Edwards, Christopher Roden","=""0192123092""","=""9780192123091""",5,4.29,Oxford University Press,Hardcover,378,1993,1893,2023/01/05,2022/12/30,,,read,What an evil name Moriarty. Five stars because of such an iconic character.,,,1,0
3590,"The Adventures of Sherlock Holmes (Sherlock Holmes, #3)",Arthur Conan Doyle,"Doyle, Arthur Conan",,"=""""","=""""",5,4.30,Oxford University Press,Paperback,389,1998,1892,2023/01/04,2022/12/30,,,read,,,,1,0
78163,"The Age of Napoleon (The Story of Civilization, #11)",Will Durant,"Durant, Will",Ariel Durant,"=""1567310222""","=""9781567310221""",5,4.36,Fine Communications,Hardcover,870,1975,1975,2023/01/04,2023/01/04,,,read,,,,1,0
78159,Story of Civilization,Will Durant,"Durant, Will",Ariel Durant,"=""1567310230""","=""9781567310238""",5,4.43,MJF Books,Paperback,14777,1993,1975,,2023/01/04,,,read,"Now this is history. Can be interpreted in many ways(2 ways). Both of them correct. This is probably best general history series out there. So this is really solid stuff. Second, this is history before industrial age mostly, thus future will differ exponentially more. Thus to understand future one must understand history, technology, globalization, centralization & decentralization of power, mathematics & market forces. History isn't enough. Things aren't the same. Stuff changes and that's the constant in everything. Although something else must be also constant. Or how else does anything really change? Change assumes some kind of body IE: definition of word, skyscraper, a human mind & body of historical knowledge. These are all assumed examples of change, but this change cannot happen to change only. First you need some type of body that the change acts on. Body > Change > Change > Change > Change > Change... Change can also change, but it's a chain reaction. You need the bottom level first. Really interesting questions surrounding this appear when body, first level change & infinite change happen. When that infinite change happens and it acts onto the other changes before it, then one must ask: ""Can change really act onto another change, given that at some point there's a point in time when this n-1 change chain reaction acts onto an assumed rigid body?"". Time is also assumed in this argument, because this concerns the reality and not some arbitrary dimension of ideas like with Plato. What does this question even mean? Am I out of my depth here? Might be. Calculus is formalised study of change, so consult that part of mathematics for greater analysis. I'm simply a amateur philosopher if even that, but one should also realize that in one point calculus wasn't formalised and it was open to such questions IE speculations to true nature of change. Nowaday it's hard always to understand formalized language, thus also the philosophical & scientific arguments take a lot of specialized knowledge, before they can be put forward. <br/><br/>With lots of knowledge to you - Vincent",,,1,0
14743,The God Delusion,Richard Dawkins,"Dawkins, Richard",,"=""0618680004""","=""9780618680009""",3,3.90,Houghton Mifflin Co.,Hardcover,374,2006,2006,2021/06/13,2021/06/08,,,read,,,,1,0
472331,Watchmen,Alan             Moore,"Moore, Alan","Dave Gibbons, John    Higgins","=""0930289234""","=""9780930289232""",3,4.39,DC Comics,Paperback,416,2005,1987,2022/01/19,2022/01/10,,,read,,,,1,0
132626,On the Genealogy of Morals / Ecce Homo,Friedrich Nietzsche,"Nietzsche, Friedrich","Walter Kaufmann, R.J. Hollingdale","=""0679724621""","=""9780679724629""",5,4.17,Vintage Bookx,Paperback,367,2010,1887,,2022/12/30,,,read,,,,1,0
8921,"The Hound of the Baskervilles (Sherlock Holmes, #5)",Arthur Conan Doyle,"Doyle, Arthur Conan","Anne Perry, Mark Hallaq","=""""","=""""",5,4.13,Signet,Mass Market Paperback,256,2001,1902,2021/04/19,2021/02/11,,,read,,,,1,0
9867206,Evolutionary Psychology I: The Science of Human Nature,Allen D. MacNeill,"MacNeill, Allen D.",,"=""1449831214""","=""9781449831219""",5,3.95,Recorded Books,Audio CD,8,2010,2010,2022/12/29,2022/12/22,,,read,,,,1,0
17877514,"The Modern Scholar: Evolutionary Psychology, Part II: The Science of Human Nature",Allen D. MacNeill,"MacNeill, Allen D.",,"=""""","=""""",5,4.11,Recorded Books,Audible Audio,8,2011,2011,2022/12/29,2022/12/22,,,read,,,,1,0
236382,"The Wisdom of Crowds: Why the Many Are Smarter Than the Few and How Collective Wisdom Shapes Business, Economies, Societies and Nations",James Surowiecki,"Surowiecki, James",,"=""0385503865""","=""9780385503860""",3,3.82,Doubleday,Hardcover,297,2004,2004,2022/12/29,2022/12/25,,,read,,,,1,0
1345610,The History of the Decline and Fall of the Roman Empire Volume III,Edward Gibbon,"Gibbon, Edward",David P. Womersley,"=""0140433953""","=""9780140433951""",4,4.25,Penguin Classics,Paperback,1360,1996,1788,2022/12/26,2022/11/13,,,read,"Insightful, yet maybe a bit too long. Like 1000 pages!",,,1,0
377965,The History of the Decline and Fall of the Roman Empire Volume I,Edward Gibbon,"Gibbon, Edward",David P. Womersley,"=""0140433937""","=""9780140433937""",5,4.17,Penguin Classics,Paperback,1114,1996,1776,2022/12/26,2022/11/13,,,read,,,,1,0
433567,Flatland: A Romance of Many Dimensions,Edwin A. Abbott,"Abbott, Edwin A.",,"=""048627263X""","=""9780486272634""",4,3.81,"Dover Publications, Inc.",Paperback,96,1992,1884,2022/12/29,2022/12/25,,,read,,,,1,0
224387,A Vindication of the Rights of Woman,Mary Wollstonecraft,"Wollstonecraft, Mary","Miriam Brody, Bebi Fernández","=""0141441259""","=""9780141441252""",3,3.92,Penguin Classics,Paperback,269,2004,1792,2022/12/29,2022/11/26,,,read,,,,1,0
11277414,Dwight D. Eisenhower; a gaige of greatness,Relman Morin,"Morin, Relman",,"=""""","=""""",5,3.93,Simon and Schuster,,256,1969,1969,2021/08/17,2021/07/23,,,read,,,,1,0
214441,Euclid's Elements,Euclid,"Euclid, Euclid","Dana Densmore, Thomas Little Heath","=""1888009195""","=""9781888009194""",4,4.32,Green Lion Press,Paperback,529,2002,-290,2022/12/03,2022/11/25,,,read,,,,1,0
634854,Introduction to Cryptography (Undergraduate Texts in Mathematics),Johannes Buchmann,"Buchmann, Johannes",,"=""0387207562""","=""9780387207568""",0,3.42,Springer,Paperback,354,2004,2000,,2022/12/27,,,read,,,,0,0
1769362,The Arthashastra,Kautilya,"Kautilya, Kautilya",L.N. Rangarajan,"=""0140446036""","=""9780140446036""",5,4.12,Penguin,Paperback,878,1992,-300,2022/12/27,2022/07/24,,,read,Valid advice for any king! Do you know any king I could give this to?,,,1,0
1345609,The History of the Decline and Fall of the Roman Empire Volume II,Edward Gibbon,"Gibbon, Edward",David P. Womersley,"=""0140433945""","=""9780140433944""",5,4.24,Penguin Classics,Paperback,1024,1996,1781,2022/12/26,2022/11/13,,,read,,,,1,0
198863,"Screw It, Let's Do It: Lessons in Life",Richard Branson,"Branson, Richard",,"=""0753510995""","=""9780753510995""",4,3.90,Virgin Pub,Paperback,111,2006,2007,2022/12/26,2021/12/22,,,read,,,,1,0
44767248,Human Compatible: Artificial Intelligence and the Problem of Control,Stuart Russell,"Russell, Stuart",,"=""0525558616""","=""9780525558613""",5,4.05,Viking,Hardcover,352,2019,2019,2022/12/08,2021/12/03,,,read,"Amazing book, which I don't clearly understand well enough. Nobody does. I shall study this problem to the max degree using my not deep learning general intelligence. Also I will make career or something out of this as it's so important for all of us(at least for my reason this is the problem we should solve or then just stop all AI research all together, which doesn't seem to be a very good strategy). Anyways off to the next books about the topic I shall now travel to.",,,1,0
27539,On Intelligence,Jeff Hawkins,"Hawkins, Jeff",Sandra Blakeslee,"=""0805078533""","=""9780805078534""",3,4.11,St. Martin's Griffin,Paperback,261,2005,2004,2021/10/15,2021/10/15,,,read,,,,1,0
58214117,The Truth about the O.J. Simpson Trial: By the Architect of the Defense,F. Lee Bailey,"Bailey, F. Lee",,"=""""","=""""",4,3.96,Skyhorse,Kindle Edition,357,2021,,2022/12/23,2022/12/23,,,read,,,,1,0
5755,The Language Instinct: How the Mind Creates Language,Steven Pinker,"Pinker, Steven",,"=""0060958332""","=""9780060958336""",3,4.01,Harper Perennial Modern Classics,Paperback,448,2000,1994,2021/10/15,2021/10/15,,,read,,,,1,0
9420697,"The Compound Effect: Jumpstart Your Income, Your Life, Your Success",Darren Hardy,"Hardy, Darren",,"=""""","=""""",5,4.21,SUCCESS Books,Kindle Edition,162,,2010,2021/05/24,2021/05/23,,,read,,,,1,0
13589182,Mastery,Robert Greene,"Greene, Robert",,"=""0670024961""","=""9780670024964""",3,4.26,Viking,Hardcover,318,2012,2012,,2022/12/20,,,read,,,,1,0
1384442,On the Shortness of Life,Seneca,"Seneca, Seneca",,"=""014101881X""","=""9780141018812""",5,4.17,Penguin,Paperback,106,2004,49,,2022/12/21,,,read,,,,1,0
457264,The Second Sex,Simone de Beauvoir,"Beauvoir, Simone de","H.M. Parshley, Deirdre Bair","=""0679724516""","=""9780679724513""",3,4.18,Vintage,Paperback,746,1989,1949,2021/10/14,2021/10/14,,,read,,,,1,0
116020,Walden & Civil Disobedience,Henry David Thoreau,"Thoreau, Henry David",W.S. Merwin,"=""0451529456""","=""9780451529459""",3,3.94,Signet Classics,Mass Market Paperback,320,2004,1849,,2022/12/17,,,read,,,,1,0
22738563,We Should All Be Feminists,Chimamanda Ngozi Adichie,"Adichie, Chimamanda Ngozi",,"=""""","=""""",1,4.40,Vintage,Kindle Edition,52,2014,2012,2021/04/03,2021/04/03,,,read,,,,1,0
70561,The Gulag Archipelago 1918–1956 (Abridged),Aleksandr Solzhenitsyn,"Solzhenitsyn, Aleksandr",Edward E. Ericson Jr.,"=""0060007761""","=""9780060007768""",5,4.33,HarperCollins,Paperback,512,2002,1973,2022/01/01,2022/11/26,,,read,,,,1,0
19114026,Make Him BEG For Your Attention: 75 Communication Secrets for Captivating Men to Get the Love and Commitment You Deserve (Smart Dating Books for Women),Bruce Bryans,"Bryans, Bruce",,"=""""","=""""",2,3.64,,Kindle Edition,119,2014,2013,2022/11/24,2022/11/24,,,read,,,,1,0
6613404,Anatomy of the State,Murray N. Rothbard,"Rothbard, Murray N.",,"=""1933550481""","=""9781933550480""",5,4.19,Ludwig von Mises Institute,Paperback,60,2009,1974,2022/11/24,2022/11/24,,,read,,,,1,0
1274,"Men Are from Mars, Women Are from Venus",John  Gray,"Gray, John",,"=""0060574216""","=""9780060574215""",4,3.58,Harper Paperbacks,Paperback,368,2012,1992,2022/11/19,2022/11/17,,,read,,,,1,0
78164,"The Age of Voltaire (The Story of Civilization, #9)",Will Durant,"Durant, Will",Ariel Durant,"=""0671013254""","=""9780671013257""",5,4.42,Simon & Schuster,Hardcover,898,1980,1965,2022/11/17,2022/11/06,,,read,,,,1,0
38447,"The Handmaid’s Tale (The Handmaid's Tale, #1)",Margaret Atwood,"Atwood, Margaret",,"=""038549081X""","=""9780385490818""",1,4.15,Anchor Books,Paperback,311,1998,1985,2021/01/01,2021/01/08,,,read,,,,1,0
44512624,Recycling (The MIT Press Essential Knowledge series),Finn Arne Jørgensen,"Jørgensen, Finn Arne",,"=""0262537826""","=""9780262537827""",3,3.73,The MIT Press,Paperback,208,2019,,2022/11/13,2022/11/09,,,read,,,,1,0
17938882,Memes in Digital Culture (The MIT Press Essential Knowledge series),Limor Shifman,"Shifman, Limor",,"=""0262525437""","=""9780262525435""",2,3.67,The MIT Press,Paperback,212,2013,2013,2022/11/13,2022/11/09,,,read,,,,1,0
51777636,Contraception: A Concise History,Donna J. Drucker,"Drucker, Donna J.",,"=""0262538423""","=""9780262538428""",4,3.74,MIT Press,Paperback,264,2020,,2022/11/12,2022/11/09,,,read,,,,1,0
42179007,Sexual Consent (The MIT Press Essential Knowledge series),Milena Popova,"Popova, Milena",,"=""026253732X""","=""9780262537322""",3,4.15,The MIT Press,Paperback,216,2019,,2022/11/12,2022/11/09,,,read,,,,1,0
78161,"The Age of Louis XIV (The Story of Civilization, #8)",Will Durant,"Durant, Will",Ariel Durant,"=""1567310192""","=""9781567310191""",5,4.31,Fine Communications,Hardcover,802,1997,1963,2022/11/12,2022/11/06,,,read,,,,1,0
53205854,"Fugitive Telemetry (The Murderbot Diaries, #6)",Martha Wells,"Wells, Martha",,"=""1250765374""","=""9781250765376""",5,4.30,Tor.com,ebook,168,2021,2021,2022/11/11,2022/11/09,,,read,,,,1,0
52381770,"Network Effect (The Murderbot Diaries, #5)",Martha Wells,"Wells, Martha",,"=""1250229863""","=""9781250229861""",4,4.47,Tor.com,Hardcover,350,2020,2020,2022/11/11,2022/11/09,,,read,,,,1,0
35519109,"Exit Strategy (The Murderbot Diaries, #4)",Martha Wells,"Wells, Martha",,"=""""","=""""",4,4.37,Tordotcom,Kindle Edition,172,2018,2018,2022/11/11,2022/11/09,,,read,,,,1,0
35519101,"Rogue Protocol (The Murderbot Diaries, #3)",Martha Wells,"Wells, Martha",,"=""1250191785""","=""9781250191786""",4,4.25,Tor.com,Hardcover,159,2018,2018,2022/11/11,2022/11/09,,,read,,,,1,0
51777640,Extraterrestrials,Wade Roush,"Roush, Wade",,"=""0262538431""","=""9780262538435""",4,3.96,MIT Press,Paperback,240,2020,,2022/11/09,2022/11/09,,,read,,,,1,0
36223860,"Artificial Condition (The Murderbot Diaries, #2)",Martha Wells,"Wells, Martha",,"=""""","=""""",5,4.26,Tor.com,Hardcover,158,2018,2018,2022/11/09,2022/11/09,,,read,,,,1,0
914223,"The Gulag Archipelago, 1918-1956: An Experiment in Literary Investigation, Books V-VII",Aleksandr Solzhenitsyn,"Solzhenitsyn, Aleksandr",,"=""0813332915""","=""9780813332918""",5,4.54,Basic Books,Paperback,576,1997,1973,2022/11/09,2022/10/30,,,read,,,,1,0
70562,"The Gulag Archipelago, 1918-1956: An Experiment in Literary Investigation, Books III-IV",Aleksandr Solzhenitsyn,"Solzhenitsyn, Aleksandr",,"=""006092103X""","=""9780060921033""",5,4.48,Perennial,Paperback,720,1992,1973,2022/11/06,2022/10/30,,,read,,,,1,0
36072,The 7 Habits of Highly Effective People: Powerful Lessons in Personal Change,Stephen R. Covey,"Covey, Stephen R.",Jim Collins,"=""0743269519""","=""9780743269513""",5,4.16,Free Press,Paperback,372,2004,1989,2022/11/05,2022/11/05,,,read,,,,1,0
1104518,"I, Columbus : My Journal :1492-1493",Peter Roop,"Roop, Peter",,"=""0380715457""","=""9780380715459""",5,3.28,Camelot,Paperback,57,1994,1493,2022/11/05,2022/11/01,,,read,,,,1,0
868267,"The Age of Reason Begins (The Story of Civilization, #7)",Will Durant,"Durant, Will",Ariel Durant,"=""0671013203""","=""9780671013202""",5,4.36,Simon & Schuster,Hardcover,729,1980,1961,2022/11/04,2021/11/29,,,read,,,,1,0
39798828,The Fall of Gondolin (Middle-Earth Universe),J.R.R. Tolkien,"Tolkien, J.R.R.",Christopher Tolkien,"=""1328613046""","=""9781328613042""",3,4.09,Houghton Mifflin Harcourt,Hardcover,304,2018,2018,2022/11/03,2021/11/29,,,read,,,,1,0
246422,The Gulag Archipelago,Aleksandr Solzhenitsyn,"Solzhenitsyn, Aleksandr",Thomas P. Whitney,"=""0060803320""","=""9780060803322""",5,4.35,Harper & Row,Mass Market Paperback,660,1974,1973,2022/11/03,2022/10/30,,,read,"I'll never pity myself or others anymore. There is no need to since our lot is always good compared to people in history. Gulags are terrible invention of empathy(sacrificing yourself for others IE demanding equality when inequality is freedom. Inequality let's us deserve what were worth in society, but communism = equality.) and I guess this is what happens when ""we"" becomes more important than ""I"". Also protecting property rights is also important, since we don't want thieves to take someone elses hard earned property.",,,1,0
32758901,"All Systems Red (The Murderbot Diaries, #1)",Martha Wells,"Wells, Martha",,"=""""","=""""",3,4.13,Tor.com,ebook,144,2017,2017,2022/11/03,2022/11/01,,,read,,,,1,0
54360882,Machine Learning: The New AI,Ethem Alpaydin,"Alpaydin, Ethem",,"=""""","=""""",3,3.62,The MIT Press,Kindle Edition,176,2016,2016,2022/08/10,2022/08/10,,,read,,,,2,0
324748,The Dip: A Little Book That Teaches You When to Quit (and When to Stick),Seth Godin,"Godin, Seth",,"=""1591841666""","=""9781591841661""",5,3.79,Portfolio,Hardcover,80,2007,2007,,2022/08/15,,,read,,,,1,0
15014,Crucial Conversations: Tools for Talking When Stakes are High,Kerry Patterson,"Patterson, Kerry","Stephen R. Covey, Joseph Grenny, Ron McMillan, Al Switzler","=""0071401946""","=""9780071401944""",2,4.07,McGraw-Hill,Paperback,240,2002,2002,2022/11/01,2022/08/15,,,read,,,,1,0
6452796,Drive: The Surprising Truth About What Motivates Us,Daniel H. Pink,"Pink, Daniel H.",,"=""1594488843""","=""9781594488849""",2,3.95,Riverhead Books,Hardcover,242,2009,2009,2022/11/01,2022/08/15,,,read,,,,1,0
69242,Made to Stick: Why Some Ideas Survive and Others Die,Chip Heath,"Heath, Chip",Dan Heath,"=""1400064287""","=""9781400064281""",2,3.98,Random House,Hardcover,291,2007,2006,2022/11/01,2022/08/15,,,read,,,,1,0
180116,"Awaken the Giant Within: How to Take Immediate Control of Your Mental, Emotional, Physical and Financial Destiny!",Anthony Robbins,"Robbins, Anthony","Tony Robbins, Frederick L. Covan","=""0671791540""","=""9780671791544""",3,4.15,Simon  Schuster,Paperback,544,1992,1992,2022/01/01,2022/08/15,,,read,,,,1,0
13542387,The DIM Hypothesis: Why the Lights of the West Are Going Out,Leonard Peikoff,"Peikoff, Leonard",,"=""0451234812""","=""9780451234810""",5,4.32,NAL,Hardcover,320,2012,2012,2022/10/30,2022/10/28,,,read,Mind altering! Now I understand so much more!,,,1,0
4747044,Napoleon Hill's Golden Rules: The Lost Writings,Napoleon Hill,"Hill, Napoleon",,"=""0470411562""","=""9780470411568""",3,4.07,Wiley,Paperback,224,2008,2008,2022/10/30,2022/10/27,,,read,,,,1,0
131080,Sinuhe egyptiläinen,Mika Waltari,"Waltari, Mika",,"=""""","=""""",3,4.22,WSOY,Hardcover,779,1979,1945,2022/10/28,2022/10/27,,,read,,,,1,0
3450744,"Nudge: Improving Decisions About Health, Wealth, and Happiness",Richard H. Thaler,"Thaler, Richard H.",Cass R. Sunstein,"=""014311526X""","=""9780143115267""",4,3.84,Penguin Books,Paperback,260,2009,2008,2022/10/21,2022/10/21,,,read,,,,1,0
58022371,300 Quotes of Renaissance Philosophy,Niccolò Machiavelli,"Machiavelli, Niccolò","Francis Bacon, Michel de Montaigne","=""""","=""""",5,5.00,Astorg Audio,Paperback,144,2017,,2022/10/27,2022/10/27,,,read,,,,1,0
307414,Undercover Sex Signals: A Pickup Guide For Guys,Leil Lowndes,"Lowndes, Leil",,"=""0806527935""","=""9780806527932""",4,3.63,Citadel Press,Paperback,256,2006,2006,2022/01/01,2022/10/27,,,read,,,,1,0
62800281,Sigma Male Mentality,Chris Finley,"Finley, Chris",,"=""""","=""9798215268902""",3,4.00,Chris Finley,Paperback,80,2022,,2022/10/26,2022/10/26,,,read,,,,1,0
28964680,"The Myth of the Andalusian Paradise: Muslims, Christians, and Jews Under Islamic Rule in Medieval Spain",Darío Fernández-Morera,"Fernández-Morera, Darío",,"=""1504034694""","=""9781504034692""",4,3.80,Intercollegiate Studies Institute,Kindle Edition,381,2016,2014,2022/10/26,2022/10/25,,,read,,,,1,0
55978799,"Semen Retention Miracle: Secrets of Sexual Energy Transmutation for Wealth, Health, Sex and Longevity (Cultivating Male Sexual Energy)",Joseph Peterson,"Peterson, Joseph",,"=""""","=""""",5,3.92,,Kindle Edition,134,2020,2020,2022/10/26,2022/10/26,,,read,,,,1,0
17696577,Detox - puhdista kehosi haitta-aineista,Hanna Skyttä,"Skyttä, Hanna",,"=""""","=""""",4,3.50,Gummerus,Paperback,208,2012,2012,2022/10/26,2022/10/25,,,read,,,,1,0
938,How to Make Anyone Fall in Love with You,Leil Lowndes,"Lowndes, Leil",,"=""0809229897""","=""9780809229895""",2,3.55,McGraw Hill,Paperback,336,1997,1996,2022/10/25,2022/10/25,,,read,,,,1,0
58022038,600 Quotes of Ancient Philosophy,Plato,"Plato, Plato","Confucius, Marcus Aurelius, Epictetus, Gautama Buddha, Katie Haigh","=""2821109326""","=""9782821109322""",5,4.11,Astorg Audio,Paperback,100,2017,,2022/10/25,2022/10/25,,,read,,,,1,0
375205,"Gold, Hard Money, and Financial Gurus (Secrets of the Great Investors)",Michael Ketcher,"Ketcher, Michael","Gary L. Alexander, Louis Rukeyser","=""0786165294""","=""9780786165292""",5,3.87,Blackstone Audiobooks,Audio CD,0,2006,1997,2022/10/25,2021/12/22,,,read,,,,1,0
22299763,"Crooked Kingdom (Six of Crows, #2)",Leigh Bardugo,"Bardugo, Leigh",,"=""""","=""""",2,4.57,Orion Children's Books,Kindle Edition,561,2016,2016,2022/10/25,2022/10/24,,,read,,,,1,0
23437156,"Six of Crows (Six of Crows, #1)",Leigh Bardugo,"Bardugo, Leigh",,"=""1627792120""","=""9781627792127""",3,4.46,Henry Holt & Company,Hardcover,480,2015,2015,2022/10/25,2022/10/24,,,read,,,,1,0
33590260,"Kingdom of Ash (Throne of Glass, #7)",Sarah J. Maas,"Maas, Sarah J.",,"=""1619636107""","=""9781619636101""",1,4.71,Bloomsbury YA,Hardcover,980,2018,2018,2022/10/24,2022/10/24,,,read,,,,1,0
31450852,"Tower of Dawn (Throne of Glass, #6)",Sarah J. Maas,"Maas, Sarah J.",,"=""1681195771""","=""9781681195773""",1,4.28,Bloomsbury USA Childrens,Hardcover,660,2017,2017,2022/10/24,2022/10/24,,,read,,,,1,0
28260587,"Empire of Storms (Throne of Glass, #5)",Sarah J. Maas,"Maas, Sarah J.",,"=""""","=""""",1,4.63,Bloomsbury Children's Books,Hardcover,689,2016,2016,2022/10/24,2022/10/24,,,read,,,,1,0
18006496,"Queen of Shadows (Throne of Glass, #4)",Sarah J. Maas,"Maas, Sarah J.",,"=""1619636042""","=""9781619636040""",1,4.62,Bloomsbury USA Childrens,Hardcover,648,2015,2015,2022/10/24,2022/10/24,,,read,,,,1,0
20613470,"Heir of Fire (Throne of Glass, #3)",Sarah J. Maas,"Maas, Sarah J.",,"=""1619630656""","=""9781619630659""",1,4.45,Bloomsbury YA,Hardcover,565,2014,2014,2022/10/24,2022/10/24,,,read,,,,1,0
17167166,"Crown of Midnight (Throne of Glass, #2)",Sarah J. Maas,"Maas, Sarah J.",,"=""1619630621""","=""9781619630628""",1,4.36,Bloomsbury USA Childrens,Hardcover,420,2013,2013,2022/10/24,2022/10/24,,,read,,,,1,0
7896527,"Throne of Glass (Throne of Glass, #1)",Sarah J. Maas,"Maas, Sarah J.",,"=""""","=""""",1,4.18,Bloomsbury USA Children's,Hardcover,406,2012,2012,2022/10/24,2022/10/24,,,read,,,,1,0
1423,The Compleat Works of Wllm Shkspr (abridged),Reduced Shakespeare Company,"Company, Reduced Shakespeare","Daniel Singer, Jess Winfield, Adam Long","=""1557831572""","=""9781557831576""",5,4.43,Applause Books,Kindle Edition,137,1994,2000,2022/10/24,2022/10/24,,,read,,,,1,0
23919,The Complete Stories and Poems,Edgar Allan Poe,"Poe, Edgar Allan",,"=""0385074077""","=""9780385074070""",4,4.40,"Doubleday & Company, Inc.",Hardcover,821,1984,1849,2022/10/24,2022/10/24,,,read,,,,1,0
3093854,"Are Capitalism, Objectivism and Libertarianism Religions? Yes! Greenspan and Ayn Rand Debunked",Albert Ellis,"Ellis, Albert",Gregory S. Ellis,"=""1434808858""","=""9781434808851""",1,3.25,Walden Three,Paperback,240,2007,2006,2022/10/24,2022/10/24,,,read,,,,1,0
48581422,"Stop Reading the News: A Manifesto for a Happier, Calmer and Wiser Life",Rolf Dobelli,"Dobelli, Rolf",,"=""1529342694""","=""9781529342697""",3,3.71,Sceptre,Kindle Edition,0,2020,2019,2022/10/24,2022/10/24,,,read,,,,1,0
24858345,Kaikki kuntosaliharjoittelusta,Riku Aalto,"Aalto, Riku","Lasse Seppänen, Ari-Pekka Lindberg","=""952291035X""","=""9789522910356""",5,3.60, Docendo,Hardcover,351,2015,2015,2022/10/24,2022/10/21,,,read,,,,1,0
22571526,The One-Page Financial Plan: A Simple Way to Be Smart About Your Money,Carl  Richards,"Richards, Carl",,"=""1591847559""","=""9781591847557""",3,3.76,Portfolio,Hardcover,224,2015,2015,2022/10/22,2022/10/22,,,read,,,,1,0
34017076,WTF?: What's the Future and Why It's Up to Us,Tim O'Reilly,"O'Reilly, Tim",,"=""0062565710""","=""9780062565716""",4,4.08,Harper Business,Hardcover,448,2017,2017,2022/10/22,2022/10/22,,,read,"It's up to us, but to be responsible I will say it's up to me. You should similarly think about yourself. It's about you, not ""us"".",,,1,0
28512671,"Everybody Lies: Big Data, New Data, and What the Internet Can Tell Us About Who We Really Are",Seth Stephens-Davidowitz,"Stephens-Davidowitz, Seth",Steven Pinker,"=""0062390856""","=""9780062390851""",4,3.90,Dey Street Books,Hardcover,338,2017,2017,2022/10/22,2022/10/22,,,read,,,,1,0
55339408,Noise: A Flaw in Human Judgment,Daniel Kahneman,"Kahneman, Daniel","Olivier Sibony, Cass R. Sunstein","=""0316451401""","=""9780316451406""",2,3.67,"Little, Brown Spark",Hardcover,454,2021,2021,2022/10/22,2022/10/22,,,read,,,,1,0
29100194,Against Empathy: The Case for Rational Compassion,Paul Bloom,"Bloom, Paul",,"=""0062339338""","=""9780062339331""",5,3.58,Ecco,Hardcover,285,2016,2016,2022/10/22,2022/10/22,,,read,"Too true, it's sad how empathy plays us humans to irrationality.",,,1,0
36045512,"Crushing It!: How Great Entrepreneurs Build Their Business and Influence—and How You Can, Too",Gary Vaynerchuk,"Vaynerchuk, Gary",,"=""""","=""""",4,3.96,Harper Business,Kindle Edition,293,2018,2018,2022/10/22,2022/10/22,,,read,,,,1,0
13426114,The Honest Truth About Dishonesty: How We Lie to Everyone - Especially Ourselves,Dan Ariely,"Ariely, Dan",,"=""0062183591""","=""9780062183590""",3,3.93,Harper,Hardcover,264,2012,2012,2022/10/22,2022/10/22,,,read,,,,1,0
30317415,"Stealing Fire: How Silicon Valley, the Navy SEALs, and Maverick Scientists Are Revolutionizing the Way We Live and Work",Steven Kotler,"Kotler, Steven",Jamie Wheal,"=""0062429671""","=""9780062429674""",1,3.94,Dey Street Books,ebook,304,2017,2017,2022/10/22,2022/10/22,,,read,,,,1,0
998,The Millionaire Next Door: The Surprising Secrets of America's Wealthy,Thomas J. Stanley,"Stanley, Thomas J.",William D. Danko,"=""0671015206""","=""9780671015206""",3,4.05,Gallery Books,Paperback,258,1998,1995,2022/10/22,2022/08/15,,,read,,,,1,0
25817547,Warren Buffett's Ground Rules: Words of Wisdom from the Partnership Letters of the World's Greatest Investor,Jeremy C. Miller,"Miller, Jeremy C.",,"=""0062415565""","=""9780062415561""",3,4.03,Harper Business,Hardcover,352,2016,2016,2022/10/22,2022/10/22,,,read,,,,1,0
37570460,Mastering The Market Cycle: Getting the Odds on Your Side,Howard  Marks,"Marks, Howard",,"=""1328479250""","=""9781328479259""",4,4.03,Harper Business,Hardcover,336,2018,2018,2022/10/22,2022/10/22,,,read,,,,1,0
785092,Secrets of the Millionaire Mind: Mastering the Inner Game of Wealth,T. Harv Eker,"Eker, T. Harv",,"=""0060763280""","=""9780060763282""",4,4.21,Harper Collins Business,Hardcover,212,2005,1999,2022/10/22,2022/10/21,,,read,,,,1,0
35297413,"The Fourth Age: Smart Robots, Conscious Computers, and the Future of Humanity",Byron Reese,"Reese, Byron",,"=""1501158562""","=""9781501158568""",3,4.01,Atria Books,Hardcover,320,2018,2018,2022/10/22,2022/10/21,,,read,,,,1,0
7776209,The Rational Optimist: How Prosperity Evolves,Matt Ridley,"Ridley, Matt",,"=""006145205X""","=""9780061452055""",2,3.97,Harper,Hardcover,448,2010,2010,2022/10/22,2022/10/21,,,read,,,,1,0
6474550,Crush It!: Why Now Is the Time to Cash In on Your Passion,Gary Vaynerchuk,"Vaynerchuk, Gary",,"=""0061914177""","=""9780061914171""",3,3.87,HarperCollins,Hardcover,142,2009,2001,2022/10/21,2022/10/21,,,read,,,,1,0
16144575,How Asia Works: Success and Failure in the World's Most Dynamic Region,Joe Studwell,"Studwell, Joe",,"=""080211959X""","=""9780802119599""",4,4.26,Grove Press,Hardcover,320,2013,2013,2022/10/21,2021/12/22,,,read,,,,1,0
38315,Fooled by Randomness: The Hidden Role of Chance in Life and in the Markets (Incerto),Nassim Nicholas Taleb,"Taleb, Nassim Nicholas",,"=""0812975219""","=""9780812975215""",3,4.08,Random House Trade Paperbacks,Paperback,368,2005,2001,2022/10/21,2022/01/02,,,read,,,,1,0
27246148,Be Obsessed or Be Average,Grant Cardone,"Cardone, Grant",,"=""1101981059""","=""9781101981054""",5,4.05,Portfolio,Hardcover,240,2016,2016,2022/10/21,2022/10/21,,,read,,,,1,0
7696135,Making Ideas Happen: Overcoming the Obstacles Between Vision and Reality,Scott Belsky,"Belsky, Scott",,"=""159184312X""","=""9781591843122""",5,4.08,Portfolio,Hardcover,256,2010,2010,2022/10/21,2022/10/21,,,read,,,,1,0
23215490,"13 Things Mentally Strong People Don't Do: Take Back Your Power, Embrace Change, Face Your Fears, and Train Your Brain for Happiness and Success",Amy Morin,"Morin, Amy",,"=""0062391542""","=""9780062391544""",4,3.91,William Morrow,Hardcover,272,2014,2014,2022/10/21,2022/10/21,,,read,,,,1,0
30780235,The Knowledge Illusion: Why We Never Think Alone,Steven Sloman,"Sloman, Steven",Philip Fernbach,"=""039918435X""","=""9780399184352""",2,3.84,Riverhead Books,Hardcover,304,2017,2017,2022/10/21,2022/10/21,,,read,,,,1,0
7815744,The Upside of Irrationality: The Unexpected Benefits of Defying Logic at Work and at Home,Dan Ariely,"Ariely, Dan",,"=""0061995037""","=""9780061995033""",2,4.03,Harper,Hardcover,334,2010,2010,2022/10/21,2022/10/21,,,read,,,,1,0
40607235,The Path Made Clear: Discovering Your Life's Direction and Purpose,Oprah Winfrey,"Winfrey, Oprah",,"=""1250307503""","=""9781250307507""",4,3.96,Flatiron Books,Hardcover,208,2019,2019,2022/10/21,2022/10/21,,,read,,,,1,0
21531503,What I Know for Sure,Oprah Winfrey,"Winfrey, Oprah",,"=""1250054052""","=""9781250054050""",3,4.13,Flatiron Books,Hardcover,228,2014,2014,2022/10/21,2022/10/21,,,read,,,,1,0
1713426,Predictably Irrational: The Hidden Forces That Shape Our Decisions,Dan Ariely,"Ariely, Dan",,"=""""","=""""",3,4.12,HarperCollins Canada ,Hardcover,247,2008,2008,2022/10/21,2022/08/15,,,read,,,,1,0
18669169,The Sleepwalkers: How Europe Went to War in 1914,Christopher   Clark,"Clark, Christopher",,"=""""","=""""",4,4.23,Penguin,Kindle Edition,706,2012,2012,2022/10/21,2022/10/21,,,read,,,,1,0
32622193,A Little History of Economics (Little Histories),Niall Kishtainy,"Kishtainy, Niall",,"=""0300206364""","=""9780300206364""",4,4.08,Yale University Press,Hardcover,256,2017,,2022/10/21,2022/10/21,,,read,,,,1,0
17910054,The Sixth Extinction: An Unnatural History,Elizabeth Kolbert,"Kolbert, Elizabeth",,"=""0805092994""","=""9780805092998""",3,4.15,Henry Holt and Co. (Georg von Holtzbrinck),Hardcover,336,2014,2014,2022/10/21,2022/10/21,,,read,,,,1,0
479356,Ecce Homo,Friedrich Nietzsche,"Nietzsche, Friedrich","R.J. Hollingdale, Michael Tanner","=""0140445153""","=""9780140445152""",5,3.81,Penguin,Paperback,144,1992,1908,2022/10/21,2022/01/02,,,read,,,,1,0
44150384,7 Secrets to Investing Like Warren Buffett,Mary Buffett,"Buffett, Mary","Sean Seah, Pamela Almand, Matthew Lloyd Davies","=""1982130342""","=""9781982130343""",3,3.83,Scribner,Kindle Edition,224,2019,2019,2022/10/21,2022/10/21,,,read,,,,1,0
8676,Unlimited Power: The New Science of Personal Achievement,Anthony Robbins,"Robbins, Anthony",Tony Robbins,"=""0684845776""","=""9780684845777""",4,4.22,Free Press,Paperback,426,1997,1986,2022/10/21,2022/10/21,,,read,,,,1,0
1132,Buffettology: The Previously Unexplained Techniques That Have Made Warren Buffett the World's Most Famous Investor,Mary Buffett,"Buffett, Mary",David Clark,"=""068484821X""","=""9780684848211""",4,4.03,Scribner,Paperback,320,1999,,2022/10/21,2022/10/21,,,read,,,,1,0
43808723,Everything Is F*cked: A Book About Hope,Mark Manson,"Manson, Mark",,"=""0062955934""","=""9780062955937""",2,3.67,Harper,Hardcover,288,2019,2019,2022/10/21,2022/10/21,,,read,,,,1,0
57935190,The Authoritarian Moment: How the Left Weaponized America's Institutions Against Dissent,Ben Shapiro,"Shapiro, Ben",,"=""""","=""""",5,4.19,Broadside e-books,Kindle Edition,288,2021,2021,2022/10/21,2022/10/21,,,read,,,,1,0
9203287,The thank you economy,Gary Vaynerchuk,"Vaynerchuk, Gary",,"=""0061914185""","=""9780061914188""",4,3.84,Harpercollins,Paperback,256,2011,2010,2022/10/21,2022/10/21,,,read,,,,1,0
36628413,The Future of Capitalism: Facing the New Anxieties,Paul Collier,"Collier, Paul",,"=""0062748661""","=""9780062748669""",1,3.81,Harper,ebook,256,2018,2018,2022/10/21,2021/12/22,,,read,,,,1,0
42649659,The Right Side of History: How Reason and Moral Purpose Made the West Great,Ben Shapiro,"Shapiro, Ben",,"=""0062857924""","=""9780062857927""",5,3.87,Broadside e-books,Kindle Edition,277,2019,2019,2022/10/21,2022/10/21,,,read,,,,1,0
48929883,How to Destroy America in Three Easy Steps,Ben Shapiro,"Shapiro, Ben",,"=""0063001896""","=""9780063001893""",5,4.08,Broadside e-books,ebook,288,2020,2020,2022/10/21,2022/10/21,,,read,,,,1,0
30835567,Hit Refresh: The Quest to Rediscover Microsoft's Soul and Imagine a Better Future for Everyone,Satya Nadella,"Nadella, Satya","Greg Shaw, Jill Tracie Nichols","=""0062652508""","=""9780062652508""",5,3.79,Harper Business,Hardcover,273,2017,2017,2022/10/21,2022/10/21,,,read,Amazing story!,,,1,0
1303,The 48 Laws of Power,Robert Greene,"Greene, Robert",,"=""0140280197""","=""9780140280197""",5,4.10,Penguin Books,Paperback,452,2000,1998,2022/10/21,2022/08/15,,,read,,,,1,0
56645981,San Fransicko: Why Progressives Ruin Cities,Michael Shellenberger,"Shellenberger, Michael",,"=""0063093626""","=""9780063093621""",5,4.02,Harper,Hardcover,416,2021,2021,2022/10/20,2022/10/20,,,read,,,,1,0
12392781,Onnistu suuressa maailmassa: Opas globaaleille kilpakentille,Pertti I. Salonen,"Salonen, Pertti I.",,"=""9521410159""","=""9789521410154""",5,3.50,Talentum,Hardcover,288,2007,,2022/10/20,2022/10/09,,,read,Inspiration for me.,,,1,0
6368147,The Case Against Wagner,Friedrich Nietzsche,"Nietzsche, Friedrich",Anthony Mario Ludovici,"=""1410206572""","=""9781410206572""",4,3.46,University Press of the Pacific,Paperback,124,2003,1888,2022/10/20,2022/10/20,,,read,,,,1,0
34950841,"You Need a Budget: The Proven System for Breaking the Paycheck to Paycheck Cycle, Getting Out of Debt, and Living the Life You Want",Jesse Mecham,"Mecham, Jesse",,"=""0062567586""","=""9780062567581""",4,4.09,Harper Business,Hardcover,224,2017,2010,2022/10/20,2022/10/20,,,read,,,,1,0
12321,Beyond Good and Evil,Friedrich Nietzsche,"Nietzsche, Friedrich","Michael Tanner, R.J. Hollingdale","=""014044923X""","=""9780140449235""",5,4.03,Penguin Classics,Paperback,240,2003,1886,2022/10/20,2021/12/01,,,read,,,,1,0
7170627,The Emperor of All Maladies: A Biography of Cancer,Siddhartha Mukherjee,"Mukherjee, Siddhartha",,"=""""","=""""",4,4.34,Scribner,Hardcover,472,2010,2010,2022/10/19,2022/10/17,,,read,,,,1,0
19380,Candide,Voltaire,"Voltaire, Voltaire","Rockwell Kent, Walter Jerrold, Don Hagen, Sara Gioacchino Corcos","=""0486266893""","=""9780486266893""",5,3.76,"Dover Publications, Incorporated",Paperback,129,1991,1759,2021/06/19,2021/05/29,,,read,,,,1,0
3316089,It's Not About the Money,Bob Proctor,"Proctor, Bob",,"=""1897404026""","=""9781897404027""",4,4.32,"Burman Books, Inc.",Paperback,200,2008,2008,2022/10/19,2022/10/18,,,read,,,,1,0
68984,The Power of Your Subconscious Mind,Joseph Murphy,"Murphy, Joseph",Ian McMahon,"=""0553583182""","=""9780553583182""",5,4.07,Bantam,Mass Market Paperback,304,2001,1963,2022/10/18,2022/10/18,,,read,,,,1,0
4866,How to Stop Worrying and Start Living: Time-Tested Methods for Conquering Worry,Dale Carnegie,"Carnegie, Dale",,"=""0671035975""","=""9780671035976""",5,4.16,Gallery Books,Paperback,358,2004,1944,2021/12/26,2021/12/22,,,read,,,,2,0
42672465,The Latte Factor: Why You Don't Have to Be Rich to Live Rich,David Bach,"Bach, David",John David Mann,"=""1982120231""","=""9781982120238""",5,3.83,Atria Books,Hardcover,144,2019,,2022/10/17,2022/10/17,,,read,,,,1,0
846122,Meno,Plato,"Plato, Plato",G.M.A. Grube,"=""0915144247""","=""9780915144242""",5,3.93,"Hackett Publishing Company, Inc.",Paperback,33,1980,-386,2022/10/17,2022/10/17,,,read,Good talk about good which seems to be knowledge IE wisdom.,,,1,0
33606119,Why I'm No Longer Talking to White People About Race,Reni Eddo-Lodge,"Eddo-Lodge, Reni",,"=""140887055X""","=""9781408870556""",2,4.37,Bloomsbury Circus,Hardcover,249,2017,2017,2022/10/17,2022/10/17,,,read,,,,1,0
39694251,Financial Intelligence: How to To Be Smart with Your Money and Your Life,Kevin D. Peterson,"Peterson, Kevin D.",,"=""""","=""""",3,3.11,,Kindle Edition,76,2018,,2022/10/16,2022/10/16,,,read,,,,1,0
234888,The Romantic Manifesto,Ayn Rand,"Rand, Ayn",,"=""0451088786""","=""9780451088789""",5,3.76,Signet,Mass Market Paperback,160,1971,1969,2022/10/16,2022/01/20,,,read,,,,1,0
30753841,"Salt, Fat, Acid, Heat: Mastering the Elements of Good Cooking",Samin Nosrat,"Nosrat, Samin","Wendy MacNaughton, Michael Pollan","=""1476753830""","=""9781476753836""",5,4.40,Simon and Schuster,Hardcover,480,2017,2017,2022/10/16,2022/10/16,,,read,,,,1,0
54632413,Financial Intelligence: The Ultimate Beginner's Guide to Understanding Your Numbers,Kevin D. Peterson,"Peterson, Kevin D.",,"=""""","=""""",3,2.86,,Unknown Binding,,2018,,2022/10/16,2022/10/16,,,read,,,,1,0
31955,"Crashes, Booms, Panics and Government Regulation (Secrets of the Great Investors)",Robert Sobel,"Sobel, Robert",Louis Rukeyser,"=""0786164891""","=""9780786164899""",5,3.68,Blackstone Audiobooks,Audio CD,0,2006,1997,2022/10/16,2022/10/16,,,read,,,,1,0
18913696,How to Grow Rich by Creating Multiple Streams of Passive Income (How To Create Wealth Book 1),Praveen Kumar,"Kumar, Praveen",,"=""""","=""""",5,3.48,,Kindle Edition,103,2012,2012,2022/10/16,2022/10/16,,,read,,,,1,0
468667,Manifest Your Destiny : The Nine Spiritual Principles for Getting Everything You Want,Wayne W. Dyer,"Dyer, Wayne W.",,"=""0007160461""","=""9780007160464""",5,4.20,Element Books,Hardcover,171,2003,,2022/10/16,2022/10/16,,,read,,,,1,0
1134122,The Power of Positive Thinking,Norman Vincent Peale,"Peale, Norman Vincent",,"=""1416560610""","=""9781416560616""",5,4.13,Fireside,Hardcover,128,2007,1952,2022/10/15,2022/10/15,,,read,,,,1,0
13514148,The Greatness Guide: 101 Lessons for Making What's Good at Work and in Life Even Better,Robin Sharma,"Sharma, Robin",,"=""""","=""""",3,4.07,,Unknown Binding,,,2006,2022/10/15,2022/10/15,,,read,,,,1,0
6881578,The Leader Who Had No Title: A Modern Fable on Real Success in Business and in Life,Robin Sharma,"Sharma, Robin",,"=""1439109125""","=""9781439109120""",3,3.95,Free Press,Hardcover,224,2010,2010,2022/10/15,2022/10/15,,,read,,,,1,0
1156846,Koirien Kalevala,Mauri Kunnas,"Kunnas, Mauri",Tarja Kunnas,"=""9511122444""","=""9789511122449""",5,4.13,Otava,Hardcover,64,2007,1992,2022/10/15,2022/10/15,,,read,Funny!,,,1,0
512145,"The Renaissance (The Story of Civilization, #5)",Will Durant,"Durant, Will",,"=""0671616005""","=""9780671616007""",5,4.26,Simon & Schuster,Hardcover,776,1980,1953,2022/10/13,2021/11/29,,,read,,,,1,0
2823,The Birth of Tragedy,Friedrich Nietzsche,"Nietzsche, Friedrich","Shaun Whiteside, Michael Tanner","=""0140433392""","=""9780140433395""",4,3.98,Penguin Classics,Paperback,121,2003,1871,2022/10/13,2022/01/02,,,read,,,,1,0
128898,The Reformation (The Story of Civilization #6),Will Durant,"Durant, Will",,"=""1567310176""","=""9781567310177""",5,4.35,MJF,Hardcover,1025,1997,1957,2022/10/13,2021/11/29,,,read,,,,1,0
174730,"The Life of Greece (The Story of Civilization, #2)",Will Durant,"Durant, Will",,"=""1567310133""","=""9781567310139""",5,4.37,Fine Communications,Hardcover,754,1997,1939,2022/10/09,2021/11/29,,,read,,,,1,0
115998,"Caesar and Christ (Story of Civilization, #3)",Will Durant,"Durant, Will",,"=""0671115006""","=""9780671115005""",5,4.40,Simon & Schuster,Hardcover,752,1980,1944,2022/10/02,2021/11/29,,,read,This book remains the best history books. Unmatched and modern authors will never be able to match this series. They just can't.,,,1,0
415459,I Have No Mouth & I Must Scream,Harlan Ellison,"Ellison, Harlan",Theodore Sturgeon,"=""0441363954""","=""9780441363957""",3,3.89,Ace,Mass Market Paperback,134,1967,1967,2022/10/01,2021/11/29,,,read,,,,1,0
134798,"Capitalism, Socialism and Democracy",Joseph A. Schumpeter,"Schumpeter, Joseph A.",,"=""0415107628""","=""9780415107624""",4,3.99,Routledge,Paperback,460,1994,1942,2022/10/01,2021/11/29,,,read,,,,1,0
49390542,"Fundamentals of Corporate Finance, 4e WileyPLUS Card with Loose-Leaf Print Companion Set",Robert Parrino,"Parrino, Robert","Thomas Bates, Stuart L. Gillan, David S. Kidwell","=""1119502454""","=""9781119502456""",5,3.42,Wiley,Ring-bound,0,2019,2008,2022/09/29,2022/09/29,,,read,"Difficult subject, but one so essential for strategic choices that I won't regret buying similar book and self-studying the subject at some point. Probably not the best book on the subject, but it was in audiobook format and thus easy to go through.",,,1,0
15823480,Anna Karenina,Leo Tolstoy,"Tolstoy, Leo","Aylmer Maude, Louise Maude, Dieter Wellershoff, Bruno Goetz, Lev Tolstoj, Léon Tolstoï","=""0345803922""","=""9780345803924""",4,4.10,Vintage,Paperback,964,2012,1878,2021/02/02,2021/01/13,,,read,The greatest soap opera.,,,1,0
106835,The Intelligent Investor,Benjamin Graham,"Graham, Benjamin","Jason Zweig, Warren Buffett","=""0060555661""","=""9780060555665""",5,4.24,Harper Business,Paperback,623,2006,1949,2022/09/22,2022/08/15,,,read,Solid reasoning & advice for life also in general rather than only to investing.,,,1,1
7415260,The Code of Hammurabi,Hammurabi,"Hammurabi, Hammurabi",মোঃ নূরুজ্জামান খান,"=""1434404986""","=""9781434404985""",3,3.51,Wildside Press,Paperback,48,2009,-1780,2022/01/01,2022/01/02,,,read,,,,1,0
141958,The Spirit of the Laws,Montesquieu,"Montesquieu, Montesquieu","Anne M. Cohler, Basia Carolyn Miller, Harold Samuel Stone","=""0521369746""","=""9780521369749""",5,3.98,Cambridge University Press,Paperback,808,1989,1748,2022/09/16,2022/09/08,,,read,Intellectually stimulating unlike this review.,,,1,0
2199,Team of Rivals: The Political Genius of Abraham Lincoln,Doris Kearns Goodwin,"Goodwin, Doris Kearns",,"=""""","=""""",5,4.28,Simon & Schuster,Paperback,916,2006,2005,2022/09/13,2022/09/10,,,read,This man deserved longer book & longer life!,,,1,0
35265943,Philosophy of Mathematics,Øystein Linnebo,"Linnebo, Øystein",,"=""""","=""""",4,3.76,Princeton University Press,Kindle Edition,210,2017,,2022/09/13,2022/09/12,,,read,"Pretty hardcore introduction, but I understood this in couple of days only, so it was pretty good. Anyways I have strong mathematics & philosophy background, so maybe this was easier because of that.",,,1,0
36332770,Ainutlaatuiset aivot,Kaja Nordengen,"Nordengen, Kaja",Susanna Paarma,"=""9522794562""","=""9789522794567""",3,3.86,Bazar,Hardcover,208,2017,2016,2022/09/12,2022/09/12,,,read,,,,1,0
54493401,Project Hail Mary,Andy Weir,"Weir, Andy",,"=""0593135202""","=""9780593135204""",4,4.50,Ballantine Books,Hardcover,476,2021,2021,2022/09/11,2021/12/22,,,read,,,,1,0
936059,The Making of Modern Economics: The Lives and Ideas of the Great Thinkers,Mark Skousen,"Skousen, Mark",,"=""0765604809""","=""9780765604804""",5,3.97,Routledge,Paperback,485,2001,2000,2022/09/10,2021/12/22,,,read,,,,1,0
6617037,"Debt: The First 5,000 Years",David Graeber,"Graeber, David",,"=""1933633867""","=""9781933633862""",1,4.21,Melville House,Hardcover,534,2011,2011,2022/09/08,2022/09/07,,,read,"So this author thinks you can use other persons resources for free and not pay back? That is not fair IMO, since the l lender needed to also work for that money and the lender also has family plus an important long time function of producing loans to other people/institutions. Also the lenders job isn't to care how fair the loan is. That's your job as a person/institution. Why would you be asking the loan if it wasn't fair and desirable for you(assuming you're in control of your life/institution)? No logic in this book even with it's arguments.",,,1,0
264158,The Raven,Edgar Allan Poe,"Poe, Edgar Allan",Gustave Doré,"=""0486290727""","=""9780486290720""",4,4.29,Dover Publications,Paperback,64,1996,1845,2022/09/08,2022/01/11,,,read,,,,1,0
16619,Democracy in America,Alexis de Tocqueville,"Tocqueville, Alexis de","Isaac Kramnick, Gerald Bevan","=""0140447601""","=""9780140447606""",5,4.05,Penguin Classics,Paperback,983,2003,1835,2022/09/07,2022/09/07,,,read,,,,1,0
36638266,Supply Chain Management For Dummies,Daniel  Stanton,"Stanton, Daniel",,"=""""","=""""",5,4.05,For Dummies,Kindle Edition,368,2017,,2022/09/07,2022/09/04,,,read,A rather good introduction to the science of efficient resource usage.,,,1,0
41817441,The Borgias: Power and Fortune (Italian Histories),Paul Strathern,"Strathern, Paul",,"=""1643130838""","=""9781643130835""",4,4.06,Pegasus Books,Hardcover,400,2019,2019,2022/09/07,2022/09/05,,,read,,,,1,0
50752952,Raising Hell: Backstage Tales from the Lives of Metal Legends,Jon Wiederhorn,"Wiederhorn, Jon",,"=""1635766494""","=""9781635766493""",3,3.54,Diversion Books,Hardcover,480,2020,2020,2022/09/07,2022/09/05,,,read,,,,1,0
25209147,Critical Thinking Skills For Dummies,Martin Cohen,"Cohen, Martin",,"=""""","=""""",5,3.56,For Dummies,Kindle Edition,314,2015,2015,2022/09/04,2022/09/02,,,read,What a Book O' Greatness.,,,1,0
52049685,Number Theory: A Very Short Introduction,Robin Wilson,"Wilson, Robin",,"=""0198798091""","=""9780198798095""",4,3.80,"Oxford University Press, USA",Paperback,144,2020,,2022/09/02,2022/08/14,,,read,,,,1,0
17980745,How the West Won: The Neglected Story of the Triumph of Modernity,Rodney Stark,"Stark, Rodney",,"=""1610170857""","=""9781610170857""",5,4.18,Intercollegiate Studies Institute,Hardcover,432,2014,2013,2022/09/02,2022/09/01,,,read,,,,1,0
36343268,A Theory of Human Motivation,Abraham H. Maslow,"Maslow, Abraham H.",,"=""""","=""""",5,4.16,Start Publishing LLC ,Kindle Edition,46,2013,1943,2021/06/12,2021/06/12,,,read,,,,1,0
29581,"Foundation and Empire (Foundation, #2)",Isaac Asimov,"Asimov, Isaac",,"=""0553803727""","=""9780553803723""",5,4.22,Spectra,Hardcover,256,2004,1952,2021/06/07,2021/01/13,,,read,,,,2,0
767171,The Rise and Fall of the Third Reich: A History of Nazi Germany,William L. Shirer,"Shirer, William L.",,"=""0671728687""","=""9780671728687""",5,4.22,Simon & Schuster,Mass Market Paperback,1147,1990,1960,2022/09/01,2022/08/23,,,read,That mustache man up to no good.,,,1,0
260167,"Bargain Hunters, Contrarians, Cycles and Waves (Secrets of the Great Investors)",Janet Lowe,"Lowe, Janet",Kenneth L. Fisher,"=""0786165316""","=""9780786165315""",3,3.56,Knowledge Products,Audio CD,0,2006,1997,2022/08/31,2021/12/22,,,read,,,,1,0
16280863,Intellectuals and Race,Thomas Sowell,"Sowell, Thomas",,"=""0465058728""","=""9780465058723""",5,4.35,Basic Books,Hardcover,139,2013,2013,2022/08/31,2022/08/31,,,read,,,,1,0
13539024,Free Market Revolution: How Ayn Rand's Ideas Can End Big Government,Yaron Brook,"Brook, Yaron",Don Watkins,"=""0230341691""","=""9780230341692""",4,4.22,St. Martin's Press,Paperback,272,2012,2012,2022/08/31,2021/11/29,,,read,,,,1,0
774046,Hannibal,Theodore Ayrault Dodge,"Dodge, Theodore Ayrault",,"=""0306813629""","=""9780306813627""",5,4.15,Da Capo Press,Paperback,704,2004,1891,2022/08/29,2021/12/22,,,read,,,,1,0
9717,The Unbearable Lightness of Being,Milan Kundera,"Kundera, Milan",Michael Henry Heim,"=""0571224385""","=""9780571224388""",2,4.11,Harper Perennial,Paperback,314,2009,1984,2022/08/29,2022/01/10,,,read,,,,1,0
31850765,Energy and Civilization: A History,Vaclav Smil,"Smil, Vaclav",,"=""0262035774""","=""9780262035774""",5,4.09,The MIT Press,Hardcover,552,2017,2017,2022/08/26,2021/11/29,,,read,Thou shall not waste energy to black hole of vaguesness.,,,1,0
137651,Profiles in Audacity: Great Decisions And How They Were Made,Alan Axelrod,"Axelrod, Alan",,"=""1402732821""","=""9781402732829""",5,3.75,Union Square & Co.,Hardcover,309,2006,2006,2022/08/23,2022/08/23,,,read,,,,1,0
762464,Beating the Street,Peter Lynch,"Lynch, Peter",John Rothchild,"=""0671891634""","=""9780671891633""",5,4.10,Simon & Schuster,Paperback,336,1994,1992,2022/08/23,2021/12/22,,,read,Power of basics!,,,1,0
260168,Wall Street and Its Mystery Men (Secrets of the Great Investors),Robert Sobel,"Sobel, Robert",Ken Fisher,"=""0786164905""","=""9780786164905""",3,3.48,Blackstone Audiobooks,Audio CD,0,2006,1996,2022/08/22,2022/08/22,,,read,,,,1,0
20663100,"Chinese Rules: Mao's Dog, Deng's Cat, and Five Timeless Lessons from the Front Lines in China",Tim Clissold,"Clissold, Tim",,"=""0062316575""","=""9780062316578""",3,3.87,Harper,Hardcover,272,2014,2014,2022/08/22,2022/08/22,,,read,,,,1,0
973793,Money Managers and Mutual Funds (Secrets of the Great Investors),Donald J. Christensen,"Christensen, Donald J.",,"=""0786165251""","=""9780786165254""",3,3.36,Blackstone Audiobooks,Audio CD,0,2006,2006,2022/08/22,2022/08/22,,,read,,,,1,0
40542426,The Unknown Kimi Raikkonen,Kari Hotakainen,"Hotakainen, Kari",,"=""1471177688""","=""""",4,3.62,Simon & Schuster UK,Kindle Edition,290,2018,2018,2022/08/22,2022/08/21,,,read,,,,1,0
7843710,Microsoft First Generation: The Success Secrets of the Visionaries Who Launched a Technology Empire,Cheryl Tsang,"Tsang, Cheryl",Mary Woods,"=""0786118016""","=""9780786118014""",5,3.50,Blackstone Pub,Audio Cassette,0,2000,2000,2022/08/21,2022/08/21,,,read,Hard work seems to be underrated.,,,1,0
36722689,Data Science (The MIT Press Essential Knowledge series),John D. Kelleher,"Kelleher, John D.",Brendan Tierney,"=""0262535432""","=""9780262535434""",5,3.91,The MIT Press,Paperback,280,2018,,2022/08/21,2022/08/20,,,read,Solid stuff as was promised.,,,1,0
52962238,Principles for Dealing with the Changing World Order: Why Nations Succeed and Fail,Ray Dalio,"Dalio, Ray",,"=""1982160276""","=""9781982160272""",2,4.27,Avid Reader Press / Simon & Schuster,Hardcover,576,2021,2021,2022/08/21,2022/08/19,,,read,,,,1,0
1192421,Investment Philosophers and Financial Economists (Secrets of the Great Investors),Jo Ann Skousen,"Skousen, Jo Ann",Mark Skousen,"=""0786164883""","=""9780786164882""",4,3.72,Blackstone Audiobooks,Audio CD,0,2005,1997,2022/08/20,2021/12/22,,,read,,,,1,0
4964968,"Stock Frauds, Manipulations, and Insider Trading (Secrets of the Great Investors)",Thomas D. Saler,"Saler, Thomas D.","Donald Christensen, Louis Rukeyser","=""1568230621""","=""9781568230627""",3,3.56,Knowledge Products,Audio Cassette,0,1998,1997,2022/08/20,2021/12/22,,,read,,,,1,0
3326769,Profiles in Folly: History's Worst Decisions and Why They Went Wrong,Alan Axelrod,"Axelrod, Alan",,"=""1402747683""","=""9781402747687""",3,3.43,Union Square & Co.,Hardcover,358,2008,2008,2022/08/20,2022/08/20,,,read,,,,1,0
10260,The Pleasure of Finding Things Out: The Best Short Works of Richard P. Feynman,Richard P. Feynman,"Feynman, Richard P.","Jeffrey Robbins, Freeman Dyson","=""""","=""""",4,4.23,Basic Books,Paperback,270,2005,1999,2022/08/19,2022/08/19,,,read,,,,1,0
2454729,Norway - Culture Smart!: the essential guide to customs & culture,Linda March,"March, Linda",,"=""1857333314""","=""9781857333312""",3,4.01,Kuperard,Paperback,168,2006,2006,2022/08/19,2022/08/14,,,read,,,,1,0
39077,The 21 Success Secrets of Self-Made Millionaires,Brian Tracy,"Tracy, Brian",,"=""1583762051""","=""9781583762059""",5,4.04,Berrett-Koehler Publishers,Hardcover,91,2001,2001,2022/08/19,2022/08/19,,,read,,,,1,0
36738613,Globalists: The End of Empire and the Birth of Neoliberalism,Quinn Slobodian,"Slobodian, Quinn",,"=""0674979524""","=""9780674979529""",5,4.16,Harvard University Press,Hardcover,400,2018,2018,2022/08/18,2022/08/15,,,read,,,,1,0
762462,One Up On Wall Street: How to Use What You Already Know to Make Money in the Market,Peter Lynch,"Lynch, Peter",,"=""0743200403""","=""9780743200400""",5,4.29,Simon & Schuster,Paperback,304,2000,1988,2022/08/17,2021/12/22,,,read,No nonsence guide to investing. Shall follow myself.,,,1,0
95784,The Rape of Nanking: The Forgotten Holocaust of World War II,Iris Chang,"Chang, Iris",,"=""0140277447""","=""9780140277449""",3,4.25,Penguin Books,Paperback,290,1998,1997,2022/08/17,2022/08/17,,,read,,,,1,0
30629273,Requiem for the American Dream: The 10 Principles of Concentration of Wealth & Power,Noam Chomsky,"Chomsky, Noam","Peter Hutchinson, Kelly Nyks, Jared P. Scott","=""""","=""""",1,4.21,Seven Stories Press,ebook,192,2017,2017,2022/08/17,2022/08/17,,,read,,,,1,0
293708,Life of Dante,Benedict Flynn,"Flynn, Benedict",John Shrapnel,"=""9626347236""","=""9789626347232""",3,3.46,Naxos Audio Books,Audio Cassette,0,2001,2001,2022/08/17,2022/08/15,,,read,,,,1,0
817589,Learn to Earn: A Beginner's Guide to the Basics of Investing and Business,Peter Lynch,"Lynch, Peter",John Rothchild,"=""0684811634""","=""9780684811635""",5,4.05,Simon & Schuster,Paperback,272,1996,,2022/08/15,2021/12/22,,,read,,,,1,0
18101514,101 Amazing Facts About The USA,Jack Goldstein,"Goldstein, Jack",,"=""1783330066""","=""9781783330065""",3,3.50,Jack Goldstein Books,Kindle Edition,22,2013,2013,2022/08/15,2022/08/15,,,read,,,,1,0
17375,The Meaning of It All: Thoughts of a Citizen-Scientist,Richard P. Feynman,"Feynman, Richard P.",,"=""0465023940""","=""9780465023943""",5,3.97,Basic Books,Paperback,144,2005,1998,2022/08/15,2022/08/15,,,read,Feynman was also a great man of morals IMO.,,,1,0
112471,No B.S. Time Management for Entrepreneurs,Dan S. Kennedy,"Kennedy, Dan S.",,"=""1932156852""","=""9781932156850""",5,4.04,Entrepreneur Press,Paperback,182,2004,1996,2022/08/15,2022/08/14,,,read,Really good advice. Reread. Also ideas about time seem for me to be true.,,,1,0
291920,The Character of Physical Law,Richard P. Feynman,"Feynman, Richard P.",,"=""0679601279""","=""9780679601272""",4,4.30,Modern Library,Hardcover,192,1994,1964,2022/08/15,2022/08/15,,,read,,,,1,0
51442948,History of Apple iOS,IntroBooks,"IntroBooks, IntroBooks",,"=""""","=""9798611692356""",5,4.00,Independently Published,Paperback,44,2020,,2022/08/15,2022/08/15,,,read,I'm the only person who has heard of this 5 star masterpiece!,,,1,0
2504476,Ireland - Culture Smart!: the essential guide to customs & culture,John Scotney,"Scotney, John",,"=""185733308X""","=""9781857333084""",3,3.88,Kuperard,Paperback,168,2006,2003,2022/08/15,2022/08/14,,,read,,,,1,0
18796230,"It's Not Luck: Marketing, Production, and the Theory of Constraints",Eliyahu M. Goldratt,"Goldratt, Eliyahu M.",Rick Adamson,"=""1622313976""","=""9781622313976""",5,4.18,HighBridge Company,Audio CD,510,2014,1994,2022/08/14,2022/08/14,,,read,Reread when starting business.,,,1,0
2191870,Isaac Newton's New Physics (Science & Discovery),Gordon Brittan,"Brittan, Gordon",Edwin Newman,"=""0786164352""","=""9780786164356""",3,3.52,Blackstone Audiobooks,Audio CD,0,2006,2006,2022/08/14,2022/08/14,,,read,,,,1,0
326957,The Kama Sutra of Vatsyayana,Mallanaga Vātsyāyana,"Vātsyāyana, Mallanaga","Margot Anand, Mark Oxford, Richard Francis Burton","=""0375759247""","=""9780375759246""",3,3.45,Random House Publishing Group,Paperback,240,2002,300,2022/08/14,2022/08/13,,,read,,,,1,0
42448325,Turning the Flywheel: A Monograph to Accompany Good to Great,Jim Collins,"Collins, Jim",,"=""0062933809""","=""9780062933805""",5,4.22,Harper Business,ebook,46,2019,,2022/08/14,2022/08/14,,,read,True.,,,1,0
52195378,"Radical Productivity: Master Your Time, Eliminate Procrastination, and Radically Improve Your Productivity",M. Salek,"Salek, M.",,"=""""","=""""",5,3.58,Polymath Publishing,Kindle Edition,135,2019,,2022/01/20,2022/01/16,,,read,,,,2,0
13912,A Beautiful Mind,Sylvia Nasar,"Nasar, Sylvia",,"=""0571212921""","=""9780571212927""",4,4.13,Faber & Faber,Paperback,461,1999,1998,2022/08/14,2021/12/22,,,read,,,,1,0
25897950,"No Fears, No Excuses: What You Need to Do to Have a Great Career",Larry  Smith,"Smith, Larry",,"=""0544663330""","=""9780544663336""",5,4.15,Houghton Mifflin Harcourt,Hardcover,272,2016,2016,2022/08/14,2022/08/14,,,read,Economics seems to be good guide for careers.,,,1,0
44526819,The Power of Character Strengths: Appreciate and Ignite Your Positive Personality,Ryan M.  Niemiec,"Niemiec, Ryan M.",Robert McGrath,"=""""","=""""",3,4.02,,Kindle Edition,324,2019,2019,2022/08/13,2022/08/11,,,read,,,,1,0
12009,The Algebraist,Iain M. Banks,"Banks, Iain M.",,"=""1597800449""","=""9781597800440""",5,4.04,Night Shade Books,Paperback,434,2006,2004,2022/08/11,2021/11/29,,,read,Well thus was a treat.,,,1,0
18932984,Hegel: Philosophy in an Hour,Paul Strathern,"Strathern, Paul",,"=""0007466218""","=""9780007466214""",4,3.09,HarperPress,Kindle Edition,94,2012,,2022/08/11,2022/08/10,,,read,,,,1,0
55504338,Project Management All-in-One For Dummies,Stanley E. Portny,"Portny, Stanley E.",,"=""1119700280""","=""9781119700289""",3,3.66,For Dummies,Kindle Edition,569,2020,,2022/08/10,2022/04/16,,,read,,,,1,0
64596,A Concise History of the Middle East,Arthur Goldschmidt Jr,"Jr, Arthur Goldschmidt",Lawrence Davidson,"=""0813342759""","=""9780813342757""",5,3.72,Westview Press,Paperback,576,2005,1979,2022/08/10,2022/08/10,,,read,This books seems to be enough for me in this subject. Everything important seems to be covered. Maybe economic history could be a great supplement though.,,,1,0
16638501,The Vision of Leon Walras,Donald Walker,"Walker, Donald",Lois Rukyser,"=""1433237881""","=""9781433237881""",5,3.64,Knowledge Products,ebook,,2006,2006,2021/11/01,2021/11/01,,,read,This man invented so much of modern economics.,,,1,0
30359599,Forces of Nature,Brian Cox,"Cox, Brian",Andrew    Cohen,"=""0007488823""","=""9780007488827""",3,4.09,William Collins,Hardcover,288,2017,2016,2022/08/04,2022/08/02,,,read,,,,1,0
17795486,Margaret Thatcher: The Autobiography,Margaret Thatcher,"Thatcher, Margaret",,"=""0007416946""","=""9780007416943""",5,4.00,HarperPress,Kindle Edition,700,2013,2013,2022/08/02,2022/08/02,,,read,,,,1,0
8828998,Corporate Chanakya,Radhakrishnan Pillai,"Pillai, Radhakrishnan",,"=""8184951337""","=""9788184951332""",5,3.72,Jaico Publishing House,Paperback,340,2010,2010,2022/07/30,2022/07/25,,,read,,,,1,0
57344824,Elämää avaruudessa,Avi Loeb,"Loeb, Avi",Nina Mäki-Kihniä,"=""9510446963""","=""9789510446966""",3,3.78,WSOY,Hardcover,234,2021,2021,2022/07/30,2022/07/30,,,read,,,,1,0
883216,Jane Austen: A Biography,Elizabeth Jenkins,"Jenkins, Elizabeth",,"=""0575038772""","=""9780575038776""",2,3.54,Gollancz,Paperback,287,1986,1938,2022/07/24,2022/07/22,,,read,,,,1,0
35820369,The Rise and Fall of the Dinosaurs: A New History of a Lost World,Steve Brusatte,"Brusatte, Steve",,"=""0062490427""","=""9780062490421""",3,4.21,Mariner Books,Hardcover,404,2018,2018,2022/07/24,2022/07/22,,,read,,,,1,0
52505707,MBS: The Rise to Power of Mohammed bin Salman,Ben  Hubbard,"Hubbard, Ben",,"=""1984823825""","=""9781984823823""",4,4.15,Tim Duggan Books,Hardcover,384,2020,2020,2022/07/22,2022/07/20,,,read,,,,1,0
3042,Knowledge and Decisions,Thomas Sowell,"Sowell, Thomas",,"=""0465037380""","=""9780465037384""",5,4.39,Basic Books,Paperback,422,1996,1979,2022/07/20,2021/12/22,,,read,Absolute perfection of reason.,,,1,0
7048818,How an Economy Grows and Why It Crashes,Peter D. Schiff,"Schiff, Peter D.",,"=""047052670X""","=""9780470526705""",5,4.15,Wiley,Hardcover,256,2010,2010,2022/07/20,2022/07/20,,,read,,,,1,0
53505530,Microsoft Teams for Dummies,Rosemarie Withee,"Withee, Rosemarie",,"=""1119660521""","=""9781119660521""",3,3.47,For Dummies,Kindle Edition,304,2020,,2022/07/20,2022/07/20,,,read,,,,1,0
18386,The Death of Ivan Ilych,Leo Tolstoy,"Tolstoy, Leo","Aylmer Maude, Louise Maude","=""""","=""""",2,4.14,Waking Lion Press,Paperback,86,2006,1886,2022/07/20,2021/12/17,,,read,,,,1,0
597790,The Children of Húrin,J.R.R. Tolkien,"Tolkien, J.R.R.","Christopher Tolkien, Alan  Lee","=""0007246226""","=""9780007246229""",3,4.05,HarperCollins,Hardcover,315,2007,2007,2022/07/12,2021/11/29,,,read,,,,1,0
39644283,The Prime Number Conspiracy: The Biggest Ideas in Math from Quanta,Thomas  Lin,"Lin, Thomas",,"=""0262536358""","=""9780262536356""",5,3.92,MIT Press,Paperback,336,2018,,2022/07/12,2022/07/12,,,read,This book got me more interested in mathematics.,,,1,0
57197870,Arsène Lupin: caballero ladrón,Maurice Leblanc,"Leblanc, Maurice",,"=""8418538503""","=""9788418538506""",4,3.80,DUOMO EDITORIAL,Paperback,224,2021,1907,2022/06/19,2022/05/26,,,read,,,,1,0
3168622,Johdatus tieteenfilosofiaan: käsitteen ja teorianmuodostus,Ilkka Niiniluoto,"Niiniluoto, Ilkka",,"=""951105435X""","=""9789511054351""",3,3.23,,Paperback,1997,,1980,2022/06/19,2022/06/19,,,read,,,,1,0
25008399,Data Science For Dummies,Lillian Pierson,"Pierson, Lillian",,"=""""","=""""",4,3.42,For Dummies,Kindle Edition,408,2015,,2021/05/16,2021/05/15,,,read,,,,1,0
11989,The Plague,Albert Camus,"Camus, Albert",Stuart Gilbert,"=""""","=""""",4,4.02,Vintage International,Paperback,308,1991,1947,2022/04/16,2021/12/10,,,read,,,,1,0
56127226,2021 on Goodreads,Various,"Various, Various",,"=""""","=""""",5,4.16,,Unknown Binding,,2021,2021,,2021/12/11,,,read,Wow that was a breeze! Read like 600+ books.,,,1,0
12914,The Aeneid,Virgil,"Virgil, Virgil",Robert Fitzgerald,"=""0679729526""","=""9780679729525""",4,3.87,Vintage,Paperback,442,1990,-19,,2022/01/01,,,read,,,,1,0
993126,Philippines - Culture Smart!: The Essential Guide to Customs & Culture,Graham Colin-Jones,"Colin-Jones, Graham",Yvonne Quahe Colin-Jones,"=""1857333179""","=""9781857333176""",5,4.04,Kuperard,Paperback,168,2006,2004,2022/04/16,2022/04/15,,,read,,,,1,0
1387876,Weather for Dummies,John D. Cox,"Cox, John D.",,"=""0764552430""","=""0785555026827""",5,3.74,For Dummies,Paperback,472,2000,,2022/04/15,2022/04/13,,,read,Weather seems to be more complex than it shows up in real life.,,,1,0
18306992,Narsismi arjessa – vastauksia henkilökohtaisiin kysymyksiin,Paula Salomaa,"Salomaa, Paula",,"=""9522601926""","=""9789522601926""",2,3.25,Basam Books,Paperback,207,2013,2013,2022/04/15,2021/12/23,,,read,,,,1,0
2471883,Chile - Culture Smart!: the essential guide to customs & culture,Caterina Perrone,"Perrone, Caterina",,"=""1857333411""","=""9781857333411""",5,4.10,Kuperard,Paperback,168,2007,2006,2022/04/13,2022/04/13,,,read,,,,1,0
713664,Japan - Culture Smart!: the essential guide to customs & culture,Paul Norbury,"Norbury, Paul",,"=""1857333098""","=""9781857333091""",5,3.84,Kuperard,Paperback,168,2006,2003,2022/04/13,2022/04/13,,,read,,,,1,0
235567,Korea - Culture Smart!: The Essential Guide to Culture & Customs,James E. Hoare,"Hoare, James E.",,"=""1857333659""","=""9781857333657""",5,3.75,Kuperard,Paperback,168,2006,2004,2022/04/13,2022/04/13,,,read,South is a splendid place!,,,1,0
20300355,Uganda - Culture Smart!: The Essential Guide to Customs & Culture,Ian Clarke,"Clarke, Ian",,"=""1857336992""","=""9781857336993""",3,3.89,Kuperard,Paperback,168,2014,2014,2022/04/13,2022/04/13,,,read,,,,1,0
4138999,Russia and the Soviet Union (The World's Political Hot Spots),Ralph Raico,"Raico, Ralph",Peter Hackes,"=""0786166924""","=""9780786166923""",4,3.67,Knowledge Products,Audio CD,31,2006,2006,2022/04/13,2022/04/11,,,read,,,,1,0
2139819,Cuba - Culture Smart!: a quick guide to customs & etiquette,Mandy   Macdonald,"Macdonald, Mandy",,"=""1857333381""","=""9781857333381""",4,3.89,Kuperard,Paperback,168,2006,2006,2022/04/13,2022/04/11,,,read,,,,1,0
8215142,Tanzania - Culture Smart!: The Essential Guide to Customs & Culture,Quintin Winks,"Winks, Quintin",,"=""1857334833""","=""9781857334838""",4,3.93,Kuperard,Paperback,168,2009,2009,2022/04/11,2022/04/11,,,read,,,,1,0
2382604,Mexico (World's Political Hot Spots),Joseph Stromberg,"Stromberg, Joseph",,"=""078616476X""","=""9780786164769""",4,3.39,Blackstone Audiobooks,Audio CD,0,1991,2006,2022/04/11,2022/04/11,,,read,,,,1,0
24535522,101 Amazing Facts about The Movies - Volume 3,Jack Goldstein,"Goldstein, Jack",,"=""""","=""""",3,3.78,Jack Goldstein Books,Kindle Edition,28,2014,2014,2022/04/10,2022/04/10,,,read,,,,1,0
23462640,"The Achievement Habit: Stop Wishing, Start Doing, and Take Command of Your Life",Bernard Roth,"Roth, Bernard",,"=""0062356100""","=""9780062356109""",1,3.66,Harper Business,Hardcover,288,2015,2015,2022/04/10,2022/04/10,,,read,The author advocates not using your reason to design your life! Using reason is good! Reason leads to more unified opinions and all science is based on top of it. Cannot support these kind of people that don't use reason.,,,1,0
24467096,101 Amazing Facts about The Movies - Volume 2,Jack Goldstein,"Goldstein, Jack",,"=""""","=""""",3,3.50,Jack Goldstein Books,Kindle Edition,28,2014,2014,2022/04/10,2022/04/09,,,read,,,,1,0
376867,J.S. Mill in 90 Minutes (Philosophers in 90 Minutes Series),Paul Strathern,"Strathern, Paul",,"=""1566634733""","=""9781566634731""",4,3.66,Ivan R. Dee,Paperback,96,2002,2002,2022/04/10,2022/04/10,,,read,,,,1,0
21892238,101 Amazing Facts about Charles Dickens,Jack Goldstein,"Goldstein, Jack",Isabella Reese,"=""1783336870""","=""9781783336876""",3,3.11,Jack Goldstein Books,Kindle Edition,25,2014,2014,2022/04/10,2022/04/09,,,read,,,,1,0
39863397,"Success Habits: Proven Principles for Greater Wealth, Health, and Happiness",Napoleon Hill,"Hill, Napoleon",,"=""1250308070""","=""9781250308078""",5,3.87,St. Martin's Essentials,Paperback,240,2018,,2022/04/10,2022/04/09,,,read,,,,1,0
2843934,UAE (Culture Smart!),John Walsh,"Walsh, John",,"=""1857334515""","=""9781857334517""",5,3.93,Kuperard,Paperback,168,2008,,2022/04/09,2022/04/07,,,read,,,,1,0
1648146,Culture Smart! Britain: A Quick Guide to Customs & Etiquette,Paul Norbury,"Norbury, Paul",,"=""185733311X""","=""9781857333114""",4,3.59,Kuperard,Paperback,168,2006,2003,2022/04/09,2022/04/07,,,read,,,,1,0
3949642,Nepal - Culture Smart!: The Essential Guide to Customs & Culture (16),Tessa Feller,"Feller, Tessa",,"=""1857334582""","=""9781857334586""",4,3.96,Kuperard,Paperback,168,2008,2008,2022/04/07,2022/04/07,,,read,,,,1,0
2947292,Romania - Culture Smart!: the essential guide to customs & culture,Debbie Stowe,"Stowe, Debbie",,"=""1857334523""","=""9781857334524""",4,3.94,Kuperard,Paperback,168,2008,2010,2022/04/07,2022/04/05,,,read,,,,1,0
234378,Thailand - Culture Smart!: The Essential Guide to Customs & Culture,Roger Jones,"Jones, Roger",,"=""1857333144""","=""9781857333145""",5,3.92,Kuperard,Paperback,168,2006,2003,2022/04/05,2022/04/05,,,read,,,,1,0
18938284,101 More Amazing Harry Potter Facts,Jack Goldstein,"Goldstein, Jack",Frankie Taylor,"=""1782348328""","=""9781782348320""",4,3.64,Acorn Books,Kindle Edition,31,2013,2013,2022/04/05,2022/04/03,,,read,,,,1,0
20674864,101 Amazing Facts about Ships and Boats,Jack Goldstein,"Goldstein, Jack",,"=""1783335246""","=""9781783335244""",3,3.29,Jack Goldstein Books,Kindle Edition,34,2014,2014,2022/04/05,2022/04/03,,,read,,,,1,0
18665721,Derrida: Philosophy in an Hour,Paul Strathern,"Strathern, Paul",,"=""0007466226""","=""9780007466221""",1,3.35,Harper Press,Kindle Edition,94,2012,1997,2022/04/05,2022/04/05,,,read,,,,1,0
19052882,Socrates: Philosophy in an Hour,Paul Strathern,"Strathern, Paul",,"=""0007466110""","=""9780007466115""",3,3.53,HarperPress,Kindle Edition,94,2012,1997,2022/04/05,2022/04/05,,,read,,,,1,0
18927708,Heidegger: Philosophy in an Hour,Paul Strathern,"Strathern, Paul",,"=""0007466285""","=""9780007466283""",4,3.31,HarperPress,Kindle Edition,50,2012,1997,2022/04/05,2022/04/05,,,read,,,,1,0
1648149,Turkey - Culture Smart!: The Essential Guide to Customs & Culture,Charlotte McPherson,"McPherson, Charlotte",,"=""1857333268""","=""9781857333268""",5,4.06,Kuperard,Paperback,168,2006,2005,2022/04/05,2022/04/03,,,read,,,,1,0
2487448,Netherlands - Culture Smart!: the essential guide to customs & culture,Sheryl Buckland,"Buckland, Sheryl",,"=""1857333128""","=""9781857333121""",5,3.99,Kuperard,Paperback,168,2006,2003,2022/04/05,2022/04/05,,,read,,,,1,0
360302,Morocco - Culture Smart!: The Essential Guide to Customs & Culture,Jillian York,"York, Jillian",,"=""1857333373""","=""9781857333374""",4,3.96,Kuperard,Paperback,168,2006,2006,2022/04/05,2022/04/05,,,read,,,,1,0
21892240,101 Amazing Facts about Jane Austen,Jack Goldstein,"Goldstein, Jack",Isabella Reese,"=""1783336897""","=""9781783336890""",2,3.21,Jack Goldstein Books,Kindle Edition,27,2014,2014,2022/04/03,2022/04/03,,,read,,,,1,0
17248651,101 Amazing Harry Potter Facts (101 Amazing Facts Book 136),Jack Goldstein,"Goldstein, Jack",Frankie Taylor,"=""1782343547""","=""9781782343547""",3,3.29,AUK Authors,Kindle Edition,23,2012,2012,2022/04/03,2022/04/03,,,read,,,,1,0
29495960,101 Amazing Facts about Spiders and Other Arachnids,Jack Goldstein,"Goldstein, Jack",,"=""""","=""""",3,3.55,Andrews UK,ebook,34,2014,,2022/04/03,2022/04/03,,,read,,,,1,0
379404,Vietnam - Culture Smart!: the essential guide to customs & culture,Geoffrey Murray,"Murray, Geoffrey",,"=""1857333330""","=""9781857333336""",5,3.82,Kuperard,Paperback,168,2006,2006,2022/04/03,2022/04/01,,,read,,,,1,0
21892185,101 Amazing Facts about the Titanic,Jack Goldstein,"Goldstein, Jack",Frankie Taylor,"=""1783335971""","=""9781783335978""",3,3.48,Jack Goldstein Books,Kindle Edition,26,2014,2014,2022/04/03,2022/04/03,,,read,,,,1,0
1648147,Mexico - Culture Smart!: The Essential Guide to Customs & Culture,Guy Mavor,"Mavor, Guy",,"=""1857333667""","=""9781857333664""",5,4.07,Kuperard,Paperback,168,2006,2004,2022/04/03,2022/04/03,,,read,,,,1,0
18796795,101 Amazing Facts about New York,Jack Goldstein,"Goldstein, Jack",,"=""1783333057""","=""9781783333059""",3,4.11,Auk Authors,Kindle Edition,29,2013,2013,2022/04/03,2022/04/02,,,read,,,,1,0
22273457,101 Amazing Facts about Arthur Conan Doyle,Jack Goldstein,"Goldstein, Jack",Isabella Reese,"=""1783337311""","=""9781783337316""",3,3.83,Jack Goldstein Books,Kindle Edition,31,2014,2014,2022/04/02,2022/04/02,,,read,,,,1,0
25851285,101 Amazing Facts about Wine,Jack Goldstein,"Goldstein, Jack",,"=""""","=""""",3,3.44,AUK Authors,Kindle Edition,31,2013,2013,2022/04/02,2022/04/02,,,read,,,,1,0
19272033,Kierkegaard: Philosophy in an Hour,Paul Strathern,"Strathern, Paul",,"=""0007466277""","=""9780007466276""",4,3.55,HarperPress,Kindle Edition,94,2012,1997,2022/04/02,2022/04/02,,,read,,,,1,0
17279961,Bertrand Russell: Philosophy in an Hour,Paul Strathern,"Strathern, Paul",,"=""""","=""9780007466245""",5,3.75,HarperPress,ebook,0,2012,2001,2022/04/02,2022/04/02,,,read,These books are worth everybody's time.,,,1,0
178798,China - Culture Smart!: a quick guide to customs and etiquette,Kathy Flower,"Flower, Kathy",,"=""1857333047""","=""9781857333046""",5,3.82,Kuperard,Paperback,168,2006,2003,2022/04/02,2022/04/02,,,read,,,,1,0
36959766,Hyperfocus: How to Be More Productive in a World of Distraction,Chris   Bailey,"Bailey, Chris",,"=""0735273685""","=""9780735273689""",5,3.88,Random House Canada,Hardcover,256,2018,2018,2022/04/02,2022/04/01,,,read,Very good practical advice(standard tho).,,,1,0
1344748,Switzerland - Culture Smart!: The essential guide to customs & culture,Kendall Maycock,"Maycock, Kendall",,"=""1857333209""","=""9781857333206""",5,3.89,Kuperard,Paperback,168,2006,2004,2022/04/01,2022/04/01,,,read,,,,1,0
23842249,101 Amazing Facts About Animals,Jack Goldstein,"Goldstein, Jack",,"=""1783331704""","=""9781783331703""",4,4.14,Jack Goldstein Books,Kindle Edition,28,2013,2013,2022/04/01,2022/04/01,,,read,,,,1,0
868499,Germany: A Quick Guide to Customs & Etiquette,Barry Tomalin,"Tomalin, Barry",,"=""1857333063""","=""9781857333060""",5,3.91,Kuperard,Paperback,168,2003,2003,2022/04/01,2022/04/01,,,read,The most efficient culture in Europe. I think organising is something to adopt in every country.,,,1,0
25810293,Italy - Culture Smart!: The Essential Guide to Customs & Culture,Barry Tomalin,"Tomalin, Barry",,"=""1857338308""","=""9781857338300""",5,3.86,Kuperard,Paperback,168,2016,2016,2022/04/01,2022/03/31,,,read,,,,1,0
20890579,Israel - Culture Smart!: The Essential Guide to Customs & Culture,Marian Lebor,"Lebor, Marian",Jeffrey Geri,"=""1857337034""","=""9781857337037""",5,4.35,Kuperard,Paperback,168,2014,2014,2022/03/31,2022/03/31,,,read,,,,1,0
868500,Australia: A Quick Guide to Customs & Etiquette (Culture Smart!),Barry Penney,"Penney, Barry",,"=""1857333101""","=""9781857333107""",5,3.84,Kuperard,Paperback,168,2006,2003,2022/03/31,2022/03/31,,,read,,,,1,0
461445,Russia - Culture Smart!: The Essential Guide to Customs & Culture (12),Anna   King,"King, Anna",Anna Shevchenko,"=""1857333527""","=""9781857333527""",5,3.83,Kuperard,Paperback,168,2007,2007,2022/03/31,2022/03/31,,,read,,,,1,0
713116,Spain - Culture Smart!: the essential guide to customs & culture,Marian Meaney,"Meaney, Marian",,"=""1857333152""","=""9781857333152""",5,3.89,Kuperard,Paperback,168,2006,2003,2022/03/31,2022/03/31,,,read,,,,1,0
31113462,India - Culture Smart!: The Essential Guide to Customs & Culture,Becky Stephen,"Stephen, Becky",,"=""1787022420""","=""9781787022423""",5,3.89,Kuperard,Kindle Edition,172,2016,2003,2022/03/31,2022/03/31,,,read,Really useful book series. Will read all of these.,,,1,0
21391333,Henry VIII: History in an Hour,Simon Court,"Court, Simon",,"=""0007554117""","=""9780007554119""",4,3.78,William Collins,Kindle Edition,55,2014,2014,2022/03/27,2022/03/27,,,read,,,,1,0
16058329,The Gunpowder Plot: History In An Hour,Sinead Fitzgibbon,"Fitzgibbon, Sinead",,"=""0007508077""","=""9780007508075""",4,3.91,HarperPress,ebook,60,2012,2012,2022/03/27,2022/03/27,,,read,,,,1,0
19028497,The Korean War: History in an Hour,Andrew Mulholland,"Mulholland, Andrew",,"=""""","=""""",4,3.72,William Collins,Kindle Edition,115,2013,2013,2022/03/27,2022/03/27,,,read,,,,1,0
17259333,The Medieval Anarchy: History in an Hour,Kaye Jones,"Jones, Kaye",,"=""""","=""""",4,3.51,HarperCollins,Kindle Edition,59,2012,2012,2022/03/27,2022/03/26,,,read,,,,1,0
17346835,American Slavery: History in an Hour,Kat Smutz,"Smutz, Kat",Jonathan Keeble,"=""""","=""""",3,3.72,HarperCollins Publishers Limited,Audiobook,,2013,2011,,2022/03/26,,,read,,,,1,0
13575993,Titanic: History In An Hour,Sinead Fitzgibbon,"Fitzgibbon, Sinead",,"=""0007485182""","=""9780007485185""",3,4.06,HarperPress,ebook,60,2012,2012,2022/01/01,2022/03/26,,,read,,,,1,0
21316333,Churchill: History in an Hour,Andrew Mulholland,"Mulholland, Andrew",,"=""0007559313""","=""9780007559312""",3,3.90,William Collins,Kindle Edition,103,2014,2014,,2022/03/26,,,read,,,,1,0
21262722,Mussolini: History in an Hour,Rupert Colley,"Colley, Rupert",,"=""0007554109""","=""9780007554102""",3,3.84,William Collins,Kindle Edition,90,2014,2014,,2022/03/26,,,read,,,,1,0
21259008,D-Day: History in an Hour,Rupert Colley,"Colley, Rupert",,"=""0007559321""","=""9780007559329""",3,4.04,William Collins,Kindle Edition,117,2014,2014,,2022/03/26,,,read,,,,1,0
18878676,The Holocaust: History in an Hour,Jemma J. Saunders,"Saunders, Jemma J.",,"=""0007542569""","=""9780007542567""",3,4.16,William Collins,Kindle Edition,60,2013,2013,,2022/03/26,,,read,,,,1,0
16219303,JFK: History In An Hour,Sinead Fitzgibbon,"Fitzgibbon, Sinead",Jonathan Keeble,"=""0007515227""","=""9780007515226""",3,3.84,HarperPress,Audiobook,0,2013,2012,,2022/03/26,,,read,,,,1,0
17797533,Ancient Egypt: History in an Hour,Anthony Holmes,"Holmes, Anthony",Jonathan Keeble,"=""""","=""""",4,3.59,HarperCollins Publishers Limited,Audiobook,,2013,2010,2022/03/26,2022/03/26,,,read,,,,1,0
13579710,Nazi Germany: History in an Hour,Rupert Colley,"Colley, Rupert",Jonathan Keeble,"=""""","=""""",3,3.89,,Audiobook,77,,2010,,2022/03/26,,,read,,,,1,0
15838161,South Africa: History in an Hour,Anthony Holmes,"Holmes, Anthony",,"=""0007485204""","=""9780007485208""",4,3.84,HarperPress,Kindle Edition,72,2012,2012,2022/03/26,2022/03/26,,,read,,,,1,0
17698456,1066: History in an Hour,Kaye Jones,"Jones, Kaye",Jonathan Keeble,"=""""","=""""",4,3.80,HarperCollins Publishers Limited,Audiobook,,2013,2010,2022/03/26,2022/03/26,,,read,,,,1,0
16165126,Stalin: History in an Hour,Rupert Colley,"Colley, Rupert",,"=""0007508069""","=""9780007508068""",4,3.76,HarperCollins Publishers,Kindle Edition,0,2012,2012,2022/01/01,2022/03/26,,,read,,,,1,0
18870582,World War Two: History in an Hour,Rupert Colley,"Colley, Rupert",,"=""0007451199""","=""""",4,3.91,HarperPress,Kindle Edition,100,2011,2009,,2022/03/26,,,read,,,,1,0
13579080,Hitler: History in an Hour Unabridged,Rupert Colley,"Colley, Rupert",Jonathan Keeble,"=""""","=""""",4,3.84,HarperCollins Publishers Limited,Audible Audio,1,2012,2010,,2022/03/26,,,read,,,,1,0
13579714,The American Civil War: History in an Hour,Kat Smutz,"Smutz, Kat",Jonathan Keeble,"=""""","=""""",5,3.62,,Audiobook,81,,2011,2022/03/26,2022/03/26,,,read,,,,1,0
57423849,How to Innovate: An Ancient Guide to Creative Thinking (Ancient Wisdom for Modern Readers),Aristotle,"Aristotle, Aristotle",Armand D'Angour,"=""0691213739""","=""9780691213736""",4,2.96,Princeton University Press,Hardcover,168,2021,2021,2022/03/26,2022/03/22,,,read,,,,1,0
8617614,Babylon: Mesopotamia and the Birth of Civilization,Paul Kriwaczek,"Kriwaczek, Paul",,"=""1848871562""","=""9781848871564""",4,3.90,Atlantic Books,Hardcover,310,2010,2010,2022/03/26,2022/03/25,,,read,,,,1,0
18927709,Aristotle: Philosophy in an Hour,Paul Strathern,"Strathern, Paul",,"=""000746357X""","=""9780007463572""",5,3.33,HarperPress,Kindle Edition,94,2012,1996,2022/03/25,2022/03/25,,,read,,,,1,0
61666,Contact,Carl Sagan,"Sagan, Carl",,"=""2266079999""","=""9782266079990""",4,4.15,Pocket,Mass Market Paperback,580,1997,1985,2022/03/24,2021/12/11,,,read,,,,1,0
36299124,In Pursuit of Wealth: The Moral Case for Finance,Yaron Brook,"Brook, Yaron",Don Watkins,"=""""","=""""",5,4.23,Ayn Rand Institute,Kindle Edition,278,2017,2017,2022/03/22,2021/11/29,,,read,,,,1,0
40893955,The Pareto Principle,IntroBooks,"IntroBooks, IntroBooks",,"=""""","=""""",3,2.40,,Kindle Edition,30,2018,,2022/03/09,2022/03/07,,,read,,,,1,0
15997,Paradise Lost,John Milton,"Milton, John",,"=""0140424393""","=""9780140424393""",4,3.85,Penguin Classics,Paperback,453,2003,1667,2022/03/09,2021/12/10,,,read,,,,1,0
35167718,"""What Do You Care What Other People Think?"": Further Adventures of a Curious Character",Richard P. Feynman,"Feynman, Richard P.",Ralph Leighton,"=""0393355640""","=""9780393355642""",4,4.19,W. W. Norton & Company,Paperback,288,2018,1988,2022/03/07,2022/02/28,,,read,,,,1,0
35498912,Quantum Physics: What Everyone Needs to Know®,Michael G. Raymer,"Raymer, Michael G.",,"=""0190250739""","=""9780190250737""",5,3.95,Oxford University Press,Kindle Edition,332,2017,2017,2022/03/06,2022/03/04,,,read,Informative opening to the subject!,,,1,0
8581223,Absolutely Small: How Quantum Theory Explains Our Everyday World,Michael D. Fayer,"Fayer, Michael D.",,"=""0814414885""","=""9780814414880""",5,3.91,Amacom Books,Hardcover,383,2010,2010,2022/03/04,2021/11/29,,,read,,,,1,0
29633355,Men Without Work: America's Invisible Crisis (New Threats to Freedom Series),Nicholas Eberstadt,"Eberstadt, Nicholas",,"=""1599474697""","=""9781599474694""",5,3.41,Templeton Press,Paperback,216,2016,,2022/03/02,2022/02/28,,,read,,,,1,0
26198856,The Conflict in Ukraine: What Everyone Needs to Know®,Serhy Yekelchyk,"Yekelchyk, Serhy",,"=""0190237309""","=""9780190237301""",4,3.88,Oxford University Press,Kindle Edition,208,2015,2015,2022/02/27,2022/02/25,,,read,Explains all about corruption due to shadow of communism/crony capitalism highly visible in modern Ukraine.,,,1,0
177523,Rights of Man,Thomas Paine,"Paine, Thomas",,"=""0543954617""","=""9780543954619""",5,4.02,Adamant Media Corporation,Paperback,229,2000,1791,2022/03/01,2021/11/29,,,read,,,,1,0
703712,Logic: A Very Short Introduction,Graham Priest,"Priest, Graham",,"=""0192893203""","=""9780192893208""",5,3.64,Oxford University Press,Paperback,128,2001,2000,2022/03/01,2021/12/22,,,read,,,,1,0
55139,"The Year 1000: What Life Was Like at the Turn of the First Millennium, An Englishman's World",Robert Lacey,"Lacey, Robert",,"=""0316511579""","=""9780316511575""",3,3.87,Back Bay Books,Paperback,230,2000,1998,2022/02/28,2022/02/28,,,read,,,,1,0
34757375,The Long Hangover: Putin's New Russia and the Ghosts of the Past,Shaun  Walker,"Walker, Shaun",,"=""0190659246""","=""9780190659240""",4,4.18,Oxford University Press,Hardcover,288,2018,2017,2022/02/28,2022/02/27,,,read,,,,1,0
7726691,The End of the Road,Ayn Rand,"Rand, Ayn",,"=""1607961016""","=""9781607961017""",4,3.39,BN Publishing,Paperback,48,2009,2009,2022/02/28,2022/02/28,,,read,,,,1,0
41154998,Putin v. the People: The Perilous Politics of a Divided Russia,Samuel A. Greene,"Greene, Samuel A.",Graeme B. Robertson,"=""0300238398""","=""9780300238396""",4,3.77,Yale University Press,Hardcover,296,2019,2019,2022/02/28,2022/02/28,,,read,,,,1,0
56016,The Return of the Primitive: The Anti-Industrial Revolution,Ayn Rand,"Rand, Ayn",Peter Schwartz,"=""0452011841""","=""9780452011847""",5,4.15,Penguin Publishing Group,Paperback,290,1999,1971,2022/02/25,2022/02/24,,,read,,,,1,0
55829600,A Rare Recording of Ayn Rand,Ayn Rand,"Rand, Ayn",,"=""1593167660""","=""9781593167660""",5,3.00,Listen & Live Audio,Audiobook,,2016,,2022/02/22,2022/02/22,,,read,,,,1,0
1978,The Voice of Reason: Essays in Objectivist Thought (The Ayn Rand Library Vol. V),Ayn Rand,"Rand, Ayn",Leonard Peikoff,"=""0452010462""","=""9780452010468""",5,4.12,Penguin Publishing Group,Paperback,368,1990,1989,2022/02/22,2022/02/20,,,read,,,,1,0
30597,The Hunchback of Notre-Dame,Victor Hugo,"Hugo, Victor","Walter J. Cobb, Lucie Konvičková","=""0451527887""","=""9780451527882""",5,4.02,Signet Classics,Paperback,510,2001,1831,2022/02/20,2021/12/10,,,read,Already knew how awesome this would be. Surely my favorite books from my favorite literature period in history.,,,1,0
14707,"Faust, Part Two",Johann Wolfgang von Goethe,"Goethe, Johann Wolfgang von",David  Luke,"=""0192836366""","=""9780192836366""",5,3.66,Oxford University Press,Paperback,304,1999,1832,2022/02/18,2021/12/22,,,read,,,,1,0
14706,"Faust, First Part",Johann Wolfgang von Goethe,"Goethe, Johann Wolfgang von",Peter Salm,"=""0553213482""","=""9780553213485""",5,3.83,Bantam Classics,Paperback,327,1988,1808,2022/02/18,2021/12/22,,,read,Catches interesting aspects of humans.,,,1,0
494,Wizard: The Life and Times of Nikola Tesla: Biography of a Genius,Marc J. Seifer,"Seifer, Marc J.",William H. Terbo,"=""0806519606""","=""9780806519609""",5,3.73,Citadel,Paperback,542,2001,1996,2022/02/17,2021/12/22,,,read,Inspiring...,,,1,0
843433,Philosophy: Who Needs It,Ayn Rand,"Rand, Ayn",Leonard Peikoff,"=""0451138937""","=""9780451138934""",4,3.90,Signet,Mass Market Paperback,228,1984,1982,2022/02/13,2021/11/29,,,read,,,,1,0
5486,Andrew Carnegie,David Nasaw,"Nasaw, David",,"=""1594201048""","=""9781594201042""",4,3.86,"Penguin Press HC, The",Hardcover,896,2006,2006,2022/02/11,2022/01/03,,,read,,,,1,0
11405735,Civil War the United States at War (Audio Classics),Jeffrey Rogers Hummel,"Hummel, Jeffrey Rogers",George C. Scott,"=""0786168978""","=""9780786168972""",5,3.84,Blackstone Pub,Audio CD,6,2006,2006,2022/02/08,2022/01/31,,,read,,,,1,0
668,We the Living,Ayn Rand,"Rand, Ayn",,"=""0451187849""","=""9780451187840""",5,3.96,Signet,Mass Market Paperback,464,1996,1936,2022/02/07,2021/11/29,,,read,,,,1,0
81912,Human Action: A Treatise on Economics,Ludwig von Mises,"Mises, Ludwig von",Bettina Bien Greaves,"=""0809297434""","=""9780809297436""",5,4.34,Contemporary Books,Hardcover,924,1966,1940,2022/02/06,2021/11/29,,,read,Cool book by a cool name.,,,1,0
58242348,Becoming Kim Jong Un: Understanding North Korea's Young Dictator,Jung H. Pak,"Pak, Jung H.",,"=""""","=""""",3,3.77,Oneworld Publications,Kindle Edition,404,2021,2020,2021/07/21,2021/07/20,,,read,,,,1,0
15778843,Narsismin tiedostaminen – toipumisopas narsistille ja uhrille,Paula Salomaa,"Salomaa, Paula",,"=""9522600423""","=""9789522600424""",3,3.37,Basam Books,Paperback,240,2011,2011,2022/02/03,2022/01/01,,,read,,,,1,0
42153109,Stargate Universe Vol. 1: Back to Destiny,Mark L. Haynes,"Haynes, Mark L.","J.C. Vaughn, Chris Scalf, Giancarlo Caracuzzo, Eliseu Inoc&ecirc;ncio Gouveia, Clint Hilinski","=""""","=""""",3,3.85,American Mythology Productions,Kindle Edition,139,2018,2018,2022/01/31,2022/01/31,,,read,,,,1,0
52858298,The Economist March 21st 2020: Closed,NOT A BOOK,"BOOK, NOT A",,"=""""","=""""",4,4.00,,,78,2020,2020,2022/01/28,2022/01/27,,,read,,,,1,0
53462519,Särmä: Suomen kieli ja kirjallisuus,Vesa Haapala,"Haapala, Vesa","Inkeri Hellström, Janna Kantola, Tuomas Kaseva, Riitta Korhonen, Minna Maijala, Janne Saarikivi, Merja Salo, Juhani Torkki, Leija Arvassalo, Eeva Lahdenmäki, Tiina Talvitie","=""9511234366""","=""9789511234364""",3,2.50,Otava,Hardcover,444,213,2010,2022/01/22,2022/01/18,,,read,,,,1,0
13639050,"Gabriel's Rapture (Gabriel's Inferno, #2)",Sylvain Reynard,"Reynard, Sylvain",,"=""1936305550""","=""9781936305551""",5,4.20,Penguin Berkley,ebook,386,2012,2012,2022/01/21,2022/01/20,,,read,,,,1,0
10140661,"Gabriel's Inferno (Gabriel's Inferno, #1)",Sylvain Reynard,"Reynard, Sylvain",,"=""1936305623""","=""9781936305629""",5,3.98,Omnific Publishing,Paperback,506,2011,2011,2022/01/20,2022/01/20,,,read,,,,1,0
303615,"The General Theory of Employment, Interest, and Money (Great Minds)",John Maynard Keynes,"Keynes, John Maynard",,"=""1573921394""","=""9781573921398""",3,3.85,Prometheus,Paperback,423,1997,1935,2022/01/20,2021/11/16,,,read,,,,1,0
30119,Where the Sidewalk Ends,Shel Silverstein,"Silverstein, Shel",,"=""0060513039""","=""9780060513030""",4,4.35,Harpercollins Childrens Books,Hardcover,176,2002,1974,2022/01/19,2021/12/22,,,read,,,,1,0
56365257,The Economist - August 29th 2020(What Putin Fears),NOT A BOOK,"BOOK, NOT A",,"=""""","=""""",4,4.00,The economist,Paperback,84,2020,,2022/01/19,2022/01/18,,,read,,,,1,0
130440,Doctor Zhivago,Boris Pasternak,"Pasternak, Boris","John Bayley, Max Hayward, Manya Harari","=""0679774386""","=""9780679774389""",5,4.01,Pantheon,Paperback,592,1997,1957,2022/01/18,2021/12/10,,,read,Russian classics prose is my fav.,,,1,0
13550522,Uudet konstit vanhat aineet,Anu Kuru,"Kuru, Anu",Aino Kervinen,"=""9789515847""","=""""",1,2.00,Oy Valitut Palat,Hardcover,381,2007,2007,2022/01/16,2022/01/16,,,read,,,,1,0
37707826,I Am Dynamite! A Life of Nietzsche,Sue Prideaux,"Prideaux, Sue",,"=""152476082X""","=""9781524760823""",5,4.31,Tim Duggan Books,Hardcover,464,2018,2018,2022/01/15,2022/01/04,,,read,Sadly interesting tragic life.,,,1,0
31203019,Sijoita kuin guru,Jukka Oksaharju,"Oksaharju, Jukka",Karo Hämäläinen,"=""9529372531""","=""9789529372539""",3,3.22,Nordnet,Hardcover,223,2016,,2022/01/15,2022/01/15,,,read,,,,1,0
40651883,Snow Crash,Neal Stephenson,"Stephenson, Neal",,"=""""","=""""",4,4.01,Spectra,Kindle Edition,559,2018,1992,2022/01/14,2022/01/12,,,read,,,,1,0
5161,"The Deep End of the Ocean (Cappadora Family, #1)",Jacquelyn Mitchard,"Mitchard, Jacquelyn",,"=""0140286276""","=""9780140286274""",0,3.87,Penguin Books,Paperback,434,1999,1996,,2022/01/12,,,to-read,,,,0,0
853510,"Murder on the Orient Express (Hercule Poirot, #10)",Agatha Christie,"Christie, Agatha",,"=""0007119313""","=""9780007119318""",5,4.20,HarperCollins,Paperback,274,2007,1934,2022/01/12,2021/12/17,,,read,,,,1,0
18423,The Left Hand of Darkness,Ursula K. Le Guin,"Guin, Ursula K. Le",,"=""""","=""""",3,4.10,Ace,Paperback,304,2000,1969,2022/01/12,2022/01/10,,,read,,,,1,0
17407748,The Longest Ride,Nicholas Sparks,"Sparks, Nicholas",,"=""""","=""""",0,4.17,Grand Central Publishing,Hardcover,398,2013,2012,,2022/01/12,,,to-read,,,,0,0
29780253,Born a Crime: Stories From a South African Childhood,Trevor Noah,"Noah, Trevor",,"=""0385689225""","=""9780385689229""",3,4.49,Doubleday Canada,Hardcover,289,2016,2016,,2022/01/11,,,read,,,,1,0
77727,"Calvin and Hobbes (Calvin and Hobbes, #1)",Bill Watterson,"Watterson, Bill",,"=""0836220889""","=""9780836220889""",5,4.61,Andrews McMeel Publishing,Paperback,128,1987,1987,,2022/01/10,,,read,,,,1,0
44525305,The Ride of a Lifetime: Lessons Learned from 15 Years as CEO of the Walt Disney Company,Robert Iger,"Iger, Robert",Joel Lovell,"=""""","=""""",5,4.40,Random House,Hardcover,272,2019,2019,2022/01/10,2021/12/17,,,read,Part biography and part important business history book. Need to read book a out Walt Disney himself after this.,,,1,0
16631,Steppenwolf,Hermann Hesse,"Hesse, Hermann",Basil Creighton,"=""0140282580""","=""9780140282580""",4,4.13,Penguin,Paperback,256,1999,1927,2022/01/09,2021/12/22,,,read,,,,1,0
12742911,Am I A Frog Yet?,Constance Deise,"Deise, Constance",,"=""""","=""""",2,2.00,Constance Deise,Nook,0,2011,2011,2022/01/08,2022/01/08,,,read,,,,1,0
16088810,Nietzsche: Philosophy in an Hour,Paul Strathern,"Strathern, Paul",,"=""0007466102""","=""""",4,3.19,HarperPress,Kindle Edition,94,2012,1996,2022/01/08,2022/01/08,,,read,,,,1,0
139069,Endurance: Shackleton's Incredible Voyage,Alfred Lansing,"Lansing, Alfred",,"=""""","=""""",4,4.46,Carroll & Graf Publishers,Hardcover,282,1999,1959,2022/01/07,2022/01/07,,,read,,,,1,0
7640261,Sex at Dawn: The Prehistoric Origins of Modern Sexuality,Christopher  Ryan,"Ryan, Christopher",Cacilda Jethá,"=""""","=""""",5,3.97,HarperCollins,Hardcover,416,2010,2010,2022/01/06,2021/12/17,,,read,,,,1,0
16121,"Titan: The Life of John D. Rockefeller, Sr.",Ron Chernow,"Chernow, Ron",,"=""1400077303""","=""9781400077304""",5,4.16,Vintage,Paperback,832,2004,1998,2022/01/05,2021/12/17,,,read,One of the best biographies I've read.,,,1,0
41015249,Beren and Lúthien,J.R.R. Tolkien,"Tolkien, J.R.R.","Christopher Tolkien, Alan  Lee","=""""","=""""",4,4.05,Houghton Mifflin Harcourt,Kindle Edition,321,2017,2017,2022/01/04,2021/12/31,,,read,,,,1,0
39943621,"Fire & Blood (A Targaryen History, #1)",George R.R. Martin,"Martin, George R.R.",Doug Wheatley,"=""152479628X""","=""9781524796280""",4,4.05,Random House Worlds,Hardcover,706,2018,2018,2022/01/04,2021/12/17,,,read,,,,1,0
663,For the New Intellectual: The Philosophy of Ayn Rand,Ayn Rand,"Rand, Ayn",,"=""0451163087""","=""9780451163080""",5,3.70,Signet Book,Mass Market Paperback,224,1963,1961,2022/01/01,2021/11/29,,,read,,,,1,0
525995,Jumanji,Chris Van Allsburg,"Allsburg, Chris Van",,"=""0395304482""","=""9780395304488""",4,4.05,Houghton Mifflin Company,Hardcover,31,1981,1981,2021/01/03,2022/01/03,,,read,,,,1,0
23807,"The Silence of the Lambs  (Hannibal Lecter, #2)",Thomas  Harris,"Harris, Thomas",,"=""""","=""""",5,4.25,Arrow Books,Paperback,421,2002,1988,,2022/01/03,,,read,,,,1,0
2279,Truman,David McCullough,"McCullough, David",,"=""0671869205""","=""9780671869205""",3,4.17,Simon  Schuster,Paperback,1120,1993,1992,2022/01/03,2021/12/22,,,read,,,,1,0
41021344,Thomas Jefferson: The Art of Power,Jon Meacham,"Meacham, Jon",,"=""""","=""""",0,4.05,Random House,Kindle Edition,802,2012,2012,2021/12/25,2021/12/24,,,read,,,,1,0
9361589,The Night Circus,Erin Morgenstern,"Morgenstern, Erin",,"=""""","=""9780385534635""",4,4.00,Doubleday,Hardcover,506,2011,2011,2022/01/03,2021/12/26,,,read,,,,1,0
29844228,Thirteen Reasons Why,Jay Asher,"Asher, Jay",,"=""1595147888""","=""9781595147882""",3,3.84,Razorbill,Hardcover,352,2016,2007,2022/01/03,2021/12/22,,,read,,,,1,0
7069,The World According to Garp,John Irving,"Irving, John",,"=""0345915593""","=""9780345915597""",4,4.11,Ballantine Books,Hardcover,610,1999,1978,2022/01/03,2021/12/22,,,read,,,,1,0
5308,The Pearl,John Steinbeck,"Steinbeck, John",,"=""0142000698""","=""9780142000694""",2,3.56,Penguin Books,Paperback,96,2002,1947,2022/01/03,2021/12/17,,,read,,,,1,0
29797,The Pilgrim's Progress,John Bunyan,"Bunyan, John",,"=""""","=""""",1,4.07,Dover Publications,Paperback,324,2003,1678,2022/01/03,2022/01/02,,,read,,,,1,0
29580,"Second Foundation (Foundation, #3)",Isaac Asimov,"Asimov, Isaac",,"=""0553803735""","=""9780553803730""",5,4.27,Bantam Spectra,Hardcover,256,2004,1953,2021/06/07,2021/01/13,,,read,,,,1,0
135479,Cat’s Cradle,Kurt Vonnegut Jr.,"Jr., Kurt Vonnegut",,"=""""","=""""",3,4.15,Penguin,Paperback,306,1999,1963,2022/01/03,2021/12/11,,,read,,,,1,0
1122054,My Life And Work (The Autobiography Of Henry Ford),Henry Ford,"Ford, Henry",,"=""1420928198""","=""9781420928198""",5,4.18,Digireads.com,Paperback,140,2007,1922,,2022/01/02,,,read,,,,1,0
123543,"The Bourne Legacy (Jason Bourne, #4)",Eric Van Lustbader,"Lustbader, Eric Van",Robert Ludlum,"=""0312999526""","=""9780312999520""",4,3.90,St. Martin's Paperbacks,Mass Market Paperback,597,2005,1995,2022/01/03,2022/01/02,,,read,,,,1,0
31259,"The Bourne Ultimatum (Jason Bourne, #3)",Robert Ludlum,"Ludlum, Robert",,"=""0752858491""","=""9780752858494""",4,4.08,Orion,Mass Market Paperback,725,2004,1990,2022/01/03,2022/01/02,,,read,,,,1,0
15769,"The Bourne Supremacy (Jason Bourne, #2)",Robert Ludlum,"Ludlum, Robert",,"=""0752863886""","=""9780752863887""",4,4.11,Orion,Mass Market Paperback,688,2004,1986,2022/01/03,2022/01/02,,,read,,,,1,0
7869,"The Bourne Identity (Jason Bourne, #1)",Robert Ludlum,"Ludlum, Robert",,"=""0752864327""","=""9780752864327""",5,4.05,Orion,Paperback,566,2005,1980,2022/01/03,2022/01/02,,,read,,,,1,0
9593,Galápagos,Kurt Vonnegut Jr.,"Jr., Kurt Vonnegut",,"=""0385333870""","=""9780385333870""",3,3.87,Dial Press Trade Paperback,Paperback,324,1999,1985,2022/01/02,2021/12/25,,,read,,,,1,0
25883848,The Hating Game,Sally  Thorne,"Thorne, Sally",,"=""""","=""""",4,3.86,William Morrow Paperbacks,ebook,387,2016,2016,2022/01/02,2022/01/02,,,read,,,,1,0
16793,Stardust,Neil Gaiman,"Gaiman, Neil",,"=""0061142026""","=""9780061142024""",4,4.10,Harper Perennial,Paperback,248,2006,1999,2022/01/02,2022/01/02,,,read,,,,1,0
36354654,Napoleon: The Man behind the Myth,Adam Zamoyski,"Zamoyski, Adam",,"=""0008116075""","=""9780008116071""",5,4.27,William Collins,Hardcover,728,2018,2018,2022/01/02,2022/01/01,,,read,A true to he's word.,,,1,0
12497,No Country for Old Men,Cormac McCarthy,"McCarthy, Cormac",,"=""""","=""""",4,4.17,Knopf Doubleday Publishing Group,Paperback,309,2006,2005,2022/01/02,2022/01/02,,,read,,,,1,0
186190,"Forrest Gump (Forrest Gump, #1)",Winston Groom,"Groom, Winston",,"=""0743453255""","=""9780743453257""",4,4.01,Washington Square Press,Paperback,248,2002,1986,2022/01/02,2022/01/02,,,read,,,,1,0
126232,"Jaws (Jaws, #1)",Peter Benchley,"Benchley, Peter",,"=""""","=""""",1,3.95,Random House,Hardcover,368,2005,1974,2022/01/02,2022/01/02,,,read,,,,1,0
7455,Sex and the City,Candace Bushnell,"Bushnell, Candace",,"=""0446617687""","=""9780446617680""",3,3.39,Grand Central Publishing,Mass Market Paperback,304,2006,1996,2022/01/02,2022/01/02,,,read,,,,1,0
5139,"The Devil Wears Prada (The Devil Wears Prada, #1)",Lauren Weisberger,"Weisberger, Lauren",,"=""0307275558""","=""9780307275554""",3,3.81,Anchor,Mass Market Paperback,432,2006,2003,2022/01/02,2022/01/02,,,read,,,,1,0
31620943,"Swann's Way: Remembrance Of Things Past, Volume One",Marcel Proust,"Proust, Marcel",,"=""1536976598""","=""9781536976595""",2,4.16,CreateSpace Independent Publishing Platform,Paperback,344,2016,1913,,2022/01/02,,,read,,,,1,0
93101,The Arabian Nights,Anonymous,"Anonymous, Anonymous","A.S. Byatt, Richard Francis Burton","=""0812972147""","=""9780812972146""",4,4.03,Modern Library,Mass Market Paperback,1049,2004,800,,2022/01/02,,,read,,,,1,1
74121,In Spite of the Gods: The Strange Rise of Modern India,Edward Luce,"Luce, Edward",,"=""0385514743""","=""9780385514743""",4,3.86,Doubleday,Hardcover,400,2007,2006,2022/01/02,2022/01/02,,,read,,,,1,0
9592,Mother Night,Kurt Vonnegut Jr.,"Jr., Kurt Vonnegut",,"=""0385334141""","=""9780385334143""",4,4.23,Dial Press,Paperback,282,1999,1961,2022/01/01,2022/01/01,,,read,,,,1,0
29579,"Foundation (Foundation, #1)",Isaac Asimov,"Asimov, Isaac",,"=""0553803719""","=""9780553803716""",5,4.17,Bantam,Hardcover,244,2004,1951,2021/06/06,2021/01/13,,,read,"Goddammit, now I need to read all if this series. Ah wait I can predict them using my new psychohistorical methods with probabilistically modified mass statistics.",,,2,0
4982,The Sirens of Titan,Kurt Vonnegut Jr.,"Jr., Kurt Vonnegut",Chris     Moore,"=""""","=""""",4,4.15,Gollancz,Paperback,224,1999,1959,2022/01/01,2022/01/01,,,read,,,,1,0
9712,Love in the Time of Cholera,Gabriel García Márquez,"Márquez, Gabriel García","Edith Grossman, Kjell Risvik, Carlos Marrodán Casas","=""140003468X""","=""9781400034680""",5,3.94,Vintage International,Paperback,348,2003,1985,2022/01/01,2022/01/01,,,read,Particularly romantic way to start the year. Surprised I liked this.,,,1,0
17345242,The World of Ice & Fire: The Untold History of Westeros and the Game of Thrones,George R.R. Martin,"Martin, George R.R.","Elio M. García Jr., Linda Antonsson","=""0553805444""","=""9780553805444""",5,4.26,Random House Worlds,Hardcover,326,2014,2014,2021/12/30,2021/12/17,,,read,,,,1,0
7332,The Silmarillion,J.R.R. Tolkien,"Tolkien, J.R.R.","Christopher Tolkien, Ted Nasmith","=""0618391118""","=""9780618391110""",4,4.03,Houghton Mifflin Company,Hardcover,386,2004,1977,2021/12/31,2021/11/29,,,read,,,,1,0
40940205,Tribe: On Homecoming and Belonging,Sebastian Junger,"Junger, Sebastian",,"=""""","=""""",4,4.02,Twelve,Kindle Edition,182,2016,2016,2021/12/29,2021/12/29,,,read,,,,1,0
63697,The Man Who Mistook His Wife for a Hat and Other Clinical Tales,Oliver Sacks,"Sacks, Oliver",,"=""""","=""""",5,4.05,Touchstone,Paperback,243,1998,1985,2021/12/28,2021/12/04,,,read,Books by professional scientists seem to be always good.,,,1,0
27485,Mating in Captivity: Reconciling the Erotic and the Domestic,Esther Perel,"Perel, Esther",,"=""0060753633""","=""9780060753634""",4,4.17,Harper,Hardcover,220,2006,2006,2021/12/28,2021/12/17,,,read,,,,1,0
22609341,Come as You Are: The Surprising New Science that Will Transform Your Sex Life,Emily Nagoski,"Nagoski, Emily",,"=""1476762090""","=""9781476762098""",3,4.28,Simon & Schuster,Paperback,400,2015,2015,2021/12/28,2021/12/28,,,read,,,,1,0
528985,She Comes First: The Thinking Man's Guide to Pleasuring a Woman,Ian Kerner,"Kerner, Ian",,"=""0060538252""","=""9780060538255""",3,4.08,William Morrow,Hardcover,228,2004,2004,2021/12/28,2021/12/28,,,read,,,,1,0
2082136,Bonk: The Curious Coupling of Science and Sex,Mary Roach,"Roach, Mary",,"=""0393064646""","=""9780393064643""",3,3.85,W. W. Norton  Company,Hardcover,319,2008,2008,2021/12/28,2021/12/28,,,read,,,,1,0
13337716,"A Dance with Dragons 2: After the Feast (A Song of Ice and Fire, #5, Part 2 of 2)",George R.R. Martin,"Martin, George R.R.",,"=""""","=""""",5,4.43,HarperVoyager,Paperback,560,2012,2011,,2021/12/27,,,read,,,,1,0
11350430,"The Mystery Knight (The Tales of Dunk and Egg, #3)",George R.R. Martin,"Martin, George R.R.",,"=""""","=""""",4,4.24,,ebook,104,2010,2010,,2021/12/27,,,read,,,,1,0
11985631,"The Sworn Sword (The Tales of Dunk and Egg, #2)",George R.R. Martin,"Martin, George R.R.",,"=""""","=""""",4,4.11,,ebook,81,2011,2003,,2021/12/27,,,read,,,,1,0
11970747,"The Hedge Knight (The Tales of Dunk and Egg, #1)",George R.R. Martin,"Martin, George R.R.",,"=""""","=""""",4,4.28,,ebook,85,2005,1998,,2021/12/27,,,read,,,,1,0
5061675,"A Game of Thrones / A Clash of Kings (A Song of Ice and Fire, #1-2)",George R.R. Martin,"Martin, George R.R.",,"=""""","=""""",5,4.54,Voyager,Kindle Edition,864,2010,1996,,2021/12/27,,,read,,,,1,0
9814682,"A Song of Ice and Fire (A Song of Ice and Fire, #1-4)",George R.R. Martin,"Martin, George R.R.",,"=""0345529057""","=""9780345529053""",5,4.63,Bantam,Mass Market Paperback,4081,2011,2011,,2021/12/27,,,read,,,,1,0
147915,"A Storm of Swords 2: Blood and Gold (A Song of Ice and Fire, #3, Part 2 of 2)",George R.R. Martin,"Martin, George R.R.",,"=""0007119550""","=""9780007119554""",5,4.55,HarperVoyager ,Paperback,639,2011,2000,,2021/12/27,,,read,,,,1,0
333867,The Stars My Destination,Alfred Bester,"Bester, Alfred",,"=""0679767800""","=""9780679767800""",4,4.06,Vintage,Hardcover,258,1996,1956,2021/12/27,2021/12/11,,,read,,,,1,0
35289,The 33 Strategies of War,Robert Greene,"Greene, Robert",,"=""0670034576""","=""9780670034574""",4,4.23,Viking,Hardcover,496,2025,2001,2021/12/26,2021/12/26,,,read,,,,1,0
6792458,The New Jim Crow: Mass Incarceration in the Age of Colorblindness,Michelle Alexander,"Alexander, Michelle",,"=""""","=""""",3,4.52,The New Press Inc.,Hardcover,290,2010,2010,2021/12/26,2021/12/04,,,read,,,,1,0
12605157,"The $100 Startup: Reinvent the Way You Make a Living, Do What You Love, and Create a New Future",Chris Guillebeau,"Guillebeau, Chris",,"=""0307951529""","=""9780307951526""",4,3.89,Crown Currency,Hardcover,268,2012,2012,2021/12/26,2021/12/22,,,read,,,,1,0
13588356,"Daring Greatly: How the Courage to Be Vulnerable Transforms the Way We Live, Love, Parent, and Lead",Brené Brown,"Brown, Brené",,"=""1592407331""","=""9781592407330""",4,4.29,Avery,Hardcover,287,2012,2012,2021/12/26,2021/12/22,,,read,,,,1,0
22318578,The Life-Changing Magic of Tidying Up: The Japanese Art of Decluttering and Organizing,Marie Kondō,"Kondō, Marie",,"=""1607747308""","=""9781607747307""",5,3.88,Ten Speed Press,Hardcover,213,2014,2010,2021/12/26,2021/12/22,,,read,,,,1,0
20995,The Art of Seduction,Robert Greene,"Greene, Robert","Мариана Мелнишка, Робърт Грийн","=""1861977697""","=""9781861977694""",4,3.92,Penguin,Paperback,466,2001,2001,2021/12/26,2021/12/17,,,read,,,,1,0
181210,"Living The 80/20 Way: Work Less, Worry Less, Succeed More, Enjoy More",Richard Koch,"Koch, Richard",,"=""1857883314""","=""9781857883312""",5,3.72,UNKNO,Paperback,196,2004,2004,2021/12/26,2021/12/26,,,read,,,,1,0
2865,Girl with a Pearl Earring,Tracy Chevalier,"Chevalier, Tracy",,"=""0452287022""","=""9780452287020""",3,3.93,Plume/Penguin,Paperback,233,2005,1999,2021/12/26,2021/12/17,,,read,,,,1,0
39662,Different Seasons,Stephen        King,"King, Stephen",,"=""0751514624""","=""9780751514629""",5,4.36,Warner Books,Mass Market Paperback,560,1995,1982,2021/12/26,2021/12/22,,,read,,,,1,0
6320534,Under the Dome,Stephen        King,"King, Stephen",,"=""1439148503""","=""9781439148501""",4,3.93,Scribner,Hardcover,1074,2009,2009,2021/12/26,2021/12/22,,,read,,,,1,0
4980,Breakfast of Champions,Kurt Vonnegut Jr.,"Jr., Kurt Vonnegut",,"=""0385334206""","=""9780385334204""",3,4.06,Dell Publishing,Paperback,303,1999,1973,2021/12/26,2021/12/10,,,read,,,,1,0
581125,The Minority Report,Philip K. Dick,"Dick, Philip K.",,"=""0375421874""","=""9780375421877""",5,3.84,Pantheon,Hardcover,112,2002,1956,2021/12/26,2021/12/11,,,read,"Hmm, logic in fearful situations is hard.",,,1,0
33574273,"A Wrinkle in Time (Time Quintet, #1)",Madeleine L'Engle,"L'Engle, Madeleine",,"=""1250153271""","=""9781250153272""",4,3.97,Square Fish,Paperback,218,2017,1962,2021/12/26,2021/12/25,,,read,,,,1,0
13356717,Sell or Be Sold: How to Get Your Way in Business and in Life,Grant Cardone,"Cardone, Grant",,"=""1608322564""","=""9781608322565""",4,4.06,Greenleaf Book Group Press,Hardcover,256,2012,1998,2021/12/25,2021/12/22,,,read,,,,1,0
681508,Pragmatism: A New Name for Some Old Ways of Thinking,William  James,"James, William",,"=""0486282708""","=""9780486282701""",5,3.90,Dover Publications,Paperback,116,1995,1907,2021/12/25,2021/11/29,,,read,"Good philosophy, yet being agnostic is absolute, since nobody can prove anything about God(neither positively or negatively).",,,1,0
15824358,The First 90 Days: Critical Success Strategies for New Leaders at All Levels,Michael D. Watkins,"Watkins, Michael D.",,"=""1422188612""","=""9781422188613""",4,3.85,Harvard Business Review Press,Hardcover,304,2013,2003,2021/12/25,2021/12/22,,,read,,,,1,0
17214,Starship Troopers,Robert A. Heinlein,"Heinlein, Robert A.",,"=""""","=""""",5,4.01,Ace Books,Mass Market Paperback,264,1987,1959,2021/12/25,2021/11/30,,,read,Heinlein one of my favorite SF writers.,,,1,0
24965,Fear and Trembling,Søren Kierkegaard,"Kierkegaard, Søren",Alastair Hannay,"=""0143037579""","=""9780143037576""",2,4.00,Penguin Books,Paperback,152,2006,1843,2021/12/25,2021/12/25,,,read,,,,1,0
18796,In Search of Lost Time,Marcel Proust,"Proust, Marcel","C.K. Scott Moncrieff, Terence Kilmartin, Andreas Mayor, D.J. Enright","=""0812969642""","=""9780812969641""",3,4.34,Modern Library,Paperback,4211,2003,1913,2021/12/25,2021/12/22,,,read,,,,1,0
1683,The Confessions of Saint Augustine,Augustine of Hippo,"Hippo, Augustine of",,"=""1591094003""","=""9781591094005""",1,3.99,BookSurge Classics,Paperback,290,2002,400,2021/12/25,2021/12/25,,,read,,,,1,0
10339170,The 10X Rule: The Only Difference Between Success and Failure,Grant Cardone,"Cardone, Grant",,"=""0470627603""","=""9780470627600""",5,3.93,Wiley,Hardcover,240,2011,2011,2021/12/24,2021/12/24,,,read,,,,1,0
22609522,"Red Notice: A True Story of High Finance, Murder, and One Man's Fight for Justice",Bill Browder,"Browder, Bill",,"=""147675571X""","=""9781476755717""",4,4.44,Simon & Schuster,Hardcover,380,2015,2015,2021/12/24,2021/12/24,,,read,,,,1,0
35887988,Let Trump Be Trump: The Inside Story of His Rise to the Presidency,Corey R. Lewandowski,"Lewandowski, Corey R.","David N. Bossie, Peter Berkrot","=""1549168908""","=""9781549168901""",3,3.88,Center Street,Audiobook,8,2017,2017,2021/12/24,2021/12/24,,,read,,,,1,0
33932358,Recovery: Freedom from Our Addictions,Russell Brand,"Brand, Russell",,"=""1250141923""","=""9781250141927""",3,3.94,Henry Holt and Co.,Hardcover,288,2017,2017,2021/12/24,2021/12/24,,,read,,,,1,0
34348320,Martin Luther: The Man Who Rediscovered God and Changed the World,Eric Metaxas,"Metaxas, Eric",,"=""110198001X""","=""9781101980019""",2,4.14,Viking,Hardcover,480,2017,2017,2021/12/24,2021/12/24,,,read,,,,1,0
1963638,The Untethered Soul: The Journey Beyond Yourself,Michael A. Singer,"Singer, Michael A.",,"=""""","=""""",5,4.21,New Harbinger Publications,Paperback,183,2007,2007,2021/12/24,2021/12/22,,,read,,,,1,0
17883603,Killing Lincoln/Killing Kennedy Boxed Set (Slp) (Bill O'Reilly's Killing Series),Bill O'Reilly,"O'Reilly, Bill",Martin Dugard,"=""0805099425""","=""9780805099423""",3,4.37,Henry Holt and Co.,Hardcover,0,2013,,,2021/12/23,,,read,,,,1,0
41824023,Over the Top: A Raw Journey to Self-Love,Jonathan Van Ness,"Ness, Jonathan Van",,"=""0062906402""","=""9780062906403""",3,4.19,HarperAudio,Audible Audio,6,2019,2019,2021/12/23,2021/12/23,,,read,,,,1,0
22381892,Killing Patton: The Strange Death of World War II's Most Audacious General,Bill O'Reilly,"O'Reilly, Bill",Martin Dugard,"=""0805096698""","=""9780805096699""",4,4.13,Henry Holt and Co.,Kindle Edition,365,2014,2014,2021/12/23,2021/12/23,,,read,,,,1,0
35138433,Your Best Year Ever: A 5-Step Plan for Achieving Your Most Important Goals,Michael Hyatt,"Hyatt, Michael",,"=""0801075254""","=""9780801075254""",4,3.89,Baker Books,Hardcover,272,2018,2018,2021/12/23,2021/12/22,,,read,,,,1,0
34593560,Killing England: The Brutal Struggle for American Independence,Bill O'Reilly,"O'Reilly, Bill",Martin Dugard,"=""1627790640""","=""9781627790642""",3,4.27,Henry Holt and Co.,Hardcover,340,2017,2017,2021/12/23,2021/12/23,,,read,,,,1,0
29370481,Killing the Rising Sun: How America Vanquished World War II Japan,Bill O'Reilly,"O'Reilly, Bill",Martin Dugard,"=""1627790624""","=""9781627790628""",4,4.35,Henry Holt and Co.,Hardcover,323,2016,2016,2021/12/23,2021/12/22,,,read,,,,1,0
25624089,Killing Reagan: The Violent Assault That Changed a Presidency,Bill O'Reilly,"O'Reilly, Bill",Martin Dugard,"=""""","=""""",3,4.12,Henry Holt and Co.,Kindle Edition,290,2015,2015,2021/12/23,2021/12/22,,,read,,,,1,0
29496453,The Book of Joy: Lasting Happiness in a Changing World,Dalai Lama XIV,"XIV, Dalai Lama","Desmond Tutu, Douglas Carlton Abrams","=""0399185046""","=""9780399185045""",4,4.38,Avery,Hardcover,354,2016,2016,2021/12/22,2021/12/22,,,read,,,,1,0
35414701,Exactly What to Say: The Magic Words for Influence and Impact,Phil M. Jones,"Jones, Phil M.",,"=""0692881956""","=""9780692881958""",5,3.75,Box of Tricks Publishing,Paperback,148,2017,2017,2021/12/22,2021/12/22,,,read,,,,1,0
5472,Animal Farm / 1984,George Orwell,"Orwell, George",Christopher Hitchens,"=""""","=""""",5,4.30,Houghton Mifflin Harcourt,Hardcover,400,2003,1949,,2021/12/22,,,read,,,,1,0
34930835,The Wisdom of Sundays: Life-Changing Insights from Super Soul Conversations,Oprah Winfrey,"Winfrey, Oprah",,"=""125013806X""","=""9781250138064""",2,4.30,Flatiron Books,Hardcover,240,2017,2017,2021/12/22,2021/12/22,,,read,,,,1,0
28508146,The Whole30 Cookbook: 150 Delicious and Totally Compliant Recipes to Help You Succeed with the Whole30 and Beyond,Melissa Urban,"Urban, Melissa",,"=""0544854411""","=""9780544854413""",3,4.07,Harvest,Hardcover,320,2016,2016,2021/12/22,2021/12/22,,,read,,,,1,0
12177850,"A Song of Ice and Fire (A Song of Ice and Fire, #1-5)",George R.R. Martin,"Martin, George R.R.",,"=""1780484259""","=""9781780484259""",5,4.60,Zatpix,Mass Market Paperback,5216,2011,2000,,2021/12/22,,,read,,,,1,0
32829667,The End of Alzheimer's: The First Program to Prevent and Reverse Cognitive Decline,Dale E. Bredesen,"Bredesen, Dale E.",,"=""0735216207""","=""9780735216204""",3,4.20,Avery,Hardcover,320,2017,2017,2021/12/22,2021/12/22,,,read,,,,1,0
13538641,Killing Kennedy: The End of Camelot,Bill O'Reilly,"O'Reilly, Bill",Martin Dugard,"=""0805096663""","=""9780805096668""",3,4.11,Henry Holt and Co.,Hardcover,325,2012,2012,2021/12/22,2021/12/22,,,read,,,,1,0
17286958,Killing Jesus: A History,Bill O'Reilly,"O'Reilly, Bill",Martin Dugard,"=""0805098542""","=""9780805098549""",1,3.98,Henry Holt and Co.,Hardcover,293,2013,2013,2021/12/22,2021/12/22,,,read,How can you write non fiction book out of liar? Jesus is like norse God Loki.,,,1,0
44536210,The United States of Trump,Bill O'Reilly,"O'Reilly, Bill",,"=""1250237211""","=""9781250237217""",3,4.22,Henry Holt and Co.,Kindle Edition,301,2019,2019,2021/12/22,2021/12/22,,,read,,,,1,0
33584231,"The Strange Death of Europe: Immigration, Identity, Islam",Douglas Murray,"Murray, Douglas",,"=""1472942248""","=""9781472942241""",2,4.14,Bloomsbury Continuum,Hardcover,352,2017,2017,2021/12/22,2021/12/22,,,read,,,,1,0
45167624,Inside Out,Demi Moore,"Moore, Demi",Ariel Levy,"=""0062049534""","=""9780062049537""",3,3.94,Harper,Hardcover,262,2019,2019,2021/12/22,2021/12/21,,,read,,,,1,0
43708708,White Fragility: Why It's So Hard for White People to Talk About Racism,Robin DiAngelo,"DiAngelo, Robin","Michael Eric Dyson, Manon Smits, Rob Kuitenbrouwer, Amy Landon","=""0807071161""","=""9780807071168""",1,4.16,Beacon Press,Audiobook,7,2018,2018,2021/12/22,2021/12/22,,,read,"Book premise: let's write a book that won't tell white people they're all racists, but one that always implies it and there's some arbitrary rules you can follow to not be.",,,1,0
8664353,"Unbroken: A World War II Story of Survival, Resilience and Redemption",Laura Hillenbrand,"Hillenbrand, Laura",,"=""1400064163""","=""9781400064168""",3,4.39,Random House,Hardcover,475,2010,2010,2021/12/21,2021/12/17,,,read,,,,1,0
35683024,Unf*ck Yourself: Get Out of Your Head and into Your Life,Gary John Bishop,"Bishop, Gary John",,"=""""","=""""",3,3.83,Yellow Kite,ebook,227,2017,2016,2021/12/21,2021/12/21,,,read,,,,1,0
34189313,"The 5 Second Rule: Transform Your Life, Work, and Confidence with Everyday Courage",Mel Robbins,"Robbins, Mel",,"=""1682612392""","=""9781682612392""",5,3.86,Savio Republic,Kindle Edition,262,2017,2017,2021/12/21,2021/12/21,,,read,,,,1,0
43496426,Super Attractor: Methods for Manifesting a Life beyond Your Wildest Dreams,Gabrielle Bernstein,"Bernstein, Gabrielle",,"=""1401957161""","=""9781401957162""",2,4.11,Hay House Inc.,Hardcover,248,2019,2019,2021/12/21,2021/12/20,,,read,,,,1,0
10587120,Killing Lincoln: The Shocking Assassination that Changed America Forever,Bill O'Reilly,"O'Reilly, Bill",Martin Dugard,"=""0805093079""","=""9780805093070""",3,4.05,Henry Holt and Co.,Hardcover,324,2011,2011,2021/12/20,2021/12/20,,,read,,,,1,0
35068859,Trumpocracy: The Corruption of the American Republic,David Frum,"Frum, David",,"=""0062796755""","=""9780062796752""",3,3.88,Harper,ebook,301,2018,2018,2021/12/20,2021/12/20,,,read,,,,1,0
1032,Trump: The Art of the Deal,Donald J. Trump,"Trump, Donald J.",Tony Schwartz,"=""0345479173""","=""9780345479174""",4,3.71,Fisicalbook,Paperback,384,2004,1987,2021/12/20,2021/12/20,,,read,,,,1,0
33507,"Twenty Thousand Leagues Under the Sea (Captain Nemo, #2)",Jules Verne,"Verne, Jules",Anthony Bonner,"=""076072850X""","=""9780760728505""",5,3.89,Barnes & Noble,Hardcover,269,2002,1869,2021/05/28,2021/01/13,,,read,,,,1,0
22816087,Seveneves,Neal Stephenson,"Stephenson, Neal",,"=""""","=""""",4,4.00,William Morrow,Kindle Edition,872,2015,2015,2021/12/19,2021/11/29,,,read,One star off for the obsessive description of all the seven races.,,,1,0
332613,One Flew Over the Cuckoo’s Nest,Ken Kesey,"Kesey, Ken",,"=""""","=""""",4,4.20,Signet,Mass Market Paperback,325,1963,1962,2021/05/23,2021/05/23,,,read,,,,1,0
51299,Letter to a Christian Nation,Sam Harris,"Harris, Sam",,"=""0307265773""","=""9780307265777""",4,4.00,Knopf,Hardcover,96,2006,2006,2021/12/17,2021/12/17,,,read,,,,1,0
333538,The Castle,Franz Kafka,"Kafka, Franz",Mark Harman,"=""0805211063""","=""9780805211061""",5,3.92,Schocken,Paperback,328,1998,1926,2021/12/15,2021/12/12,,,read,This reminds me of the world we still life in.,,,1,0
37903770,Norse Mythology,Neil Gaiman,"Gaiman, Neil",,"=""""","=""""",5,4.10,W. W. Norton & Company,Paperback,301,2018,2017,2021/12/15,2021/11/29,,,read,I prefer this over christian mythology(that's better than muslim mythology).,,,1,0
29868590,"Tao of Charlie Munger: A Compilation of Quotes from Berkshire Hathaway's Vice Chairman on Life, Business, and the Pursuit of Wealth With Commentary by David Clark",David                 Clark,"Clark, David",,"=""150115334X""","=""9781501153341""",5,4.11,Scribner,Hardcover,256,2017,,2021/12/15,2021/12/14,,,read,,,,1,0
2203,John Adams,David McCullough,"McCullough, David",,"=""0743223136""","=""9780743223133""",4,4.08,Simon & Schuster Paperbacks,Paperback,751,2001,2001,2021/12/14,2021/12/14,,,read,,,,1,0
16130,Alexander Hamilton,Ron Chernow,"Chernow, Ron",,"=""""","=""""",3,4.22,Penguin Books,Paperback,818,2005,2004,2021/12/14,2021/12/14,,,read,,,,1,0
1375,The Iliad / The Odyssey,Homer,"Homer, Homer","Robert Fagles, Bernard Knox","=""0147712556""","=""9780147712554""",4,4.07,Penguin Classics,Paperback,1556,1999,-800,,2021/12/01,,,read,,,,1,0
485894,The Metamorphosis,Franz Kafka,"Kafka, Franz",Stanley Corngold,"=""0553213695""","=""9780553213690""",5,3.90,Bantam Classics,Mass Market Paperback,201,1972,1915,2021/03/11,2021/02/11,,,read,How many people still life like this without actually being an actual cockroach?,,,1,0
1381,The Odyssey,Homer,"Homer, Homer","Robert Fagles, Bernard Knox","=""0143039954""","=""9780143039952""",4,3.83,Penguin Classics ,Paperback,541,2006,-700,2021/12/13,2021/11/29,,,read,,,,1,1
5805,V for Vendetta,Alan             Moore,"Moore, Alan","David   Lloyd, Steve Whitaker, Siobhan Dodds","=""1401207928""","=""9781401207922""",4,4.26,Vertigo,Hardcover,296,2005,1990,2021/12/13,2021/12/10,,,read,,,,1,0
45358692,How to Be a Leader: An Ancient Guide to Wise Leadership (Ancient Wisdom for Modern Readers),Plutarch,"Plutarch, Plutarch",Jeffrey Beneker,"=""0691192111""","=""9780691192116""",4,3.86,Princeton University Press,Hardcover,416,2019,2019,2021/12/12,2021/12/12,,,read,,,,1,0
414999,Childhood’s End,Arthur C. Clarke,"Clarke, Arthur C.",,"=""""","=""""",5,4.12,Del Rey Books,Mass Market Paperback,224,1987,1953,2021/12/12,2021/12/10,,,read,So the universal mind knows that it isn't all knowing(that doesn't make any sense IMO)?,,,1,0
6938985,Miten sijoitan pörssiosakkeisiin,Seppo Saario,"Saario, Seppo",,"=""9510242462""","=""9789510242469""",5,3.93,WSOY,Hardcover,357,1999,1984,2021/12/12,2021/10/31,,,read,Good overview and practical overview of investing.,,,1,0
16101128,"The 5th Wave (The 5th Wave, #1)",Rick Yancey,"Yancey, Rick",,"=""0399162410""","=""9780399162411""",3,4.00,G.P. Putnam's Sons Books for Young Readers,Hardcover,457,2013,2013,2021/12/11,2021/12/11,,,read,,,,1,0
455096,The Time Machine / The War of the Worlds,H.G. Wells,"Wells, H.G.",,"=""1857988876""","=""9781857988871""",5,4.14,Millennium Paperbacks,Paperback,288,1999,1961,,2021/12/11,,,read,,,,1,0
285092,High Fidelity,Nick Hornby,"Hornby, Nick",,"=""1573225517""","=""9781573225519""",3,3.90,Riverhead Books,Paperback,323,1996,1995,2021/12/11,2021/12/10,,,read,,,,1,0
1078,"The Good Earth (House of Earth, #1)",Pearl S. Buck,"Buck, Pearl S.","Stephanie Reents, Cynthia Brantley Johnson","=""1416500189""","=""9781416500186""",3,4.01,Howard Publishing Co,Mass Market Paperback,418,2005,1931,2021/12/11,2021/12/10,,,read,,,,1,0
252577,"Angela’s Ashes (Frank McCourt, #1)",Frank McCourt,"McCourt, Frank",,"=""0007205236""","=""9780007205233""",2,4.15,Harper Perennial,Paperback,452,2005,1996,2021/12/11,2021/12/10,,,read,,,,1,0
11590,’Salem’s Lot,Stephen        King,"King, Stephen",,"=""0450031063""","=""9780450031069""",2,4.10,New English Library,Paperback,483,1991,1975,2021/12/11,2021/12/10,,,read,,,,1,0
13623848,The Song of Achilles,Madeline Miller,"Miller, Madeline",,"=""""","=""""",3,4.31,Ecco,Paperback,408,2012,2011,2021/12/11,2021/12/10,,,read,,,,1,0
10592,Carrie,Stephen        King,"King, Stephen",,"=""1416524304""","=""9781416524304""",4,3.99,Pocket,Mass Market Paperback,272,2005,1974,2021/12/11,2021/12/10,,,read,,,,1,0
8908,World War Z: An Oral History of the Zombie War,Max Brooks,"Brooks, Max",,"=""0307346609""","=""9780307346605""",3,4.02,Crown,Hardcover,342,2006,2006,2021/12/11,2021/12/10,,,read,,,,1,0
6339664,"Hush, Hush (Hush, Hush, #1)",Becca Fitzpatrick,"Fitzpatrick, Becca",,"=""1416989412""","=""9781416989417""",2,3.92,Simon & Schuster,Hardcover,391,2009,2009,2021/12/11,2021/12/10,,,read,,,,1,0
43763,"Interview with the Vampire (The Vampire Chronicles, #1)",Anne Rice,"Rice, Anne",,"=""0345476875""","=""9780345476876""",3,4.02,Ballantine Books,Paperback,346,2004,1976,2021/12/11,2021/12/10,,,read,,,,1,0
10429045,"Shatter Me (Shatter Me, #1)",Tahereh Mafi,"Mafi, Tahereh",,"=""0062085484""","=""9780062085481""",2,3.84,Harper,Hardcover,338,2011,2011,2021/12/11,2021/12/10,,,read,,,,1,0
1898,Into Thin Air: A Personal Account of the Mt. Everest Disaster,Jon Krakauer,"Krakauer, Jon",,"=""""","=""""",2,4.26,Anchor Books,Paperback,368,1999,1997,2021/12/11,2021/12/10,,,read,,,,1,0
30045683,The Little Book of Hygge: The Danish Way to Live Well,Meik Wiking,"Wiking, Meik",,"=""0241283914""","=""9780241283912""",1,3.77,Penguin Life,Hardcover,289,2016,2016,2021/12/10,2021/12/10,,,read,,,,1,0
15645,Inferno,Dante Alighieri,"Alighieri, Dante",Anthony Esolen,"=""0812970063""","=""9780812970067""",5,4.03,Modern Library,Kindle Edition,490,2022,1320,,2021/12/10,,,read,,,,1,0
375013,Schindler’s List,Thomas Keneally,"Keneally, Thomas",,"=""0340606517""","=""9780340606513""",4,4.34,Sceptre,Mass Market Paperback,429,1994,1982,2021/12/10,2021/12/10,,,read,,,,1,0
18505796,10% Happier,Dan   Harris,"Harris, Dan",,"=""0062265423""","=""9780062265425""",3,3.91,It Books,Hardcover,256,2014,2014,2021/12/09,2021/12/08,,,read,,,,1,0
40425,"Tarzan of the Apes (Tarzan, #1)",Edgar Rice Burroughs,"Burroughs, Edgar Rice",Vincent,"=""0809599813""","=""9780809599813""",5,3.90,Aegypan Books,Paperback,323,2003,1912,2021/12/08,2021/11/28,,,read,This was surprisingly good.,,,1,0
29100335,Essential Bukowski: Poetry,Charles Bukowski,"Bukowski, Charles",,"=""0062565281""","=""9780062565280""",3,4.22,Ecco,Hardcover,225,2016,2016,2021/12/08,2021/12/06,,,read,,,,1,0
5553,Six Easy Pieces: Essentials of Physics Explained by Its Most Brilliant Teacher,Richard P. Feynman,"Feynman, Richard P.",Paul C.W. Davies,"=""0465023924""","=""9780465023929""",5,4.20,Basic Books,Paperback,138,1995,1994,2021/12/07,2021/11/12,,,read,"TBH the only way to really understand physics is to do those problems from textbooks, but this gives nice preview of what happens to understanding at the end.",,,1,0
21348,Aesop’s Fables,Aesop,"Aesop, Aesop","Laura Harris, V.S. Vernon Jones, Edward Julius Detmold, G.K. Chesterton, Laura   Gibbs","=""0192840509""","=""9780192840509""",4,4.05,Oxford University Press,Paperback,352,2003,-560,2021/12/06,2021/12/06,,,read,,,,1,0
7331,Letters from Father Christmas,J.R.R. Tolkien,"Tolkien, J.R.R.",Baillie Tolkien,"=""0618512659""","=""9780618512652""",2,4.30,Mariner Books,Paperback,111,2004,1976,2021/12/06,2021/12/06,,,read,,,,1,0
159964,The Dhammapada,Anonymous,"Anonymous, Anonymous","Thich Nhat Hanh, Ananda Maitreya, Viggo Fausbll","=""0938077872""","=""9780938077879""",4,4.27,Parallax Press,Paperback,114,2001,-400,2021/12/06,2021/12/01,,,read,,,,1,0
174722,"Our Oriental Heritage (The Story of Civilization, #1)",Will Durant,"Durant, Will",,"=""1567310125""","=""9781567310122""",5,4.30,Fine,Hardcover,1047,1993,1935,2021/12/06,2021/11/29,,,read,"This is very informative and seems to me like this is enough information for most people in this series to need for any life expect that of a historian. Will Durant tells us about all the different civilizations that has been created in oriental world since dawn of time(4000 together).<br/><br/>Btw not sure if this is enough history(for nonhistorian life), but for person who wants to be generally informed about history(missing smaller details)?",,,1,0
16572918,Onnistu strategiassa,"Lohivesi Kari, Lindroos Jan-Erik","Jan-Erik, Lohivesi Kari, Lindroos",,"=""9510285471""","=""9789510285473""",3,3.00,Sanoma Pro Oy,Hardcover,245,2006,2006,2021/12/05,2021/12/04,,,read,,,,1,0
36166009,The Federalist Papers,Alexander Hamilton,"Hamilton, Alexander","James Madison, John Jay","=""1542099420""","=""9781542099424""",4,4.10,AmazonClassics,Kindle Edition,592,2017,1788,2021/12/04,2021/11/29,,,read,,,,1,0
31920777,American Kingpin: The Epic Hunt for the Criminal Mastermind Behind the Silk Road,Nick Bilton,"Bilton, Nick",,"=""1591848148""","=""9781591848141""",4,4.41,Portfolio,Hardcover,328,2017,2017,2021/12/04,2021/12/04,,,read,,,,1,0
6687247,Too Big to Fail: The Inside Story of How Wall Street and Washington Fought to Save the Financial System from Crisis — and Themselves,Andrew Ross Sorkin,"Sorkin, Andrew Ross",,"=""0670021253""","=""9780670021253""",3,4.16,Viking,Hardcover,600,2009,2009,2021/12/04,2021/12/04,,,read,,,,1,0
38296,"The Last of the Mohicans (The Leatherstocking Tales, #2)",James Fenimore Cooper,"Cooper, James Fenimore",,"=""0553213296""","=""9780553213294""",3,3.70,Bantam,Paperback,410,1981,1826,2021/12/04,2021/11/29,,,read,,,,1,0
23281639,"The Upside of Stress: Why Stress Is Good for You, and How to Get Good at It",Kelly McGonigal,"McGonigal, Kelly",,"=""1583335617""","=""9781583335611""",3,4.09,Avery,Hardcover,294,2015,2012,2021/12/04,2021/12/03,,,read,,,,1,0
19351,The Epic of Gilgamesh,Anonymous,"Anonymous, Anonymous","N.K. Sandars, John Maier, Herbert Mason, John H. Marks, Morris Jastrow Jr.","=""0141026286""","=""9780141026282""",5,3.75,Penguin Books Limited,Paperback,72,2006,-1200,2021/12/04,2021/12/01,,,read,,,,1,0
50849430,Capital and Ideology,Thomas Piketty,"Piketty, Thomas",Arthur Goldhammer,"=""0674980824""","=""9780674980822""",2,4.28,Belknap Press,Hardcover,1104,2020,2019,2021/12/04,2021/11/29,,,read,,,,1,0
18736925,Capital in the Twenty First Century,Thomas Piketty,"Piketty, Thomas",Arthur Goldhammer,"=""067443000X""","=""9780674430006""",2,4.06,Belknap Press: An Imprint of Harvard University Press,Hardcover,685,2014,2013,2021/12/04,2021/10/16,,,read,,,,1,0
4754194,Antigone,Sophocles,"Sophocles, Sophocles",,"=""3458017704""","=""9783458017707""",3,3.68,Suhrkamp [in Komm.],Paperback,160,1974,-441,2021/12/03,2021/12/01,,,read,,,,1,0
46170,For Whom the Bell Tolls,Ernest Hemingway,"Hemingway, Ernest",,"=""""","=""""",3,3.99,Scribner,Paperback,471,1995,1940,2021/12/03,2021/11/29,,,read,,,,1,0
15195,The Complete Maus,Art Spiegelman,"Spiegelman, Art",,"=""0141014083""","=""9780141014081""",5,4.58,Penguin Books,Paperback,296,2003,1980,,2021/11/28,,,read,,,,1,0
18116,His Dark Materials (His Dark Materials #1-3),Philip Pullman,"Pullman, Philip",,"=""0440238609""","=""9780440238607""",2,4.29,Laurel Leaf,Mass Market Paperback,1088,2003,2000,,2021/12/02,,,read,,,,1,0
53320204,"The Hunger Games: Four Book Collection (The Hunger Games, Catching Fire, Mockingjay, The Ballad of Songbirds and Snakes)",Suzanne Collins,"Collins, Suzanne",,"=""1338686534""","=""9781338686531""",5,4.65,Scholastic Press,Hardcover,1712,2020,2020,,2021/12/02,,,read,,,,1,0
40701750,Insights Course 1,Elina Karapalo,"Karapalo, Elina","Paula Keltto, Mark Kilmer, Päivi Kuusivaara, Teijo Päkkilä, Annukka Suonio","=""9511268406""","=""9789511268406""",3,3.50,Otava,Paperback,192,2017,,2021/12/02,2021/12/02,,,read,,,,1,0
15197,"Maus II: A Survivor's Tale: And Here My Troubles Began (Maus, #2)",Art Spiegelman,"Spiegelman, Art",,"=""0679729771""","=""9780679729778""",5,4.42,Pantheon,Paperback,144,1992,1991,2021/12/02,2021/11/28,,,read,,,,1,0
1633,Getting Things Done: The Art of Stress-Free Productivity,David    Allen,"Allen, David",,"=""0142000280""","=""9780142000281""",5,4.01,Penguin Books,Paperback,267,2002,2001,2021/12/01,2021/10/13,,,read,,,,1,0
40725113,Fokus kurs 1,Anna Blom,"Blom, Anna","Sari Kaunisto, Marko Paasonen, Anssi Salonen","=""9511268864""","=""9789511268864""",1,1.00,Otava,Paperback,168,2015,,2021/11/30,2021/11/25,,,read,,,,1,0
130119,An Enquiry Concerning Human Understanding,David Hume,"Hume, David",,"=""1420926993""","=""9781420926996""",5,3.94,Digireads.Com,Paperback,96,2006,1748,2021/11/30,2021/11/29,,,read,,,,1,0
54615879,The Original,Brandon Sanderson,"Sanderson, Brandon","Mary Robinette Kowal, Julia  Whelan","=""""","=""""",5,3.79,Recorded Books,Audiobook,3,2020,2020,2021/11/29,2021/11/28,,,read,A good Scifi Thriller IMO.,,,1,0
2722843,A New Understanding of the Atom (Science & Discovery),John T. Sanders,"Sanders, John T.","Pat Childs, Edwin Newman, Jack Sommer, Mike Hassell","=""0786164301""","=""9780786164301""",5,3.60,Blackstone Audiobooks,Audio CD,0,2006,2006,2021/11/28,2021/11/28,,,read,,,,1,0
87641,On the Social Contract,Jean-Jacques Rousseau,"Rousseau, Jean-Jacques",G.D.H. Cole,"=""0486426920""","=""9780486426921""",4,3.78,Dover Publications,Paperback,112,2003,1762,2021/11/28,2021/11/28,,,read,,,,1,0
295018,"Meditations on First Philosophy, with Selections from the Objections and Replies",René Descartes,"Descartes, René","John Cottingham, Bernard Williams","=""0521558182""","=""9780521558181""",2,3.74,Cambridge University Press,Paperback,265,1996,1641,2021/11/28,2021/11/28,,,read,,,,1,0
15196,"Maus I: A Survivor's Tale: My Father Bleeds History (Maus, #1)",Art Spiegelman,"Spiegelman, Art",,"=""0394541553""","=""9780394541556""",5,4.39,Pantheon Books,Hardcover,159,1991,1986,2021/11/28,2021/11/28,,,read,,,,1,0
154140,Why Businessmen Need Philosophy,Ayn Rand,"Rand, Ayn",Leonard Peikoff,"=""0962533629""","=""9780962533624""",5,3.88,Ayn Rand Inst,Paperback,203,1999,1999,2021/11/28,2021/11/27,,,read,,,,1,0
318430,An Essay on the Principle of Population,Thomas Robert Malthus,"Malthus, Thomas Robert",Geoffrey Gilbert,"=""0192837478""","=""9780192837479""",4,3.42,Oxford University Press,Paperback,208,1999,1798,2021/11/27,2021/11/27,,,read,,,,1,0
12075,Tractatus Logico-Philosophicus,Ludwig Wittgenstein,"Wittgenstein, Ludwig","David Pears, Brian McGuinness, Bertrand Russell","=""0415254086""","=""9780415254083""",3,4.10,Routledge Classics,Paperback,142,2001,1921,2021/11/27,2021/11/27,,,read,,,,1,0
8519687,Conquer the Chaos: How to Grow a Successful Small Business Without Going Crazy,Clate Mask,"Mask, Clate","Scott Martineau, Michael E. Gerber","=""0470642319""","=""9780470642313""",5,3.55,Wiley,Kindle Edition,240,2010,2010,2021/11/27,2021/11/27,,,read,Amazing seems realist kind if advice to follow.,,,1,0
28862,The Prince,Niccolò Machiavelli,"Machiavelli, Niccolò","Rufus Goodwin, Benjamin Martinez, W.K. Marriott, Denis Daly, Μαρία Κασωτάκη","=""0937832383""","=""9780937832387""",5,3.84,Dante University Press,Paperback,144,2014,1513,2021/11/27,2021/11/27,,,read,This works for nations since they're in anarchy towards each other. In modern time's they're less anarcist towards each other because of institutions like UN.,,,1,0
59708807,Musk on Mars,Ed Teja,"Teja, Ed",,"=""""","=""""",3,3.67,,Unknown Binding,20,,,2021/11/27,2021/11/27,,,read,,,,2,0
2547,The Prophet,Kahlil Gibran,"Gibran, Kahlil",,"=""000100039X""","=""9780001000391""",2,4.23,Rupa & Co,Paperback,127,2003,1923,2021/11/27,2021/11/27,,,read,,,,1,0
855913,Poor Richard's Almanack,Benjamin Franklin,"Franklin, Benjamin",,"=""0880889187""","=""9780880889186""",5,4.13,Peter Pauper Press,Hardcover,80,1980,1732,2021/11/26,2021/11/26,,,read,,,,1,0
7987660,Youth,Isaac Asimov,"Asimov, Isaac",,"=""""","=""""",4,3.90,,Audiobook,50,,1952,2021/11/26,2021/11/26,,,read,,,,1,0
6224895,"Silver Blaze (The Memoirs of Sherlock Holmes, #1)",Arthur Conan Doyle,"Doyle, Arthur Conan",,"=""9791680000""","=""""",4,4.16,Narasi,Paperback,111,2007,1892,2021/11/26,2021/11/26,,,read,,,,1,0
35736,The Adventures of Tom Bombadil,J.R.R. Tolkien,"Tolkien, J.R.R.",Roger Garland,"=""0395576474""","=""9780395576472""",4,3.81,Houghton Mifflin Harcourt,Hardcover,75,1991,1962,2021/11/26,2021/11/25,,,read,,,,1,0
665,The Virtue of Selfishness: A New Concept of Egoism,Ayn Rand,"Rand, Ayn",Nathaniel Branden,"=""0451163931""","=""9780451163936""",5,3.55,Signet,Mass Market Paperback,173,1964,1961,2021/11/25,2021/11/23,,,read,,,,1,0
2924480,Soren Kierkegaard (The Giants of Philosophy),George Connell,"Connell, George",Charlton Heston,"=""""","=""""",5,3.65,Knowledge Products,Audiobook,75,1991,1990,2021/11/25,2021/11/25,,,read,,,,1,0
54898389,The Almanack of Naval Ravikant: A Guide to Wealth and Happiness,Eric Jorgenson,"Jorgenson, Eric",,"=""""","=""9781544514208""",5,4.40,Magrathea Publishing,Kindle Edition,244,2020,2020,2021/11/25,2021/11/24,,,read,Alot I agree yet as always some points I disagree on.,,,1,0
1371,The Iliad,Homer,"Homer, Homer","Robert Fagles, Bernard Knox","=""0140275363""","=""9780140275360""",4,3.93,Penguin Classics,Paperback,614,1999,-800,2021/11/24,2021/11/19,,,read,,,,1,1
28381,Dead Souls,Nikolai Gogol,"Gogol, Nikolai",Robert A. Maguire,"=""0140448071""","=""9780140448078""",5,3.98,Penguin Classics,Paperback,464,2004,1842,2021/01/01,2021/11/19,,,read,,,,1,0
27297,The Analects,Confucius,"Confucius, Confucius",D.C. Lau,"=""0140443487""","=""9780140443486""",5,3.81,Penguin Books Ltd,Paperback,249,1998,-475,2021/11/19,2021/11/14,,,read,These are mostly good advice by one of greatest philosophers of old world(assuming time is something that changes).,,,1,0
22632,"The Trial and Death of Socrates (Euthyphro, Apology, Crito, Phaedo)",Plato,"Plato, Plato","John M. Cooper, G.M.A. Grube","=""0872205541""","=""9780872205543""",3,4.12,Hackett Publishing Company,Paperback,58,2001,-400,2021/11/19,2021/11/14,,,read,,,,1,0
18688419,Sand Hill Road,Timo Ahopelto,"Ahopelto, Timo",,"=""9526798007""","=""9789526798004""",5,3.50,,Hardcover,240,2013,2013,2021/11/19,2021/11/17,,,read,A great business story!,,,1,0
40649041,"Idea 4: Tieto, tiede ja todellisuus (LOPS 2016)",Lauri Calonius,"Calonius, Lauri","Jaakko Pitkänen, Julius Telivuo","=""9511299387""","=""9789511299387""",5,4.20,Otava,,187,2017,,2021/11/18,2021/11/17,,,read,,,,1,0
40649004,Idea 3: Yhteiskuntafilosofia (LOPS 2016),Eenarina Hämäläinen,"Hämäläinen, Eenarina","Heikki A Kovalainen, Arto Laitinen, Lauri Calonius, Vesa Korkkula","=""9511279424""","=""9789511279426""",3,4.07,Otava,,,2016,,2021/11/17,2021/11/16,,,read,,,,1,0
59604218,Polaris Koulun tähtitieto,Heikki Oja,"Oja, Heikki",,"=""""","=""""",4,4.00,Ursa,Paperback,159,1994,,2021/11/16,2021/11/12,,,read,,,,1,0
19069549,Discourse on the Method of Rightly Conducting One's Reason and of Seeking Truth in the Sciences,René Descartes,"Descartes, René",,"=""""","=""""",3,3.72,,Kindle Edition,60,2012,1637,2021/11/15,2021/11/15,,,read,,,,1,0
31287110,"Master Your Time, Master Your Life: The Breakthrough System to Get More Results, Faster, in Every Area of Your Life",Brian Tracy,"Tracy, Brian",,"=""0399183833""","=""9780399183836""",5,3.90,Tarcher,Kindle Edition,231,2016,2016,2021/11/15,2021/11/14,,,read,,,,1,0
6815530,The Human Brain Book,Rita Carter,"Carter, Rita","Susan Aldridge, Martyn Page, Steve Parker","=""0756654416""","=""9780756654412""",4,4.35,DK Publishing,Hardcover,264,2014,2009,2021/11/14,2021/05/22,,,read,,,,1,0
178747,Martin Luther's Ninety-Five Theses,Martin Luther,"Luther, Martin","Stephen J. Nichols, Henry Eyster Jacobs","=""0875525571""","=""9780875525570""",4,3.89,Presbyterian & Reformed Pub Co,Paperback,348,2002,1517,2021/11/14,2021/11/14,,,read,,,,1,0
154242,The Anti-capitalistic Mentality,Ludwig von Mises,"Mises, Ludwig von",Bettina Bien Greaves,"=""0865976716""","=""9780865976719""",5,3.96,Liberty Fund,Paperback,88,2006,1956,2021/11/14,2021/11/13,,,read,,,,1,0
89959,U.S. Constitution (Saddlewire) (Books of American Wisdom),Founding Fathers,"Fathers, Founding",,"=""1557091528""","=""9781557091529""",4,4.52,Applewood Books,Paperback,32,1901,1787,2021/01/01,2021/11/14,,,read,,,,1,0
584637,Utilitarianism,John Stuart Mill,"Mill, John Stuart",George Sher,"=""087220605X""","=""9780872206052""",3,3.68,Hackett Publishing Company,Paperback,71,2002,1861,2021/11/13,2021/11/13,,,read,,,,1,0
56806734,Speech in Favor of Capital Punishment,John Stuart Mill,"Mill, John Stuart",Peter Quest,"=""198710143X""","=""9781987101430""",3,3.33,Audio Sommelier,Audiobook,8,2018,,2021/11/13,2021/11/13,,,read,,,,1,0
385228,On Liberty,John Stuart Mill,"Mill, John Stuart",,"=""""","=""""",5,3.96,Penguin Classics,Paperback,187,1985,1859,2021/11/13,2021/11/13,,,read,,,,1,0
129237,A Theory of Justice,John Rawls,"Rawls, John",,"=""0674017722""","=""9780674017726""",3,3.95,Belknap Press: An Imprint of Harvard University Press,Paperback,824,2005,1971,2021/11/13,2021/11/13,,,read,,,,1,0
34794093,"Hubble Space Telescope, The (Space Tech)",Allan Morey,"Morey, Allan",,"=""1626177007""","=""9781626177000""",3,3.60,Bellwether Media,Library Binding,24,2017,,2021/11/13,2021/11/13,,,read,,,,1,0
43334551,Cutting-Edge Hubble Telescope Data (Searchlight Books ™ - New Frontiers of Space),Christy Peterson,"Peterson, Christy",,"=""1541556712""","=""9781541570481""",3,3.75,Lerner Publications ™,Kindle Edition,32,2019,,2021/11/13,2021/11/13,,,read,,,,1,0
2506977,Bang!: The Complete History of the Universe,Brian May,"May, Brian","Patrick Moore, Chris Lintott","=""0801889855""","=""9780801889851""",3,4.12,Johns Hopkins University Press,Hardcover,170,2008,2006,2021/11/13,2021/10/31,,,read,,,,1,0
27388828,Välähdyksiä pimeässä ja pimeitä välähdyksiä,Jari Sarasvuo,"Sarasvuo, Jari",,"=""9511283057""","=""9789511283058""",5,3.81,Otava,Hardcover,472,2015,,2021/11/13,2021/06/01,,,read,,,,1,0
91953,Leviathan,Thomas Hobbes,"Hobbes, Thomas","Marshall Missner, Crawford Brough Macpherson","=""0140431950""","=""9780140431957""",2,3.70,Penguin Books,Paperback,736,1981,1651,2021/11/13,2021/11/10,,,read,,,,1,0
16638540,Natural Science and the Planet Earth,Jack Sommer,"Sommer, Jack",Edwin Newman,"=""1433238462""","=""9781433238468""",3,3.59,Knowledge Products,ebook,,2006,2006,2021/11/10,2021/11/08,,,read,,,,1,0
4274545,Dimensions of Scientific Thought (Science & Discovery),John T. Sanders,"Sanders, John T.",,"=""0786164867""","=""9780786164868""",3,3.33,Blackstone Audiobooks,Audio CD,0,2006,2006,2021/11/10,2021/11/09,,,read,,,,1,0
15838258,Medical Science,Paul M. Heidger,"Heidger, Paul M.",Richard Eimas,"=""1433237652""","=""9781433237652""",3,3.55,Tantor Media,Audiobook,,2007,2007,2021/11/09,2021/11/08,,,read,,,,1,0
2023187,Astronomy: The Heavenly Challenge (Science & Discovery),Jack Arnold,"Arnold, Jack",,"=""0786164360""","=""9780786164363""",4,3.43,Blackstone Audiobooks,Audio CD,0,2006,2006,2021/11/09,2021/11/08,,,read,,,,1,0
33301279,Letters from a Stoic,Seneca,"Seneca, Seneca",Richard Mott Gummere,"=""0486817865""","=""9780486817866""",4,4.33,Dover Publications,Kindle Edition,483,2016,64,2021/11/08,2021/06/01,,,read,"This was true challenge to read, since it was really boring and repetitive sometimes, but it has much truth in it, while the world has changed during the times and so not all of these points hold true nowdays, but things about death for example seems smart.",,,1,0
5038646,Medieval Science: Science and Discovery,Jack Sanders,"Sanders, Jack",Edwin Newman,"=""0938935674""","=""9780938935674""",3,3.42,Knowledge Products,Audiobook,2,1993,1993,2021/11/08,2021/11/08,,,read,,,,1,0
43448444,Complexity,IntroBooks,"IntroBooks, IntroBooks",,"=""0463780515""","=""9780463780510""",5,4.00,IntroBooks,ebook,,2018,,2021/11/08,2021/11/08,,,read,,,,1,0
16638538,Science in Antiquity,Jon Mandaville,"Mandaville, Jon",Edwin Newman,"=""1433238411""","=""9781433238413""",4,3.33,Knowledge Products,ebook,200,2006,2006,2021/11/08,2021/11/07,,,read,,,,1,0
770989,Game Theory: A Very Short Introduction,Ken Binmore,"Binmore, Ken",,"=""0199218463""","=""9780199218462""",2,3.14,Oxford University Press,Paperback,208,2007,2007,2021/11/07,2021/11/07,,,read,,,,1,0
32765188,Complexity and Chaos,Roger White,"White, Roger",Edwin Newman,"=""1433238527""","=""9781433238529""",4,3.73,Knowledge Products,ebook,,2006,1994,2021/11/07,2021/11/07,,,read,,,,1,0
176905,Choice Theory: A Very Short Introduction,Michael Allingham,"Allingham, Michael",,"=""0192803034""","=""9780192803030""",2,2.70,Oxford University Press,Paperback,144,2002,2002,2021/11/07,2021/11/07,,,read,,,,1,0
2424267,Origins of the Universe (Science & Discovery),Jack Arnold,"Arnold, Jack","Pat Childs, Edwin Newman, Jack Sommer, Mike Hassell","=""0786164298""","=""9780786164295""",4,3.57,Blackstone Audiobooks,Audio CD,0,2006,2006,2021/11/07,2021/11/07,,,read,,,,1,0
2920625,The Story of Electricity (Audio Classics: Science & Discovery),Jack Sanders,"Sanders, Jack","John T. Sanders, Edwin Newman","=""0786164964""","=""9780786164967""",5,3.51,Blackstone Audiobooks,Audio CD,0,2006,1994,2021/11/07,2021/11/06,,,read,,,,1,0
784148,Economics: A Very Short Introduction,Partha Dasgupta,"Dasgupta, Partha",,"=""0192853457""","=""9780192853455""",3,3.25,Oxford University Press,Paperback,172,2007,2007,2021/11/06,2021/11/06,,,read,,,,1,0
20342617,Just Mercy,Bryan Stevenson,"Stevenson, Bryan",,"=""""","=""""",3,4.63,One World,Paperback,336,2014,2014,2021/10/15,2021/10/15,,,read,,,,1,0
44403257,Federalism: A Very Short Introduction (Very Short Introductions),Mark J. Rozell,"Rozell, Mark J.",Clyde Wilcox,"=""0190900059""","=""9780190900052""",4,3.70,Oxford University Press,Paperback,160,2019,2019,2021/11/06,2021/11/06,,,read,,,,1,0
6905410,Neoliberalism: A Very Short Introduction,Manfred B. Steger,"Steger, Manfred B.",Ravi K. Roy,"=""019956051X""","=""9780199560516""",3,3.67,Oxford University Press,Paperback,150,2010,2010,2021/11/06,2021/11/06,,,read,,,,1,0
55921490,"A Minute to Think: Reclaim Creativity, Conquer Busyness, and Do Your Best Work",Juliet  Funt,"Funt, Juliet",,"=""0062970259""","=""9780062970251""",3,4.03,Harper Business,Hardcover,288,2021,2021,2021/11/06,2021/11/05,,,read,,,,1,0
52117860,The Future We Choose: Surviving the Climate Crisis,Christiana Figueres,"Figueres, Christiana",Tom Rivett-Carnac,"=""0525658351""","=""9780525658351""",3,4.05,Knopf Publishing Group,Hardcover,210,2020,2020,2021/11/04,2021/11/04,,,read,,,,1,0
595616,The World Trade Organization: A Very Short Introduction,Amrita Narlikar,"Narlikar, Amrita",,"=""0192806084""","=""9780192806086""",3,3.34,Oxford,Paperback,155,2005,2005,2021/11/04,2021/11/03,,,read,,,,1,0
56268814,The Enneagram at Work: Unlocking the Power of Type to Lead and Succeed,Jim McPartlin,"McPartlin, Jim",,"=""1250777224""","=""9781250777225""",3,3.81,St. Martin's Essentials,Paperback,272,2021,2021,2021/11/03,2021/11/03,,,read,,,,1,0
2274488,Monetarism and Supply Side Economics: Knowledge Products (Great Economic Thinkers),Arjo Klamer,"Klamer, Arjo",,"=""0786169451""","=""9780786169450""",5,3.64,Blackstone Audiobooks,Audio CD,0,2006,2006,2021/11/03,2021/11/03,,,read,,,,1,0
134464,Frank Knight and the Chicago School: The Role of Economic Uncertainty (Great Economic Thinkers),Dr Arthur M Diamond Jr,"Jr, Dr Arthur M Diamond",,"=""0786169486""","=""9780786169481""",4,3.34,Blackstone Audiobooks,Audio CD,0,2006,1988,2021/11/03,2021/11/03,,,read,,,,1,0
973796,Struggle over the Keynesian Heritage,Louis Rukeyser,"Rukeyser, Louis",,"=""0938935429""","=""9780938935421""",4,3.50,Knowledge Products,Audio Cassette,,1992,,2021/11/03,2021/11/03,,,read,,,,1,0
30474,The Communist Manifesto,Karl Marx,"Marx, Karl","Friedrich Engels, Samuel Moore, Gareth Stedman Jones","=""0140447571""","=""9780140447576""",1,3.68,Penguin Books,Paperback,288,2002,1848,2021/04/03,2021/01/25,,,read,,,,1,0
238953,Das Kapital,Karl Marx,"Marx, Karl","Friedrich Engels, Serge L. Levitsky","=""089526711X""","=""9780895267115""",1,4.09,Gateway Editions,Paperback,356,1996,1867,2021/11/02,2021/11/02,,,read,"Mostly bunch of intellectual empty viewpoints and have been disproved in many countries such as Soviet Union or many countries that call themselves communist are actually partly capitalist. Indeed many countries have never been communist, so maybe it impossible to become truly communist nation in Karl Marx sense. Yet communist has it good points such as population control and labor camps(without progress out of those, since economically it's very inefficient monopoly). Indeed many times this communism or fake communism is just a efficient way of single invidual to shine as country's best known invidual(Mao or Stalin). Forgot to mention that in communism education is many times free, but since there's labor camps also I would not call this humanist solution. Communism has also basic premise that it is correct always and perfect idea, which cannot be criticized. Indeed this is the reason why democracy is suppressed in communist nations, since while democracy isn't perfect solution it can in more ways criticize itself. <br/><br/><br/>Labor theory of value doesn't take into account that firm cannot find new methods without profit and thus make whole of humanity better of with newfound knowledge. In communism(or fake) this knowledge can also be created, but this process happens with gunpoint or propaganda or some internal incentive, which in economics cannot be measured. In capitalism every firm is after profit and thus they must do best with limited knowledge and push forward to new knowledge.<br/><br/>Feel free to criticize as you don't live under communist propaganda buble.",,,1,0
202645,Karl Marx: Das Kapital: From Capitalist Exploitation to Communist Revolution (Great Economic Thinkers),David Ramsay Steele,"Steele, David Ramsay",Louis Rukeyser,"=""0786173262""","=""9780786173266""",2,3.24,Blackstone Audiobooks,Audio CD,0,2006,2006,2021/11/02,2021/11/02,,,read,,,,1,0
7576856,The Austrian Case for the Free Market Process: Ludwig von Mises and Friedrich Hayek,William Peterson,"Peterson, William",,"=""""","=""""",5,3.80,Knowledge Products,,,1988,1988,2021/11/02,2021/11/02,,,read,,,,1,0
235869,Intuitive Eating: A Revolutionary Program That Works,Evelyn Tribole,"Tribole, Evelyn",Elyse Resch,"=""0312321236""","=""9780312321239""",2,4.24,St. Martin's Griffin,Paperback,284,2003,1995,2021/11/02,2021/11/02,,,read,,,,1,0
2274485,"Joseph Schumpeter and Dynamic Economic Change: Capitalism as ""Creative Destruction""",Laurence S. Moss,"Moss, Laurence S.",,"=""078616929X""","=""9780786169290""",5,3.49,Blackstone Audiobooks,Audio CD,0,2006,2006,2021/11/02,2021/11/02,,,read,,,,1,0
669474,"The Keynesian Revolution: Capitalism As a Flawed System, and Ideas for a New Order (Great Economic Thinkers)",Fred R. Glahe,"Glahe, Fred R.",Frank Vorhies,"=""143320018X""","=""9781433200182""",4,3.61,Blackstone Audio Inc,Audio CD,200,2007,2006,2021/11/02,2021/11/01,,,read,,,,1,0
7404568,Alfred Marshall and Neoclassicism: Economics Becomes a Science ,Robert Hebert,"Hebert, Robert",,"=""""","=""""",5,3.49,Knowledge Products,,,1998,1988,2021/11/01,2021/11/01,,,read,,,,1,0
1805856,Thorstein Veblen and Institutionalism: Social Institutions Gain Significance in Economics (Great Economic Thinkers),William H. Peterson,"Peterson, William H.",,"=""0786169273""","=""9780786169276""",3,3.26,Blackstone Audiobooks,Audio CD,,2006,2006,2021/11/01,2021/11/01,,,read,,,,1,0
46223297,Permanent Record,Edward Snowden,"Snowden, Edward",,"=""1250237238""","=""9781250237231""",5,4.30,Metropolitan Books,Hardcover,339,2019,2019,,2021/11/01,,,read,,,,1,0
7357513,Early Austrian Economics,Israel M. Kirzner,"Kirzner, Israel M.",,"=""""","=""""",4,3.41,Knowledge Products,,,1988,1988,2021/10/31,2021/10/31,,,read,,,,1,0
1760630,"Self-Reliance: An Excerpt from Collected Essays, First Series",Ralph Waldo Emerson,"Emerson, Ralph Waldo",,"=""1604500093""","=""9781604500097""",5,4.00,Arc Manor,Paperback,51,2007,1841,2021/10/31,2021/10/31,,,read,Self-reliance seems the only gift I can get to myself and you can get to yourself. That vacation philosophy is also correct IMO. Too much escapism today.,,,1,0
33800053,Systems Theory,IntroBooks,"IntroBooks, IntroBooks",,"=""1370569106""","=""9781370569106""",4,3.20,IntroBooks,ebook,,2017,,2021/10/31,2021/10/31,,,read,,,,1,0
13103,"The Celestine Prophecy (Celestine Prophecy, #1)",James Redfield,"Redfield, James",,"=""""","=""""",2,3.73,Warner Books,Paperback,247,1995,1993,2021/10/31,2021/10/31,,,read,,,,1,0
973795,The German Historical School of Economics: Welfare Capitalism Begins (Great Economic Thinkers),Nicholas Balabkins,"Balabkins, Nicholas",,"=""0786169494""","=""9780786169498""",4,3.46,Blackstone Audiobooks,Audio CD,0,2006,2006,2021/10/31,2021/10/31,,,read,,,,1,0
1431,Veronika Decides to Die,Paulo Coelho,"Coelho, Paulo",Margaret Jull Costa,"=""""","=""""",3,3.73,Harper Perennial,Paperback,285,2006,1998,2021/10/31,2021/10/31,,,read,,,,1,0
1278139,The Classical Economists: Beginning a New World of Economic Insight (Great Economic Thinkers Series),E.G. West,"West, E.G.",Louis Rukeyser,"=""0786168935""","=""9780786168934""",5,3.65,Blackstone Pub,Audio CD,0,2006,2006,2021/10/31,2021/10/31,,,read,"Really good, I will read every book on this series I can get my hands on.",,,1,0
41057294,Normal People,Sally Rooney,"Rooney, Sally",,"=""1984822179""","=""9781984822178""",3,3.81,Crown,Hardcover,273,2019,2018,2021/10/31,2021/10/29,,,read,,,,1,0
50364021,Praise of the Engineer,Dionigi Cristian Lentini,"Lentini, Dionigi Cristian",,"=""""","=""""",5,5.00,,Kindle Edition,0,2019,,2021/10/31,2021/10/31,,,read,I shall praise this practice in everything I ever do and to myself.,,,1,0
130363,Peter the Great: His Life and World,Robert K. Massie,"Massie, Robert K.",,"=""1842121162""","=""9781842121160""",5,4.15,W&N,Paperback,909,2001,1980,2021/10/31,2021/07/10,,,read,This was the final history book for me in while. And it was very good end to this interest. Now I must rigorously apply myself to my studies to create modern history or fail in the attempt.,,,1,0
1609224,The Law,Frédéric Bastiat,"Bastiat, Frédéric",,"=""1933550147""","=""9781933550145""",5,4.34,Ludwig von Mises Institute,Paperback,61,2011,1849,2021/10/30,2021/10/30,,,read,,,,1,0
2064279,Economic Facts and Fallacies,Thomas Sowell,"Sowell, Thomas",,"=""0465003494""","=""9780465003495""",5,4.23,Basic Books,Hardcover,262,2008,2007,2021/10/30,2021/10/28,,,read,,,,1,0
56020581,The Loudest Guest: How to change and control your relationship with fear,Amy  Silver,"Silver, Amy",,"=""0648796442""","=""9780648796442""",4,3.63,Major Street Publishing,Kindle Edition,194,2022,,2021/10/29,2021/10/29,,,read,,,,1,0
32187419,Conversations with Friends,Sally Rooney,"Rooney, Sally",,"=""0451499077""","=""9780451499073""",3,3.74,Hogarth,Kindle Edition,304,2017,2017,2021/10/29,2021/10/29,,,read,,,,1,0
10629,Christine,Stephen        King,"King, Stephen",Marie Milpois,"=""2253147699""","=""9782253147695""",3,3.86,LGF,Paperback,411,2001,1983,2021/10/29,2021/10/29,,,read,,,,1,0
55384168,No Bad Parts: Healing Trauma and Restoring Wholeness with the Internal Family Systems Model,Richard C. Schwartz,"Schwartz, Richard C.",Alanis Morissette,"=""1683646681""","=""9781683646686""",3,4.13,Sounds True,Paperback,216,2021,2021,2021/10/29,2021/10/28,,,read,,,,1,0
368298,"The Big Three in Economics: Adam Smith, Karl Marx, and John Maynard Keynes",Mark Skousen,"Skousen, Mark",,"=""0765616947""","=""9780765616944""",5,3.58,Routledge,Hardcover,264,2007,2007,2021/10/28,2021/10/27,,,read,,,,1,0
36666918,Lonely Planet Pocket Los Angeles (Travel Guide),Lonely Planet,"Planet, Lonely",,"=""""","=""""",4,4.09,Lonely Planet,Kindle Edition,361,2017,2012,2021/10/28,2021/10/27,,,read,I learned surprisingly lot from this travel guide.,,,1,0
829616,Lateral Thinking,Edward de Bono,"Bono, Edward de",,"=""0140137793""","=""9780140137798""",4,3.76,Penguin UK,Paperback,272,1991,,2021/10/27,2021/10/27,,,read,,,,1,0
53633868,Macroeconomics,Felipe Larraín B.,"B., Felipe Larraín",,"=""""","=""""",4,3.70,,Kindle Edition,,2020,2011,2021/10/27,2021/10/17,,,read,,,,1,0
56481506,"Return on Ambition: A Radical Approach to Your Achievement, Growth, and Well-Being",Nicolai Chen Nielsen,"Nielsen, Nicolai Chen",Nicolai Tillisch,"=""1734324872""","=""9781734324877""",3,3.92,Fast Company Press,Kindle Edition,304,2021,2021,2021/10/24,2021/10/24,,,read,,,,1,0
70420,The Undercover Economist,Tim Harford,"Harford, Tim",,"=""0195189779""","=""9780195189773""",5,3.81,Oxford University Press,Hardcover,288,2005,2005,2021/10/24,2021/10/14,,,read,,,,1,0
56470423,An Ugly Truth: Inside Facebook's Battle for Domination,Sheera Frenkel,"Frenkel, Sheera",Cecilia Kang,"=""0063136740""","=""9780063136748""",2,3.96,Harper,Paperback,352,2021,2021,2021/10/23,2021/10/23,,,read,,,,1,0
350,Stranger in a Strange Land,Robert A. Heinlein,"Heinlein, Robert A.",James Warhola,"=""""","=""""",5,3.92,Ace,Paperback,525,1991,1961,2021/10/23,2021/10/08,,,read,,,,1,0
3023,Basic Economics: A Citizen's Guide to the Economy,Thomas Sowell,"Sowell, Thomas",,"=""0465081452""","=""9780465081455""",5,4.37,Basic Books,Hardcover,448,2003,2000,2021/10/21,2021/10/06,,,read,This one is worth reread.,,,1,0
55338995,The Plant-Based Athlete: A Game-Changing Approach to Peak Performance,Matt Frazier,"Frazier, Matt",Robert Cheeke,"=""0063042010""","=""9780063042018""",4,3.89,HarperOne,Hardcover,338,2021,2021,2021/10/20,2021/10/20,,,read,,,,1,0
54870199,"You're Invited: The Art and Science of Connection, Trust, and Belonging",Jon Levy,"Levy, Jon",,"=""0063030977""","=""9780063030978""",4,3.63,Harper Business,Hardcover,272,2021,2021,2021/10/20,2021/10/19,,,read,,,,1,0
36612062,Managerial Economics Crash Course,IntroBooks,"IntroBooks, IntroBooks",,"=""1370776209""","=""9781370776207""",2,2.25,IntroBooks,ebook,,2017,,2021/10/18,2021/10/18,,,read,,,,1,0
54217724,"Hooked: Food, Free Will, and How the Food Giants Exploit Our Addictions",Michael  Moss,"Moss, Michael",,"=""0812997298""","=""9780812997293""",4,3.80,Random House,Hardcover,304,2021,2021,2021/10/18,2021/10/18,,,read,,,,1,0
43531629,Law of Supply and Demand,IntroBooks,"IntroBooks, IntroBooks",,"=""137021247X""","=""9781370212477""",3,3.50,Can Akdeniz,ebook,,2018,,2021/10/18,2021/10/17,,,read,,,,1,0
35802632,Macroeconomics Basics,IntroBooks,"IntroBooks, IntroBooks",,"=""1973792060""","=""9781973792062""",3,3.50,Createspace Independent Publishing Platform,Paperback,,2017,,2021/10/18,2021/10/17,,,read,,,,1,0
43448394,Managerial Economics,IntroBooks,"IntroBooks, IntroBooks",,"=""0463765346""","=""9780463765340""",3,2.50,IntroBooks,ebook,,2018,,2021/10/17,2021/10/17,,,read,,,,1,0
44181994,Basic Economics,IntroBooks,"IntroBooks, IntroBooks",,"=""1797710443""","=""9781797710440""",5,4.00,Independently published,Paperback,30,2019,,2021/10/17,2021/10/17,,,read,,,,1,0
35807234,Microeconomics Basics,IntroBooks,"IntroBooks, IntroBooks",,"=""""","=""""",4,3.00,,Kindle Edition,34,2017,,2021/10/17,2021/10/17,,,read,,,,1,0
28204108,Principles of Microeconomics Explained (Simple Textbooks Book 4),Can Akdeniz,"Akdeniz, Can",,"=""""","=""""",4,4.00,,Kindle Edition,46,2015,,2021/10/17,2021/10/17,,,read,,,,1,0
28204106,Introduction to Economics (Simple Textbooks Book 3),Can Akdeniz,"Akdeniz, Can",,"=""""","=""""",4,3.00,,Kindle Edition,33,2015,,2021/10/17,2021/10/17,,,read,,,,1,0
8112865,No Excuses!: The Power of Self-Discipline,Brian Tracy,"Tracy, Brian",,"=""1593155824""","=""9781593155827""",5,4.02,Carroll & Graf,Paperback,293,2010,2010,2021/10/17,2021/05/30,,,read,Mostly agree.,,,2,0
25666050,Algorithms to Live By: The Computer Science of Human Decisions,Brian  Christian,"Christian, Brian",Tom  Griffiths,"=""1627790365""","=""9781627790369""",4,4.13,Henry Holt and Co.,Hardcover,368,2016,2016,2021/10/16,2021/10/11,,,read,,,,1,0
628070,Failing Forward: Turning Mistakes Into Stepping Stones for Success,John C. Maxwell,"Maxwell, John C.",,"=""0785274308""","=""9780785274308""",5,4.18,Thomas Nelson Inc,Hardcover,209,2000,1982,2021/10/16,2021/10/02,,,read,,,,1,0
285500,The Declaration of Independence / The Constitution of the United States,Founding Fathers,"Fathers, Founding",,"=""0553214829""","=""9780553214826""",4,4.44,Bantam Classics,Mass Market Paperback,112,1998,1776,2021/10/16,2021/10/04,,,read,,,,1,0
17855756,"Dust (Silo, #3)",Hugh Howey,"Howey, Hugh",,"=""1490904387""","=""9781490904382""",5,4.23,Broad Reach Publishing,Paperback,458,2013,2013,2021/10/16,2021/10/16,,,read,It's interesting plotline and character building is solid.,,,1,0
7571082,"Mandela's Way: Lessons on Life, Love, and Courage",Richard Stengel,"Stengel, Richard",Nelson Mandela,"=""0307460681""","=""9780307460684""",4,4.10,Crown Archetype,Hardcover,243,2010,2009,2021/10/16,2021/10/15,,,read,,,,1,0
68986,The Power of Focus,Jack Canfield,"Canfield, Jack",Mark Victor Hansen,"=""0091876508""","=""9780091876500""",3,4.13,Vermilion,Paperback,310,2001,2000,2021/10/16,2021/10/11,,,read,,,,1,0
54860365,Learn Like a Pro,Barbara Oakley,"Oakley, Barbara",Olav Schewe,"=""1250799376""","=""9781250799371""",4,4.15,Essentials,Paperback,160,2021,2021,2021/10/16,2021/10/11,,,read,,,,1,0
7054123,The Poisoner's Handbook: Murder and the Birth of Forensic Medicine in Jazz Age New York,Deborah Blum,"Blum, Deborah",,"=""1594202435""","=""9781594202438""",4,4.01,Penguin Press,Hardcover,319,2010,2010,2021/10/16,2021/10/14,,,read,,,,1,0
15931,"The Notebook (The Notebook, #1)",Nicholas Sparks,"Sparks, Nicholas",,"=""0553816713""","=""9780553816716""",3,4.16,Bantam,Hardcover,214,2004,1996,2021/10/16,2021/10/15,,,read,,,,1,0
1662160,Your Inner Fish: a Journey into the 3.5-Billion-Year History of the Human Body,Neil Shubin,"Shubin, Neil",,"=""0375424474""","=""9780375424472""",4,4.04,Pantheon,Hardcover,229,2008,2008,2021/10/16,2021/10/14,,,read,,,,1,0
10866286,11.22.63,Stephen        King,"King, Stephen",,"=""""","=""""",4,4.35,Hodder & Stoughton,Hardcover,740,2011,2011,2021/01/01,2021/10/16,,,read,,,,1,0
40725379,"Animal, Vegetable, Miracle: A Year of Food Life",Barbara Kingsolver,"Kingsolver, Barbara","Steven L. Hopp, Camille Kingsolver, Lily Hopp Kingsolver","=""0062653075""","=""9780062653079""",4,4.05,Harper,Kindle Edition,383,2017,2007,2021/10/16,2021/10/14,,,read,,,,2,0
19288043,Gone Girl,Gillian Flynn,"Flynn, Gillian",,"=""0307588378""","=""9780307588371""",2,4.14,Ballantine Books,Paperback,415,2014,2012,2021/10/16,2021/10/16,,,read,,,,1,0
9460487,"Miss Peregrine's Home for Peculiar Children (Miss Peregrine's Peculiar Children, #1)",Ransom Riggs,"Riggs, Ransom",,"=""1594744769""","=""9781594744761""",3,3.92,Quirk,Hardcover,352,2011,2011,2021/10/16,2021/10/15,,,read,,,,1,0
18143977,All the Light We Cannot See,Anthony Doerr,"Doerr, Anthony",,"=""1476746583""","=""9781476746586""",3,4.31,Scribner,Hardcover,544,2014,2014,2021/10/16,2021/10/15,,,read,,,,1,0
17347634,"Me Before You (Me Before You, #1)",Jojo Moyes,"Moyes, Jojo",,"=""0670026603""","=""9780670026609""",2,4.26,Pamela Dorman Books,Hardcover,369,2012,2012,2021/10/16,2021/10/15,,,read,,,,1,0
6442769,Paper Towns,John Green,"Green, John",Gázsity Mila,"=""014241493X""","=""9780142414934""",3,3.70,Speak,Paperback,305,2009,2008,2021/10/16,2021/10/15,,,read,,,,1,0
10507293,"The Selection (The Selection, #1)",Kiera Cass,"Cass, Kiera",,"=""0062059939""","=""9780062059932""",1,4.07,HarperTeen,Hardcover,336,2012,2012,2021/10/16,2021/10/15,,,read,,,,1,0
3090465,The Twilight Saga,Stephenie Meyer,"Meyer, Stephenie","Ilyana Kadushin, Karsten Kredel, Sylke Hachmeister, Matt Walters","=""0739352350""","=""9780739352359""",1,3.93,Listening Library,Audio CD,65,2008,2005,,2021/10/16,,,read,,,,1,0
26266675,Living Forward: A Proven Plan to Stop Drifting and Get the Life You Want,Michael Hyatt,"Hyatt, Michael",Daniel Harkavy,"=""080101882X""","=""9780801018824""",4,3.89,Baker Books,Hardcover,208,2016,2016,2021/10/15,2021/10/11,,,read,,,,1,0
7847359,168 Hours: You Have More Time Than You Think,Laura Vanderkam,"Vanderkam, Laura",,"=""1591843316""","=""9781591843313""",4,3.60,Portfolio Hardcover,Hardcover,272,2010,2010,2021/10/15,2021/10/11,,,read,,,,1,0
2612,The Tipping Point: How Little Things Can Make a Big Difference,Malcolm Gladwell,"Gladwell, Malcolm",,"=""0316346624""","=""9780316346627""",4,4.01,Time Warner Book Group,Paperback,301,2002,2000,2021/10/15,2021/10/15,,,read,,,,1,0
21,A Short History of Nearly Everything,Bill Bryson,"Bryson, Bill",,"=""076790818X""","=""9780767908184""",4,4.22,Crown,Paperback,544,2004,2003,2021/10/15,2021/10/11,,,read,,,,1,0
37901642,"The Passion Paradox: A Guide to Going All In, Finding Success, and Discovering the Benefits of an Unbalanced Life",Brad Stulberg,"Stulberg, Brad",Steve Magness,"=""1635653436""","=""9781635653434""",5,4.02,Rodale Books,Hardcover,192,2019,2019,2021/10/15,2021/10/15,,,read,,,,1,0
13525945,So Good They Can't Ignore You: Why Skills Trump Passion in the Quest for Work You Love,Cal Newport,"Newport, Cal",,"=""1455509108""","=""9781455509102""",5,4.07,Business Plus,Kindle Edition,288,2012,2012,2021/10/15,2021/10/11,,,read,,,,1,0
95887,Eat That Frog!: 21 Great Ways to Stop Procrastinating and Get More Done in Less Time,Brian Tracy,"Tracy, Brian",,"=""1576754227""","=""9781576754221""",5,3.87,Berrett-Koehler Publishers,Paperback,144,2006,2001,2021/01/01,2021/10/15,,,read,,,,1,0
43848929,Talking to Strangers: What We Should Know About the People We Don't Know,Malcolm Gladwell,"Gladwell, Malcolm",,"=""0316478520""","=""9780316478526""",4,4.00,"Little, Brown and Company",Hardcover,388,2019,2019,2021/01/01,2021/10/15,,,read,,,,1,0
4894,Who Moved My Cheese? An Amazing Way to Deal with Change in Your Work and in Your Life...,Spencer Johnson,"Johnson, Spencer",Kenneth H. Blanchard,"=""0091883768""","=""9780091883768""",4,3.87,Vermilion,Hardcover,98,2002,1999,2021/10/15,2021/10/15,,,read,,,,1,0
40102,Blink: The Power of Thinking Without Thinking,Malcolm Gladwell,"Gladwell, Malcolm","Barry Fox, Irina Henegar","=""0316010669""","=""9780316010665""",4,3.96,Back Bay Books,Paperback,296,2007,2005,2021/10/15,2021/10/15,,,read,,,,1,0
52692623,The Science of Living: 219 reasons to rethink your daily routine,Stuart Farrimond,"Farrimond, Stuart",,"=""024138737X""","=""9780241387375""",3,3.69,DK,Hardcover,256,2020,2020,2021/10/15,2021/10/15,,,read,,,,1,0
3228917,Outliers: The Story of Success,Malcolm Gladwell,"Gladwell, Malcolm",,"=""0316017922""","=""9780316017923""",5,4.19,"Little, Brown and Company",Hardcover,309,2008,2008,2021/10/15,2021/10/15,,,read,,,,1,1
8520610,Quiet: The Power of Introverts in a World That Can't Stop Talking,Susan Cain,"Cain, Susan",,"=""0307352145""","=""9780307352149""",5,4.08,"Crown Publishing Group/Random House, Inc.",Hardcover,333,2012,2012,2021/10/15,2021/02/28,,,read,,,,1,0
54785515,Four Thousand Weeks: Time Management for Mortals,Oliver Burkeman,"Burkeman, Oliver",,"=""0374159122""","=""9780374159122""",5,4.19,"Farrar, Straus and Giroux",Hardcover,245,2021,2021,2021/10/15,2021/10/15,,,read,,,,1,0
3109,The Omnivore's Dilemma: A Natural History of Four Meals,Michael Pollan,"Pollan, Michael",,"=""1594200823""","=""9781594200823""",3,4.19,The Penguin Press,Hardcover,450,2006,2006,2021/10/15,2021/10/15,,,read,,,,1,0
42181205,The First 2 Hours: Make Better Use of Your Most Valuable Time,Donna Mcgeorge,"Mcgeorge, Donna",,"=""073035959X""","=""9780730359593""",4,3.78,Wiley,Paperback,142,2019,2019,2021/10/15,2021/10/15,,,read,,,,1,0
44595007,Indistractable: How to Control Your Attention and Choose Your Life,Nir   Eyal,"Eyal, Nir",Julie Li,"=""194883653X""","=""9781948836531""",5,3.74,BenBella Books,Hardcover,290,2019,2019,2021/10/15,2021/10/15,,,read,,,,1,0
21996,The Devil in the White City,Erik Larson,"Larson, Erik",Tony Goldwyn,"=""0739303406""","=""9780739303405""",3,4.00,Random House Audio Publishing Group,Paperback,496,2003,2003,2021/10/15,2021/10/14,,,read,,,,1,0
2715,Salt: A World History,Mark Kurlansky,"Kurlansky, Mark",,"=""0142001619""","=""9780142001615""",3,3.75,Penguin Books,Paperback,484,2003,2002,2021/10/15,2021/10/15,,,read,,,,1,0
286957,The Yellow Wall-Paper,Charlotte Perkins Gilman,"Gilman, Charlotte Perkins",Elaine R. Hedges,"=""1558611584""","=""9781558611580""",4,4.07,The Feminist Press at CUNY,Paperback,62,1996,1892,2021/10/15,2021/10/15,,,read,,,,1,0
9854,The End of Poverty: Economic Possibilities for Our Time,Jeffrey D. Sachs,"Sachs, Jeffrey D.",Bono,"=""0143036580""","=""9780143036586""",2,3.69,Penguin Books,Paperback,464,2006,2005,2021/10/15,2021/10/15,,,read,,,,1,0
6480781,Open,Andre Agassi,"Agassi, Andre","J.R. Moehringer, Андре Агаси","=""0307268195""","=""9780307268198""",3,4.32,Knopf,Hardcover,388,2009,2009,2021/10/15,2021/10/15,,,read,,,,1,0
25899336,When Breath Becomes Air,Paul Kalanithi,"Kalanithi, Paul",Abraham   Verghese,"=""0812988418""","=""9780812988413""",4,4.41,Random House,Kindle Edition,208,2016,2016,2021/10/15,2021/10/15,,,read,,,,1,0
11869272,"Behind the Beautiful Forevers: Life, Death, and Hope in a Mumbai Undercity",Katherine Boo,"Boo, Katherine",,"=""1400067553""","=""9781400067558""",4,3.98,Random House,Hardcover,278,2012,2012,2021/10/15,2021/10/15,,,read,,,,1,0
13187824,Abundance: The Future Is Better Than You Think (Exponential Technology Series),Peter H. Diamandis,"Diamandis, Peter H.",Steven Kotler,"=""1451614217""","=""9781451614213""",3,4.05,Free Press,Hardcover,400,2012,2012,2021/10/15,2021/10/15,,,read,,,,1,0
23364926,Unfair: The New Science of Criminal Injustice,Adam Benforado,"Benforado, Adam",,"=""0770437761""","=""9780770437763""",4,4.04,Crown,Hardcover,379,2015,2015,2021/10/15,2021/10/15,,,read,,,,1,0
1202,Freakonomics: A Rogue Economist Explores the Hidden Side of Everything,Steven D. Levitt,"Levitt, Steven D.",Stephen J. Dubner,"=""0061234001""","=""9780061234002""",3,4.01,William Morrow,Hardcover,268,2006,2005,2021/10/15,2021/10/12,,,read,,,,1,0
1097,Fast Food Nation: The Dark Side of the All-American Meal,Eric Schlosser,"Schlosser, Eric",,"=""0060838582""","=""9780060838584""",5,3.75,Harper Perennial,Paperback,383,2005,2001,2021/10/15,2021/10/14,,,read,,,,1,0
9791,A Walk in the Woods: Rediscovering America on the Appalachian Trail,Bill Bryson,"Bryson, Bill",,"=""0307279464""","=""9780307279460""",4,4.07,Vintage,Mass Market Paperback,397,2006,1998,2021/10/15,2021/10/14,,,read,,,,1,0
1869,Nickel and Dimed: On (Not) Getting By in America,Barbara Ehrenreich,"Ehrenreich, Barbara",,"=""0805063897""","=""9780805063899""",3,3.65,Owl Books (Henry Holt),Paperback,240,2002,2001,2021/10/14,2021/10/14,,,read,,,,1,0
29036,The Great Influenza: The Story of the Deadliest Pandemic in History,John M. Barry,"Barry, John M.",,"=""0143036491""","=""9780143036494""",4,3.98,Penguin Books,Paperback,546,2005,2004,2021/10/14,2021/10/14,,,read,,,,1,0
92057,The Autobiography of Malcolm X,Malcolm X,"X, Malcolm",Alex Haley,"=""""","=""""",3,4.37,Ballantine Books,Mass Market Paperback,466,2015,1965,2021/10/14,2021/10/14,,,read,,,,1,0
6346975,Moonwalking with Einstein: The Art and Science of Remembering Everything,Joshua Foer,"Foer, Joshua",,"=""159420229X""","=""9781594202292""",4,3.88,"Penguin Press HC, The",Hardcover,307,2011,2011,2021/10/14,2021/10/14,,,read,,,,1,0
1845,Into the Wild,Jon Krakauer,"Krakauer, Jon",,"=""0385486804""","=""9780385486804""",2,4.02,Anchor Books,Paperback,207,1997,1996,2021/10/14,2021/10/14,,,read,,,,1,0
6289283,"Born to Run: A Hidden Tribe, Superathletes, and the Greatest Race the World Has Never Seen",Christopher McDougall,"McDougall, Christopher",,"=""""","=""""",4,4.30,Knopf,Hardcover,287,2009,2009,2021/10/14,2021/10/14,,,read,,,,1,0
40885164,Unshakeable: Your Financial Freedom Playbook,Anthony Robbins,"Robbins, Anthony",Tony Robbins,"=""1501164600""","=""9781501164606""",4,4.06,Simon & Schuster,Kindle Edition,257,2017,2017,2021/10/14,2021/10/14,,,read,,,,1,0
23014006,MONEY Master the Game: 7 Simple Steps to Financial Freedom (Tony Robbins Financial Freedom Series),Anthony Robbins,"Robbins, Anthony",Tony Robbins,"=""1476757801""","=""9781476757803""",4,4.00,Simon & Schuster,Hardcover,688,2014,2014,2021/10/14,2021/10/14,,,read,,,,2,0
40792344,Mere Christianity,C.S. Lewis,"Lewis, C.S.",,"=""""","=""""",2,4.36,,Kindle Edition,98,2018,1952,2021/10/14,2021/10/14,,,read,,,,1,0
2767,A People’s History of the United States: 1492 - Present,Howard Zinn,"Zinn, Howard",,"=""0060838655""","=""9780060838652""",3,4.08,Harper Perennial,Paperback,729,1995,1980,2021/10/14,2021/10/14,,,read,,,,1,0
56850206,Not Today: The 9 Habits of Extreme Productivity,Erica  Schultz,"Schultz, Erica",Mike Schultz,"=""1953295339""","=""9781953295330""",4,3.72,BenBella Books,Kindle Edition,256,2021,2021,2021/10/14,2021/10/11,,,read,,,,1,0
7938275,"The Hunger Games Trilogy Boxset (The Hunger Games, #1-3)",Suzanne Collins,"Collins, Suzanne","Guillaume Fournier, Pilar Ramírez Tello, Hanna Hörl, Sylke Hachmeister, Peter Klöss","=""0545265355""","=""9780545265355""",5,4.50,Scholastic Press,Hardcover,1155,2010,2010,,2021/10/14,,,read,,,,1,0
13,"The Ultimate Hitchhiker’s Guide to the Galaxy (Hitchhiker's Guide to the Galaxy, #1-5)",Douglas Adams,"Adams, Douglas",,"=""0345453743""","=""9780345453747""",5,4.38,Del Rey Books,Paperback,815,2002,1996,,2021/10/14,,,read,,,,1,0
862041,"Harry Potter Series Box Set (Harry Potter, #1-7)",J.K. Rowling,"Rowling, J.K.",,"=""0545044251""","=""9780545044257""",5,4.73,Scholastic Inc.,Hardcover,4100,2007,2007,,2021/10/14,,,read,,,,1,0
17306293,"Shift (Silo, #2)",Hugh Howey,"Howey, Hugh",,"=""""","=""""",4,4.13,Broad Reach Publishing,Kindle Edition,579,2013,2013,2021/10/14,2021/10/12,,,read,,,,1,0
16902,"Walden or, Life in the Woods",Henry David Thoreau,"Thoreau, Henry David",Bill McKibben,"=""""","=""""",4,3.78,Princeton University Press,Paperback,352,2004,1854,2021/10/14,2021/09/24,,,read,,,,1,0
40718387,Time and How to Spend It: Seven Ways to Better Days,James Wallman,"Wallman, James",,"=""0753552663""","=""9780753552667""",3,3.52,Virgin Digital,Kindle Edition,320,2019,2019,2021/10/14,2021/10/11,,,read,,,,1,0
27139721,"15 Secrets Successful People Know About Time Management: The Productivity Habits of 7 Billionaires, 13 Olympic Athletes, 29 Straight-A Students, and 239 Entrepreneurs",Kevin E. Kruse,"Kruse, Kevin E.",,"=""0985056444""","=""9780985056445""",3,3.98,The Kruse Group,Kindle Edition,204,2015,2015,2021/10/14,2021/10/11,,,read,,,,1,0
42630336,"Stress Less, Accomplish More: The 15-Minute Meditation Programme for Extraordinary Performance",Emily Fletcher,"Fletcher, Emily",,"=""1509876162""","=""9781509876167""",5,3.83,Bluebird,Paperback,272,2019,,2021/10/14,2021/10/11,,,read,,,,1,0
222910,"The Two Towers (The Lord of the Rings, #2)",J.R.R. Tolkien,"Tolkien, J.R.R.",,"=""""","=""""",5,4.50,Ballantine Books,Mass Market Paperback,447,1973,1954,2021/01/01,2021/10/13,,,read,,,,1,0
838729,"The Return of the King (The Lord of the Rings, #3)",J.R.R. Tolkien,"Tolkien, J.R.R.",,"=""0345240340""","=""9780345240347""",5,4.58,Ballantine Books,Mass Market Paperback,385,1974,1955,2021/01/01,2021/10/13,,,read,,,,1,0
18635622,"A Knight of the Seven Kingdoms (The Tales of Dunk and Egg, #1-3)",George R.R. Martin,"Martin, George R.R.",Gary Gianni,"=""0345533488""","=""9780345533487""",4,4.25,Bantam Books,Hardcover,368,2015,2015,2021/10/13,2021/10/12,,,read,,,,1,0
46654,"The Foundation Trilogy (Foundation, #1-3)",Isaac Asimov,"Asimov, Isaac",,"=""0380508567""","=""9780380508563""",5,4.42,,Mass Market Paperback,679,1974,1953,,2021/10/12,,,read,,,,1,0
40395,"A Princess of Mars (Barsoom, #1)",Edgar Rice Burroughs,"Burroughs, Edgar Rice",John Seelye,"=""0143104888""","=""9780143104889""",3,3.81,Penguin Books,Paperback,186,2007,1912,2021/10/11,2021/10/03,,,read,,,,1,0
836076,Fransisco Toledo: Franz Kafka Report to an Academy,Graciela Toledo,"Toledo, Graciela",,"=""9689056018""","=""9789689056010""",4,3.73,Turner/D.A.P.,Hardcover,,2007,2007,2021/10/11,2021/10/10,,,read,,,,1,0
141352,A Hunger Artist (Short Prose of Franz Kafka),Franz Kafka,"Kafka, Franz","Helen Vlcnovska, Kevin Blahut","=""8090217117""","=""9788090217119""",5,4.09,Twisted Spoon Press,Hardcover,84,1996,1924,2021/10/11,2021/10/10,,,read,,,,1,0
180506,If the Universe Is Teeming with Aliens ... WHERE IS EVERYBODY?: Fifty Solutions to the Fermi Paradox and the Problem of Extraterrestrial Life,Stephen  Webb,"Webb, Stephen",,"=""0387955011""","=""9780387955018""",5,4.20,Copernicus Books,Hardcover,304,2002,2002,2021/10/10,2021/10/09,,,read,That's a true exercise in speculation.,,,1,0
3698,The Quiet American,Graham Greene,"Greene, Graham",Robert  Stone,"=""0143039024""","=""9780143039020""",3,3.98,Penguin Classics Deluxe Editions,Paperback,180,2004,1955,2021/10/09,2021/10/08,,,read,,,,1,0
40874325,The Shack: Where Tragedy Confronts Eternity,William Paul Young,"Young, William Paul",,"=""""","=""""",1,3.84,Windblown Media,Kindle Edition,294,2008,2007,2021/10/09,2021/10/08,,,read,,,,1,0
6149,"Beloved (Beloved Trilogy, #1)",Toni Morrison,"Morrison, Toni",,"=""""","=""9781400033416""",3,3.97,Vintage,Paperback,325,2004,1987,2021/10/09,2021/10/08,,,read,,,,1,0
5845,A Bend in the River,V.S. Naipaul,"Naipaul, V.S.",,"=""0330487140""","=""9780330487146""",3,3.77,Picador,Paperback,336,2002,1979,2021/10/09,2021/10/08,,,read,,,,1,0
18825,Money,Martin Amis,"Amis, Martin",,"=""0099461889""","=""9780099461883""",3,3.70,Vintage,Paperback,394,2005,1984,2021/10/09,2021/10/08,,,read,,,,1,0
149785,The Way We Live Now,Anthony Trollope,"Trollope, Anthony",,"=""1853262552""","=""9781853262555""",4,4.09,WORDSWORTH,Paperback,776,2012,1875,2021/10/09,2021/10/08,,,read,,,,1,0
13453029,"Wool Omnibus (Silo, #1)",Hugh Howey,"Howey, Hugh",,"=""""","=""""",5,6.60,Broad Reach Publishing,Paperback,509,2012,2012,2021/10/09,2021/10/08,,,read,,,,1,0
26852117,"Diary of an AssCan (The Martian, #0.5)",Andy Weir,"Weir, Andy",,"=""""","=""""",5,3.91,blog.whsmith.co.uk,ebook,4,2015,2015,2021/10/08,2021/10/04,,,read,,,,1,0
40450,Market Forces,Richard K. Morgan,"Morgan, Richard K.",,"=""0345457749""","=""9780345457745""",5,3.62,Ballantine Books,Paperback,464,2005,2004,2021/10/08,2021/10/06,,,read,,,,1,0
59716,To the Lighthouse,Virginia Woolf,"Woolf, Virginia",Eudora Welty,"=""""","=""""",3,3.81,Harvest Books,Paperback,209,1989,1927,2021/10/08,2021/10/08,,,read,,,,1,0
92364,Eye of the Needle,Ken Follett,"Follett, Ken",,"=""006074815X""","=""9780060748159""",2,4.21,William Morrow Paperbacks,Paperback,368,2004,1978,2021/07/04,2021/07/04,,,read,"Character building is good, but plot is really cliche and predictable. ",,,1,0
4929,Kafka on the Shore,Haruki Murakami,"Murakami, Haruki",Philip Gabriel,"=""""","=""""",4,4.12,Vintage International,Paperback,467,2006,2002,2021/10/07,2021/06/23,,,read,,,,1,0
27712,The Neverending Story,Michael Ende,"Ende, Michael",Ralph Manheim,"=""0525457585""","=""9780525457589""",3,4.18,Dutton Children's Books,Hardcover,396,1997,1979,2021/10/07,2021/10/04,,,read,,,,1,0
7784,The Lorax,Dr. Seuss,"Seuss, Dr.",,"=""0679889108""","=""9780679889106""",5,4.35,Random House Childrens Books,Hardcover,72,1998,1971,2021/10/07,2021/10/04,,,read,,,,1,0
18626866,Civil Disobedience,Henry David Thoreau,"Thoreau, Henry David",,"=""""","=""""",5,3.94,Public Domain Books,Kindle Edition,33,2012,1849,2021/10/06,2021/09/22,,,read,,,,1,0
161744,Common Sense,Thomas Paine,"Paine, Thomas",George Vafiadis,"=""0143036254""","=""9780143036258""",5,4.00,Penguin,Paperback,104,2005,1776,2021/10/06,2021/10/06,,,read,,,,1,0
5129,Brave New World,Aldous Huxley,"Huxley, Aldous",,"=""0060929871""","=""9780060929879""",5,4.00,HarperPerennial / Perennial Classics,Paperback,268,1998,1932,2021/02/10,2020/10/23,,,read,"Brave New World is philosophic horror story, which seems(to some people) realistic view of future and thus the horror is produced if that which is described in the book is morally bad to those people who think in that way. Part of this book is currently true like those short relationships(they're called one night-stands) and but that is only minor future prediction of Huxley's. So collectively this book hasn't come true, but IMO modern world is really hedonistic and probably only gets more hedonistic in time. In next chapter I will explain hedonism in modern context.<br/><br/><b>What is hedonism?</b><br/><br/>Hedonism is the easy path(totally cliché saying sorry) which requires no thinking and takes you out of the suffering of modern world(any world). But this hedonism doesn't lead anybody anywhere it only makes the person more miserable and easier to be pulled back to the hedonistic pleasures. This loop will continue ad infinitum(again and again forever) while person finds different kind of hedonistic pleasures since they have ran out of enjoyment in one pleasure. But many times this pleasure is raw kind of pleasure(watching TV, Netflix, video games, reading trash, scrolling black screen of Instagram or Tiktok), which is not controlled by you, but your brain's automatic pathways. But you say: ""I really like TV, Instagram(I also meet friends here) or whatever."" Indeed it's not your fault(if you want to fix it, make it your fault), but the culture of consumerism. Escaping this media black box mindset prison is not easy, since it entails giving up some consumerism propaganda and propably some of your ""friends"". But what kind of friend only cares how you show your lifestyle at Instagram or Facebook?  Consumerist friend(almost sounds like a joke, but it's kinda true I think)! All the productivity books ever say that you are the average of your friends, so the only way of sinking consumerism IMO is quiting all of these media sites or rather putting healthy limits to them(reward yourself for keeping boundaries), but ultimately if you don't get paid for using media or get any better at something then it's probably very bad way to spend time. My name is Vincent, will you care if I were to die? The same is true on the other direction also, since we don't have real relationship sadly. So the lesson hear is that anybody you meet online will never care if you life or die and that is not their fault, but just a fact that cannot(atleast currently) be fixed using internet(probably some VR set in future will make this kinda possible, which is scary IMO(in some ways atleast)). Next chapter I will explain how to life with consumerism and healthly with some hedonistic aspects of modern society.   <br/><br/><b>How to life a good life in 21st century?</b><br/><br/>I don't know about you, but in my experience we get more satisfaction from activities, that are challenging(not too much and not too little) and that either grow our character or our minds(or better both). So spending freetime exercising might be really good way of spending time, but here comes the tricky part. We never fully get rid of consumerism. Indeed reading this book is consumerism(IMO minimalist consumerism is good not anti-capitalist here). This consumerism should be mainly left behind, but since we people still have those urges here are some ground rules to control your life(tiktok ticking away every sentence you read(your life I mean, killing you more with every single word(hopefully more wise words that you usually read and thus I wanted to write this))). Ground rules for consumerism:<br/><br/>1. Cut rather than add(TV shows, books, podcasts)(I myself have problems with this, but I try to add things I myself enjoy rather than what other people enjoy and thus it's less consumerism and mor self-fulfillment). <br/><br/>2. Get into habit of cutting content out of your life using harsh questions(it's not easy to destroy using only question: ""do I need this?"", which is fine if you have great character, but what works better is: ""Should I die 40 minutes of watching Ancient Aliens TV series(consumerism at it's best(or rather worst)) activity?"")<br/><br/>3. Start making absolute judgements about where to spend your time(energy could be used as synonym). Spending time is black and white thinking, since there's always that opportunity cost(meaning you cannot do many things at same time). When you are planning, then you can think many ways, but when it comes down to it. You can only make one thing at one time or audiobook while running(which is big expection). <br/><br/>4. Listening is your best friend, since you can listen while doing boring chores and thus get the consumerist urgest under control. <br/><br/>5. Spending time with friends should be not multitasking and a friend that looks phone while being with you is not real friend, but rather a consumerist puppet(hedonistic probably, which is not your fault, but there are people who really listen to you without needing to type messages to somebody else(these people want to be somewhere else and not with person in front. So how can these anybody's friend?)).  <br/><br/>Those are the main rules I can come up. Next chapter is about achieving goals.<br/><br/><br/>Let's continue towards achieving something. First of all. Why should you try to achieve anything and what that anything should be? Achieving is cliche, but under cliche lies some truth(more truth than blindless consumerism(consuming everything(I've been there, just look at my Goodreads account, which is also starting to be under my control))). Back to the point. Achieving awakens soul from inertia, which comes from staying too long at same point. I don't know why this happens, but it happens after you really achieve something, so while cannot find any philosophical justification we just must accept this as truth that comes from experience. Basically awakening from inertia means that you grow more confident and feeling better at your own skin. If your achiement is too easy, then you will not feel this same feeling, it must be challenging in some way in order to feel this(studying something boring, exercising past endurance or just beating procastination and after that studying something boring). This must be challenging, since how can you feel like you're moving forward as a person, if you cannot proof yourself, that you can do better? This proof that you can do better is ultimately what makes person happy. Just think about when you felt most bad about yourself: When you were partying with your friends and drinking alcohol? Or doing something despite not wanting to? The latter is ultimately what makes person happy, since it proves their virtue to themselves. Prooving virtue is good life while not prooving this is ironically the more unhappy and miserable one even though prooving virtue is harder(in some ways). <br/><br/><br/><b>How to improve virtue?</b><br/><br/>Virtue should be side goal of doing something. Virtue cannot fully be gotten from books, but some books are good companions to have. No not talking about some trash self-help books(some classics are fine), but more rigorous philosophy books. I recommend books from Seneca, Shopenhauer, Epikuros(to understand hedonism), Aristoteles and Socrates. You do not need to read all of the books, mainly books that describe good living and thus help you to reach your own conclusions and awaken those sleeping brainpathways. These philosophers will give rigour to your thinking, which will go far, but after and during time of philosophical training(200h is enough(read books take notes and discuss with them about 10+ books(2 from each philosopher))) you should have some goal to awaken you from the inertia of being too long only yourself and not adding proof of virtue to you for long time. Reading philosophers is kinda hard goal, but once you get soul out of that box of inertia, it will not feel like anything. But start with something, like downloading some anti action audiobook or something(be creative, but remember that consumerism is always right around corner getting you into that rabbit hole of just consuming little bit more and not anything of value, like Seneca said: ""Everything is nowhere"" and thus just find something that is valuable and but it on loop rather than always trying to find better information).<br/><br/>Best of wishes from Vincent, hopefully this helps you. Ask any questions if needed so I may clarify.<br/>Also one clear book to start with is Seneca's Letters From a Stoic, which I'm also rereading for n:th time, since I find it a book full of wisdom of age.",,,1,0
131359,"Death on the Nile (Hercule Poirot, #18)",Agatha Christie,"Christie, Agatha",,"=""""","=""""",4,4.12,Bantam Books,Paperback,352,1978,1937,2021/10/06,2021/10/04,,,read,,,,1,0
16322,"The A.B.C. Murders (Hercule Poirot, #13)",Agatha Christie,"Christie, Agatha",,"=""1579126243""","=""9781579126247""",3,4.03,Black Dog & Leventhal Publishers,Hardcover,232,2006,1936,2021/10/06,2021/10/04,,,read,,,,1,0
16328,"The Murder of Roger Ackroyd (Hercule Poirot, #4)",Agatha Christie,"Christie, Agatha",,"=""1579126278""","=""9781579126278""",4,4.26,Black Dog & Leventhal Publishers,Hardcover,288,2006,1926,2021/10/06,2021/10/04,,,read,,,,1,0
52843028,"The Mysterious Affair at Styles (Hercule Poirot, #1)",Agatha Christie,"Christie, Agatha",,"=""1734452595""","=""9781734452594""",4,4.00,Warbler Classics,Paperback,174,2020,1920,2021/10/06,2021/10/04,,,read,,,,1,0
38703,"Small Steps (Holes, #2)",Louis Sachar,"Sachar, Louis",,"=""0385733143""","=""9780385733144""",1,3.76,Delacorte Books for Young Readers,Hardcover,272,2006,2006,2021/10/06,2021/10/04,,,read,,,,1,0
38709,"Holes (Holes, #1)",Louis Sachar,"Sachar, Louis",,"=""0439244196""","=""9780439244190""",1,4.01,Scholastic,Paperback,272,2000,1998,2021/10/06,2021/10/04,,,read,,,,1,0
13214,"I Know Why the Caged Bird Sings (Maya Angelou's Autobiography, #1)",Maya Angelou,"Angelou, Maya",,"=""0553279378""","=""9780553279375""",4,4.30,Bantam Books,Paperback,289,1993,1969,2021/10/06,2021/10/04,,,read,,,,1,0
6527740,"Last Sacrifice (Vampire Academy, #6)",Richelle Mead,"Mead, Richelle",,"=""1595143068""","=""9781595143068""",2,4.37,Razorbill,Hardcover,594,2010,2010,2021/10/06,2021/10/04,,,read,,,,1,0
6479259,"Spirit Bound (Vampire Academy, #5)",Richelle Mead,"Mead, Richelle",,"=""1595142509""","=""9781595142504""",2,4.32,Razorbill,Hardcover,489,2010,2010,2021/10/06,2021/10/04,,,read,,,,1,0
5996153,"Blood Promise (Vampire Academy, #4)",Richelle Mead,"Mead, Richelle",,"=""1595141987""","=""9781595141989""",2,4.30,Razorbill,Hardcover,503,2009,2009,2021/10/06,2021/10/04,,,read,,,,1,0
2802316,"Shadow Kiss (Vampire Academy, #3)",Richelle Mead,"Mead, Richelle",,"=""1595141979""","=""9781595141972""",2,4.33,Razorbill,Paperback,443,2008,2008,2021/10/06,2021/10/04,,,read,,,,1,0
2282133,"Frostbite (Vampire Academy, #2)",Richelle Mead,"Mead, Richelle",,"=""""","=""""",3,4.25,Razorbill,Paperback,327,2008,2008,2021/10/06,2021/10/04,,,read,,,,1,0
345627,"Vampire Academy (Vampire Academy, #1)",Richelle Mead,"Mead, Richelle",,"=""159514174X""","=""9781595141743""",3,4.10,Razorbill,Paperback,332,2007,2007,2021/01/01,2021/10/04,,,read,,,,1,0
3236307,"Graceling (Graceling Realm, #1)",Kristin Cashore,"Cashore, Kristin",,"=""015206396X""","=""9780152063962""",3,4.06,Harcourt,Hardcover,471,2008,2008,2021/10/06,2021/10/04,,,read,,,,1,0
6137154,"Fire (Graceling Realm, #2)",Kristin Cashore,"Cashore, Kristin",,"=""0803734611""","=""9780803734616""",2,4.10,Dial Books,Hardcover,480,2009,2009,2021/10/06,2021/10/04,,,read,,,,1,0
12680907,"Bitterblue (Graceling Realm, #3)",Kristin Cashore,"Cashore, Kristin",Ian Schoenherr,"=""0803734735""","=""9780803734739""",2,4.00,Dial,Hardcover,576,2012,2012,2021/10/06,2021/10/04,,,read,,,,1,0
18705209,"The Blood of Olympus (The Heroes of Olympus, #5)",Rick Riordan,"Riordan, Rick",,"=""""","=""""",3,4.43,Disney-Hyperion Books,Hardcover,516,2014,2014,2021/10/06,2021/10/04,,,read,,,,1,0
12127810,"The House of Hades (The Heroes of Olympus, #4)",Rick Riordan,"Riordan, Rick",,"=""1423146727""","=""9781423146728""",3,4.57,Disney-Hyperion Books,Hardcover,597,2013,2013,2021/10/06,2021/10/04,,,read,,,,1,0
12127750,"The Mark of Athena (The Heroes of Olympus, #3)",Rick Riordan,"Riordan, Rick",,"=""1423140605""","=""9781423140603""",3,4.47,Disney-Hyperion Books,Hardcover,586,2012,2012,2021/10/06,2021/10/04,,,read,,,,1,0
7736182,"The Lost Hero (The Heroes of Olympus, #1)",Rick Riordan,"Riordan, Rick",,"=""142311339X""","=""9781423113393""",5,4.29,Disney-Hyperion Books,Hardcover,576,2010,2010,2021/10/06,2021/10/04,,,read,,,,1,0
9520360,"The Son of Neptune (The Heroes of Olympus, #2)",Rick Riordan,"Riordan, Rick",,"=""1423140591""","=""9781423140597""",4,4.40,Disney-Hyperion Books,Hardcover,521,2011,2011,2021/10/06,2021/10/04,,,read,,,,1,0
7171637,"Clockwork Angel (The Infernal Devices, #1)",Cassandra Clare,"Clare, Cassandra",,"=""1416975861""","=""9781416975861""",4,4.31,Margaret K. McElderry Books,Hardcover,479,2010,2010,2021/10/06,2021/10/04,,,read,,,,1,0
10025305,"Clockwork Prince (The Infernal Devices, #2)",Cassandra Clare,"Clare, Cassandra",,"=""1416975888""","=""9781416975885""",3,4.42,Margaret K. McElderry Books,Hardcover,498,2011,2011,2021/10/06,2021/10/04,,,read,,,,1,0
18335634,"Clockwork Princess (The Infernal Devices, #3)",Cassandra Clare,"Clare, Cassandra",,"=""1406321346""","=""9781406321340""",3,4.55,Walker Books Ltd,Paperback,567,2013,2013,2021/10/06,2021/10/04,,,read,,,,1,0
2744,Anansi Boys,Neil Gaiman,"Gaiman, Neil",,"=""0060515198""","=""9780060515195""",3,4.04,HarperCollins HarperTorch,Mass Market Paperback,387,2006,2005,2021/10/06,2021/10/04,,,read,,,,1,0
36381037,"Cinder (The Lunar Chronicles, #1)",Marissa Meyer,"Meyer, Marissa",,"=""""","=""""",3,4.13,Feiwel & Friends,Hardcover,400,2012,2012,2021/10/06,2021/10/04,,,read,,,,1,0
30165203,American Gods,Neil Gaiman,"Gaiman, Neil",,"=""""","=""""",4,4.10,William Morrow,Kindle Edition,635,2011,2001,2021/10/06,2021/10/04,,,read,,,,1,0
3682,"A Great and Terrible Beauty (Gemma Doyle, #1)",Libba Bray,"Bray, Libba",,"=""0689875347""","=""9780689875342""",2,3.80,Simon and Schuster,Hardcover,403,2003,2003,2021/10/06,2021/10/04,,,read,,,,1,0
51428,"Rebel Angels (Gemma Doyle, #2)",Libba Bray,"Bray, Libba",,"=""0385733410""","=""9780385733410""",2,3.95,Ember,Paperback,548,2005,2004,2021/10/06,2021/10/04,,,read,,,,1,0
13206900,"Winter (The Lunar Chronicles, #4)",Marissa Meyer,"Meyer, Marissa",,"=""0312642989""","=""9780312642983""",3,4.41,Feiwel & Friends,Hardcover,827,2015,2015,2021/10/06,2021/10/04,,,read,,,,1,0
22489107,"Fairest (The Lunar Chronicles, #3.5)",Marissa Meyer,"Meyer, Marissa",,"=""1250060559""","=""9781250060556""",3,3.94,Feiwel & Friends,Hardcover,272,2015,2015,2021/10/06,2021/10/04,,,read,,,,1,0
13206760,"Scarlet (The Lunar Chronicles, #2)",Marissa Meyer,"Meyer, Marissa",,"=""0312642962""","=""9780312642969""",3,4.24,Feiwel & Friends,Hardcover,454,2013,2013,2021/10/06,2021/10/04,,,read,,,,1,0
13206828,"Cress (The Lunar Chronicles, #3)",Marissa Meyer,"Meyer, Marissa",,"=""0312642970""","=""9780312642976""",2,4.40,Feiwel & Friends,Hardcover,552,2014,2014,2021/10/06,2021/10/04,,,read,,,,1,0
21535271,"The Slow Regard of Silent Things (The Kingkiller Chronicle, #2.5)",Patrick Rothfuss,"Rothfuss, Patrick",Nate Taylor,"=""0756410436""","=""9780756410438""",3,3.87,DAW Books,Hardcover,159,2014,2014,2021/10/06,2021/10/04,,,read,,,,1,0
1215032,"The Wise Man's Fear (The Kingkiller Chronicle, #2)",Patrick Rothfuss,"Rothfuss, Patrick",,"=""0756404738""","=""9780756404734""",4,4.55,DAW Books,Hardcover,994,2011,2011,2021/10/06,2021/10/04,,,read,,,,1,0
186074,"The Name of the Wind (The Kingkiller Chronicle, #1)",Patrick Rothfuss,"Rothfuss, Patrick",,"=""075640407X""","=""9780756404079""",3,4.52,Penguin Group DAW,Hardcover,662,2007,2007,2021/10/06,2021/10/04,,,read,,,,1,0
2536134,"Gone (Gone, #1)",Michael  Grant,"Grant, Michael",,"=""0061448761""","=""9780061448768""",2,3.87,Katherine Tegen Books,Hardcover,560,2008,2008,2021/10/06,2021/10/04,,,read,,,,1,0
8318666,"The Land of Painted Caves (Earth's Children, #6)",Jean M. Auel,"Auel, Jean M.",,"=""0517580519""","=""9780517580516""",3,3.45,Random House Crown Publishers,Hardcover,828,2011,2011,2021/10/06,2021/10/04,,,read,,,,1,0
256008,"Lonesome Dove (Lonesome Dove, #1)",Larry McMurtry,"McMurtry, Larry",,"=""067168390X""","=""9780671683900""",3,4.56,Pocket Books,Mass Market Paperback,960,1999,1985,2021/10/06,2021/10/04,,,read,,,,1,0
46544,"The Shelters of Stone (Earth's Children, #5)",Jean M. Auel,"Auel, Jean M.",,"=""0553382616""","=""9780553382617""",2,3.87,Bantam,Mass Market Paperback,891,2004,2002,2021/10/06,2021/10/04,,,read,,,,1,0
74389,"The Plains of Passage (Earth's Children, #4)",Jean M. Auel,"Auel, Jean M.",,"=""0553381652""","=""9780553381658""",3,3.86,Random House Publishing Group,Mass Market Paperback,784,2002,1990,2021/10/06,2021/10/04,,,read,,,,1,0
49824,"The Mammoth Hunters (Earth's Children, #3)",Jean M. Auel,"Auel, Jean M.",,"=""0553381644""","=""9780553381641""",3,3.96,Bantam,Paperback,688,2002,1985,2021/10/06,2021/10/04,,,read,,,,1,0
40493,"The Valley of Horses (Earth's Children, #2)",Jean M. Auel,"Auel, Jean M.",Sandra Burr,"=""0553381660""","=""9780553381665""",3,4.04,Bantam,Paperback,564,2002,1982,2021/10/06,2021/10/04,,,read,,,,1,0
40611463,"The Clan of the Cave Bear (Earth's Children, #1)",Jean M. Auel,"Auel, Jean M.",,"=""""","=""""",4,4.10,Bantam ,Kindle Edition,516,2016,1980,2021/10/06,2021/10/04,,,read,,,,1,0
40909452,"Drums of Autumn (Outlander, #4)",Diana Gabaldon,"Gabaldon, Diana",,"=""0525618732""","=""9780525618737""",3,4.36,Bantam,Paperback,928,2018,1996,2021/10/05,2021/10/04,,,read,,,,1,0
10967,"The Fiery Cross (Outlander, #5)",Diana Gabaldon,"Gabaldon, Diana",,"=""0440221668""","=""9780440221661""",3,4.26,Dell,Mass Market Paperback,1443,2005,2001,2021/10/05,2021/10/04,,,read,,,,1,0
10965,"A Breath of Snow and Ashes (Outlander, #6)",Diana Gabaldon,"Gabaldon, Diana",,"=""0385340397""","=""9780385340397""",3,4.44,Bantam Books,Paperback,1008,2014,2005,2021/10/05,2021/10/04,,,read,,,,1,0
2832909,"An Echo in the Bone (Outlander, #7)",Diana Gabaldon,"Gabaldon, Diana",,"=""0752898477""","=""9780752898476""",2,4.44,Orion,Hardcover,820,2010,2009,2021/10/05,2021/10/04,,,read,,,,1,0
11710373,"Written in My Own Heart's Blood (Outlander, #8)",Diana Gabaldon,"Gabaldon, Diana",,"=""0385344430""","=""9780385344432""",2,4.55,Delacorte Press,Hardcover,842,2014,2014,2021/10/05,2021/10/04,,,read,,,,1,0
5364,"Dragonfly in Amber (Outlander, #2)",Diana Gabaldon,"Gabaldon, Diana",,"=""""","=""""",3,4.34,Bantam,Paperback,947,2001,1992,2021/10/05,2021/10/04,,,read,,,,1,0
10987,"Voyager (Outlander, #3)",Diana Gabaldon,"Gabaldon, Diana",,"=""0385335997""","=""9780385335997""",4,4.39,Dell,Paperback,870,2001,1993,2021/10/05,2021/10/04,,,read,,,,1,0
10964,"Outlander (Outlander, #1)",Diana Gabaldon,"Gabaldon, Diana",,"=""0440242940""","=""9780440242949""",3,4.26,Dell,Mass Market Paperback,850,2005,1991,2021/10/05,2021/10/04,,,read,,,,1,0
181886,"Marion Zimmer Bradley's Ancestors of Avalon (Avalon, #5)",Diana L. Paxson,"Paxson, Diana L.",Marion Zimmer Bradley,"=""0451460286""","=""9780451460288""",2,3.91,Roc,Paperback,360,2005,2004,2021/10/05,2021/10/04,,,read,,,,1,0
84552,"Priestess of Avalon (Avalon, #4)",Marion Zimmer Bradley,"Bradley, Marion Zimmer",Diana L. Paxson,"=""0451458621""","=""9780451458629""",3,4.05,Penguin Publishing Group,Paperback,416,2002,2000,2021/10/05,2021/10/04,,,read,,,,1,0
18889,"Lady of Avalon (Avalon, #3)",Marion Zimmer Bradley,"Bradley, Marion Zimmer",Diana L. Paxson,"=""0788720392""","=""9780788720390""",3,3.92,Recorded Books LLC,Paperback,460,1998,1982,2021/10/05,2021/10/04,,,read,,,,1,0
18892,"The Forest House (Avalon, #2)",Marion Zimmer Bradley,"Bradley, Marion Zimmer",,"=""0451454243""","=""9780451454249""",3,3.88,Ace,Paperback,462,1995,1992,2021/10/05,2021/10/04,,,read,,,,1,0
40605251,"The Mists of Avalon (Avalon, #1)",Marion Zimmer Bradley,"Bradley, Marion Zimmer",,"=""""","=""""",3,4.13,Ballantine Books,Kindle Edition,1009,2018,1982,2021/10/05,2021/10/04,,,read,,,,1,0
29981,The Island of Dr. Moreau,H.G. Wells,"Wells, H.G.",Alan Lightman,"=""0553214322""","=""9780553214321""",5,3.73,Bantam Classic & Loveswept,Unknown Binding,160,1999,1896,2021/10/05,2021/10/03,,,read,,,,1,0
39999,The Boy in the Striped Pajamas,John Boyne,"Boyne, John",,"=""0385751079""","=""9780385751070""",2,4.16,David Fickling Books,Hardcover,224,2006,2006,2021/10/05,2021/10/04,,,read,,,,1,0
310259,Love You Forever,Robert Munsch,"Munsch, Robert",Sheila McGraw,"=""0920668372""","=""9780920668375""",2,4.38,Firefly Books,Paperback,32,1995,1986,2021/10/05,2021/10/04,,,read,,,,1,0
144974,The Velveteen Rabbit,Margery Williams Bianco,"Bianco, Margery Williams",William   Nicholson,"=""0380002558""","=""9780380002559""",2,4.31,Avon,Paperback,40,1987,1922,2021/10/05,2021/10/04,,,read,,,,1,0
113946,How the Grinch Stole Christmas!,Dr. Seuss,"Seuss, Dr.",,"=""0007173040""","=""9780007173044""",5,4.38,Harper Collins Children's Books,Hardcover,64,2004,1957,2021/10/05,2021/10/04,,,read,,,,1,0
17250,The Crucible,Arthur Miller,"Miller, Arthur",Christopher W.E. Bigsby,"=""0142437336""","=""9780142437339""",3,3.61,Penguin Books,Paperback,143,2003,1953,2021/10/05,2021/10/04,,,read,,,,1,0
40940121,Bridge to Terabithia,Katherine Paterson,"Paterson, Katherine",,"=""""","=""""",3,4.06,HarperCollins,Kindle Edition,190,2009,1977,2021/10/05,2021/10/04,,,read,,,,1,0
2318271,The Last Lecture,Randy Pausch,"Pausch, Randy",Jeffrey Zaslow,"=""1401323251""","=""9781401323257""",3,4.26,Hachette Books,Hardcover,206,2008,2008,2021/10/05,2021/10/04,,,read,,,,1,0
22628,The Perks of Being a Wallflower,Stephen Chbosky,"Chbosky, Stephen",,"=""""","=""""",3,4.24,MTV Books/Pocket Books,Hardcover,213,1999,1999,2021/10/05,2021/10/04,,,read,,,,1,0
35545737,A Walk to Remember,Nicholas Sparks,"Sparks, Nicholas",,"=""""","=""""",2,4.20,Grand Central Publishing ,Kindle Edition,215,2017,1999,2021/10/05,2021/10/04,,,read,,,,1,0
37415,Their Eyes Were Watching God,Zora Neale Hurston,"Hurston, Zora Neale",,"=""0061120065""","=""9780061120060""",3,3.99,Amistad,Paperback,238,2006,1937,2021/10/05,2021/10/04,,,read,,,,1,0
17383917,The Screwtape Letters,C.S. Lewis,"Lewis, C.S.",,"=""0062023179""","=""9780062023179""",2,4.27,HarperOne,Hardcover,223,2013,1942,2021/10/05,2021/10/04,,,read,,,,1,0
36236124,Fight Club,Chuck Palahniuk,"Palahniuk, Chuck",,"=""0393355942""","=""9780393355949""",4,4.18,W. W. Norton & Company,Paperback,224,2018,1996,2021/10/05,2021/10/04,,,read,,,,1,0
39988,Matilda,Roald Dahl,"Dahl, Roald",Quentin Blake,"=""043512398X""","=""9780435123987""",2,4.33,New Windmills,Hardcover,240,1992,1988,2021/10/05,2021/10/04,,,read,,,,1,0
343,Perfume: The Story of a Murderer,Patrick Süskind,"Süskind, Patrick",John E. Woods,"=""""","=""""",5,4.04,Penguin Books,Paperback,263,1987,1985,2021/10/05,2021/10/04,,,read,,,,1,0
10365,Where the Red Fern Grows,Wilson Rawls,"Rawls, Wilson",,"=""0375806814""","=""9780375806810""",2,4.12,Yearling,Mass Market Paperback,272,2000,1961,2021/10/05,2021/10/04,,,read,,,,1,0
10799,A Farewell to Arms,Ernest Hemingway,"Hemingway, Ernest",,"=""0099910101""","=""9780099910107""",3,3.82,Arrow Books,Paperback,293,2004,1929,2021/10/05,2021/10/04,,,read,,,,1,0
2213661,The Graveyard Book,Neil Gaiman,"Gaiman, Neil",Dave McKean,"=""0060530928""","=""9780060530921""",3,4.16,HarperCollins,Hardcover,312,2008,2008,2021/10/05,2021/10/04,,,read,,,,1,0
4989,The Red Tent,Anita Diamant,"Diamant, Anita",,"=""0312353766""","=""9780312353766""",3,4.20,St. Martin's Press,Hardcover,324,1997,1997,2021/10/05,2021/10/04,,,read,,,,1,0
168642,In Cold Blood,Truman Capote,"Capote, Truman",,"=""0679745580""","=""9780679745587""",3,4.09,Vintage,Paperback,343,1994,1966,2021/10/05,2021/10/04,,,read,,,,1,0
7763,The Joy Luck Club,Amy Tan,"Tan, Amy",,"=""""","=""""",4,3.97,Penguin (Non-Classics),Paperback,288,2006,1989,2021/10/05,2021/10/04,,,read,,,,1,0
21787,The Princess Bride,William Goldman,"Goldman, William",,"=""0345418263""","=""9780345418265""",3,4.27,Ballantine Books,Paperback,429,2003,1973,2021/10/05,2021/10/04,,,read,,,,1,0
12067,"Good Omens: The Nice and Accurate Prophecies of Agnes Nutter, Witch",Terry Pratchett,"Pratchett, Terry",Neil Gaiman,"=""""","=""""",3,4.25,William Morrow Paperbacks,Mass Market Paperback,491,2006,1990,2021/10/05,2021/10/04,,,read,,,,1,0
2187,Middlesex,Jeffrey Eugenides,"Eugenides, Jeffrey",,"=""0312422156""","=""9780312422158""",3,4.04,Picador USA,Paperback,529,2002,2002,2021/10/05,2021/10/04,,,read,,,,1,0
119073,The Name of the Rose,Umberto Eco,"Eco, Umberto",William Weaver,"=""0156001314""","=""9780156001311""",4,4.14,Houghton Mifflin Harcourt,Paperback,552,1994,1980,2021/10/05,2021/10/04,,,read,,,,1,0
3412,The Thorn Birds,Colleen McCullough,"McCullough, Colleen",,"=""""","=""""",3,4.25,Avon Books,Mass Market Paperback,692,1977,1977,2021/10/05,2021/10/04,,,read,,,,1,0
546018,Roots: The Saga of an American Family,Alex Haley,"Haley, Alex",,"=""0440174643""","=""9780440174646""",4,4.45,Dell,Mass Market Paperback,729,1980,1976,2021/10/05,2021/10/04,,,read,,,,1,0
830502,It,Stephen        King,"King, Stephen",,"=""0450411435""","=""9780450411434""",4,4.24,New English Library,Paperback,1184,1987,1986,2021/10/05,2021/10/04,,,read,,,,1,0
54270,Mein Kampf,Adolf Hitler,"Hitler, Adolf","Ralph Manheim, Serpil Yener","=""0395083621""","=""9780395083628""",1,3.17,Houghton Mifflin Company,Paperback,384,1973,,2021/10/05,2021/01/25,,,read,,,,1,0
143534,The Gift of the Magi,O. Henry,"Henry, O.",Lisbeth Zwerger,"=""141693586X""","=""9781416935865""",3,4.11,Simon & Schuster Books for Young Readers,Hardcover,26,2006,1905,2021/10/05,2021/10/04,,,read,,,,1,0
15986051,The Star,H.G. Wells,"Wells, H.G.",Goran Lowie,"=""""","=""""",5,3.64,eBooks@Adelaide,ebook,15,,1897,2021/10/05,2021/10/05,,,read,,,,1,0
432075,Humble Pie,Gordon Ramsay,"Ramsay, Gordon",,"=""0007229682""","=""9780007229680""",5,3.82,HarperTorch,Paperback,331,2007,2006,2021/10/05,2021/10/05,,,read,,,,1,0
3431,The Five People You Meet in Heaven,Mitch Albom,"Albom, Mitch",,"=""0786868716""","=""9780786868711""",2,4.01,Hyperion,Hardcover,196,2003,2003,2021/07/28,2021/07/28,,,read,Books just enumerates all Christian values.,,,1,0
16640,The Sorrows of Young Werther,Johann Wolfgang von Goethe,"Goethe, Johann Wolfgang von","Burton Pike, R. Dillon Boylan, Elizabeth Wolff Mayer","=""0812969901""","=""9780812969900""",4,3.69,Modern Library,Paperback,149,2005,1774,2021/10/02,2021/10/02,,,read,,,,1,0
982310,Phaedo,Plato,"Plato, Plato","David Gallop, R.D. Archer-Hind","=""0192839535""","=""9780192839534""",5,4.07,Oxford University Press,Paperback,144,1993,-380,2021/10/02,2021/09/24,,,read,,,,1,0
925082,"Wage-Labour and Capital & Value, Price and Profit",Karl Marx,"Marx, Karl",,"=""9998995027""","=""9789998995024""",2,4.36,"Synergy International of the Americas, Ltd",Hardcover,62,2006,1849,2021/10/02,2021/09/04,,,read,,,,1,0
186723,On the Duty of Civil Disobedience,Henry David Thoreau,"Thoreau, Henry David",,"=""1406809756""","=""9781406809756""",5,3.94,Echo Library,Paperback,240,2006,1849,2021/10/01,2021/10/01,,,read,,,,1,0
50839379,Avaruudesta,Esko Valtaoja,"Valtaoja, Esko",,"=""9525985717""","=""9789525985719""",4,3.83, Tähtitieteellinen yhdistys Ursa,Hardcover,158,2019,2019,2021/10/01,2021/09/30,,,read,,,,1,0
35744272,Quotations from Chairman Mao Tse-tung: Mao’s Little Red Book Original Version,Mao Zedong,"Zedong, Mao",,"=""1547154357""","=""9781547154357""",1,3.49,CreateSpace Independent Publishing Platform,Paperback,26,2017,1964,2021/09/26,2021/09/06,,,read,,,,1,0
9484676,The Twelve Labours of Heracles (Orchard Myths),MCCAUGHREAN,"MCCAUGHREAN, MCCAUGHREAN",,"=""1860395309""","=""9781860395307""",5,3.70,Orchard,Paperback,48,1998,,2021/09/24,2021/09/24,,,read,,,,1,0
9023626,All of Astronomy,Fred Watson,"Watson, Fred",,"=""1921209739""","=""9781921209734""",5,4.57,Trans Atlantic Press,Hardcover,524,2011,2007,2021/09/23,2021/05/22,,,read,"Great for beginners. Book has big picture of astronomy and only lacks details, but it also explains some of those.",,,1,0
152380,"Mary Poppins (Mary Poppins, #1)",P.L. Travers,"Travers, P.L.",Mary Shepard,"=""0152058109""","=""9780152058104""",3,4.01,Clarion Books,Hardcover,209,2006,1934,2021/09/22,2021/09/22,,,read,,,,1,0
511614,"The 101 Dalmatians (The Hundred and One Dalmatians, #1)",Dodie Smith,"Smith, Dodie",Michael Dooling,"=""0760704066""","=""9780760704066""",3,4.12,Barnes Noble,Hardcover,184,1996,1956,2021/09/22,2021/09/22,,,read,,,,1,0
34431560,Discipline Equals Freedom: Field Manual,Jocko Willink,"Willink, Jocko",,"=""""","=""""",5,4.09,St. Martin's Press,Kindle Edition,209,2017,2017,2021/09/19,2021/09/19,,,read,,,,1,0
57169618,A Rare Recording of Wernher von Braun,Wernher von Braun,"Braun, Wernher von",,"=""1593168624""","=""9781593168629""",4,2.33,Listen & Live Audio,Audiobook,,2019,1966,2021/09/18,2021/09/18,,,read,,,,1,0
1842,"Guns, Germs, and Steel: The Fates of Human Societies",Jared Diamond,"Diamond, Jared",,"=""0739467352""","=""9780739467350""",5,4.04,W.W. Norton & Company,Paperback,498,2005,1997,2021/09/18,2021/01/13,,,read,Basically explains why learn geography and not nation names(that's man-made fake geography).,,,1,0
56036630,"Taking Care of Yourself (HBR Working Parents, #2)",Harvard Business Review,"Review, Harvard Business","Daisy Dowling, Stewart D. Friedman, Scott Behson, Heidi Grant, Joe Hempel, Rachel Perry","=""""","=""""",4,3.56,Gildan Media,Audible Audio,,2020,2020,2021/09/11,2021/09/09,,,read,,,,1,0
28116769,"Rasputin: Faith, Power, and the Twilight of the Romanovs",Douglas   Smith,"Smith, Douglas",,"=""0374240841""","=""9780374240844""",4,3.91,"Farrar, Straus and Giroux",Hardcover,848,2016,2016,2021/09/08,2021/07/23,,,read,,,,1,0
302625,Nemesis,Isaac Asimov,"Asimov, Isaac",,"=""0553286285""","=""9780553286281""",4,3.81,Bantam/Spectra,Mass Market Paperback,386,1990,1989,2021/09/04,2021/06/01,,,read,"Yet to read really bad scifi book(those exist, but I think scifi is better in imagination than normal prose).",,,1,0
275280,Oscar Wilde,Frank  Harris,"Harris, Frank",George Bernard Shaw,"=""0786704799""","=""9780786704798""",4,3.86,Carroll & Graf,Paperback,368,1997,1912,2021/09/01,2021/08/29,,,read,,,,1,0
21874660,Imprudent King: A New Life of Philip II,Geoffrey Parker,"Parker, Geoffrey",,"=""0300196539""","=""9780300196535""",4,3.92,Yale University Press,Hardcover,456,2014,2014,2021/09/03,2021/07/23,,,read,,,,1,0
12609433,The Power of Habit: Why We Do What We Do in Life and Business,Charles Duhigg,"Duhigg, Charles",,"=""1400069289""","=""9781400069286""",4,4.13,Random House,Hardcover,375,2012,2012,2021/09/02,2020/10/23,,,read,,,,1,0
21182,The Wisdom of Life,Arthur Schopenhauer,"Schopenhauer, Arthur",T. Bailey Saunders,"=""0486435504""","=""9780486435503""",5,4.07,Dover Publications,Paperback,77,2004,1851,2021/09/01,2021/01/24,,,read,,,,1,0
65459,Adolf Hitler,John  Toland,"Toland, John",,"=""0385420536""","=""9780385420532""",5,4.24,Anchor,Paperback,1120,1992,1958,2021/08/31,2021/07/15,,,read,"Well that's different kind of career for artist. This book clears any doubts about Hitler being mad, since if you sleep, are admired by everyone and after this take morfine, then it's no wonder you make really bad decisions(Final solution, Barbarossa, etc...). So while Hitler is the devil himself I don't think he was a madman, but the lifestyle was just too unhealthy. Then also those decisions cannot be forgiven, since this was no madman, but person who had all the responsibility in Germany. Yet communist dictators Mao and Stalin have more bodies under their rule. But at some point you kinda cannot become more evil(1mil killed or 1 mil 100k doesn't make big difference). So all these idiots are on same evilness level with each other.",,,1,0
10664113,"A Dance with Dragons (A Song of Ice and Fire, #5)",George R.R. Martin,"Martin, George R.R.",,"=""""","=""""",5,4.34,Random House Worlds,Kindle Edition,1125,2011,2011,2021/08/28,2021/01/11,,,read,Now my waiting for the winter beguns.,,,1,1
12210847,Tuhat ja yksi yötä; Nide 1 - 3 valmis,Anonymous,"Anonymous, Anonymous",J.A. Hollo,"=""9510169919""","=""""",5,3.88,WSOY,Hardcover,1075,1997,,2021/08/28,2021/06/22,,,read,,,,1,0
3836,Don Quixote,Miguel de Cervantes Saavedra,"Saavedra, Miguel de Cervantes","Roberto González Echevarría, John Rutherford","=""""","=""""",4,3.91,Penguin Books,Paperback,1023,2003,1615,2021/08/26,2021/05/23,,,read,,,,1,0
22749109,Erityisherkkä ihminen,Elaine N. Aron,"Aron, Elaine N.",Sini Linteri,"=""9522402141""","=""9789522402141""",4,3.84,Nemo,Paperback,246,2013,1996,2021/08/22,2021/07/23,,,read,,,,1,0
683371,Muhammad Ali: His Life and Times,Thomas Hauser,"Hauser, Thomas",,"=""0671779710""","=""9780671779719""",3,4.33,Simon & Schuster,Paperback,544,1992,1991,2021/08/21,2021/07/23,,,read,,,,1,0
17229241,On Truth and Lies in a Nonmoral Sense,Friedrich Nietzsche,"Nietzsche, Friedrich",,"=""""","=""""",5,4.22,,Unknown Binding,32,1873,1873,2021/08/21,2021/05/28,,,read,,,,1,0
35565132,Francis I: The Maker of Modern France,Leonie Frieda,"Frieda, Leonie",,"=""0061563099""","=""9780061563096""",3,3.78,Harper,Hardcover,384,2018,2017,2021/08/21,2021/08/16,,,read,,,,1,0
16690,The Moon Is a Harsh Mistress,Robert A. Heinlein,"Heinlein, Robert A.",,"=""0340837942""","=""9780340837948""",5,4.15,Hodder & Stoughton,Paperback,288,2005,1966,2021/08/20,2021/05/21,,,read,"Scifi is always so good, I prefer scifi over any other genre.",,,1,0
216363,The Man in the High Castle,Philip K. Dick,"Dick, Philip K.",,"=""0679740678""","=""9780679740674""",4,3.59,Vintage,Paperback,259,1992,1962,2021/08/19,2020/10/23,,,read,,,,1,0
40876575,Utopia for Realists: How We Can Build the Ideal World,Rutger Bregman,"Bregman, Rutger",,"=""0316471909""","=""9780316471909""",3,4.21,"Little, Brown and Company",Kindle Edition,262,2017,2014,2021/08/18,2021/02/16,,,read,,,,1,0
32571787,Lannistumattomat,Hanna Artman,"Artman, Hanna",Liisa Jokinen,"=""9510420212""","=""9789510420218""",4,3.35,WSOY,ebook,122,2016,,2021/08/16,2021/05/22,,,read,,,,1,0
28676,American Psycho,Bret Easton Ellis,"Ellis, Bret Easton",,"=""0679735771""","=""9780679735779""",3,3.80,Vintage Contemporaries,Paperback,399,1991,1991,2021/08/16,2021/01/17,,,read,"That's a really nihilistic(in both ways) life. But I think materialism is not all bad, since many applications are good too.",,,1,0
2234986,Guderian: Panzer General (Greenhill Military Paperbacks.),Kenneth John Macksey,"Macksey, Kenneth John",,"=""1853672866""","=""9781853672866""",3,3.65,UNKNO,Paperback,226,1997,1975,2021/08/15,2021/07/23,,,read,,,,1,0
44068483,My Life and Work: Henry Ford Autobiography,H. Ford,"Ford, H.",S. Crowther,"=""1977016758""","=""9781977016751""",5,4.14,Independently published,Paperback,190,2018,,2021/08/14,2021/08/10,,,read,,,,1,0
25968481,Aki Hintsa – voittamisen anatomia,Oskari Saari,"Saari, Oskari",Aki Hintsa,"=""9510408875""","=""9789510408872""",5,3.94,WSOY,Hardcover,348,2015,2015,2021/08/12,2021/02/16,,,read,,,,1,0
236019,Patton: A Biography (Great Generals),Alan Axelrod,"Axelrod, Alan",Wesley K. Clark,"=""1403971390""","=""9781403971395""",4,3.94,Palgrave Macmillan Trade,Hardcover,224,2006,2006,2021/08/11,2021/07/23,,,read,,,,1,0
567678,The Wasp Factory,Iain Banks,"Banks, Iain",,"=""0684853159""","=""9780684853154""",3,3.76,Simon & Schuster (NYC),Paperback,184,1998,1984,2021/08/10,2021/05/21,,,read,,,,1,0
13573432,"Super Brain: Unleashing the Explosive Power of Your Mind to Maximize Health, Happiness, and Spiritual Well-Being",Deepak Chopra,"Chopra, Deepak",Rudolph E. Tanzi,"=""0307956822""","=""9780307956828""",4,3.85,Harmony,Hardcover,336,2012,,2021/08/09,2021/05/22,,,read,,,,1,0
251648,Return From the Stars,Stanisław Lem,"Lem, Stanisław",Barbara Marszal,"=""0156765934""","=""9780156765930""",5,3.94,Mariner Books,Paperback,256,1989,1961,2021/08/09,2021/08/04,,,read,This took my curiosity by a storm.,,,1,0
9623253,The Adjustment Bureau,Philip K. Dick,"Dick, Philip K.",Phil Gigante,"=""1441894705""","=""9781441894700""",5,3.75,Brilliance Audio,Audio CD,0,2011,1954,2021/08/08,2021/08/08,,,read,,,,1,0
4485966,Talent is Overrated: What Really Separates World-Class Performers from Everybody Else,Geoff Colvin,"Colvin, Geoff",,"=""1591842247""","=""9781591842248""",4,3.93,Portfolio,Hardcover,240,2008,2008,2021/08/08,2021/08/07,,,read,"Practice definite points, but I don't think 10000 hours is always needed, since smaller skills like(learning calculus 1 for becoming scientist) will take much less time and also can be used generally in many other topics. But 10000 hour rule and definite practice are not that great together, since 10k hours says there's lot of learning and since vague and definite practice says totally opposite of this. Better forget 10k rule and just focus on definite practice on mistakes, while trying to build passion.",,,1,0
52833863,"Stalin in Power: The Russian Revolution From Above, 1928-1941",Robert C. Tucker,"Tucker, Robert C.",,"=""""","=""""",5,4.01,Lume Books,Kindle Edition,902,2019,1990,2021/08/07,2021/07/23,,,read,Terrific biography of second most evil person in history(evil: how many people have died during their rule?).,,,1,0
1757027,My Life: A Spoken Autobiography,Fidel Castro,"Castro, Fidel",Ignacio Ramonet,"=""1416553282""","=""9781416553281""",3,4.20,Scribner,Hardcover,724,2008,2006,2021/08/07,2021/08/04,,,read,"How many evil communist men are there in world? Surely many of these people are more greedy than average capitalist. Yet I think to give Cuba run for it's existence USA should stop the trade embargo. If Cuba remains poor after that, there's some radical change needed(I already think this tho). Free education is also great, since that's IMO the only inequality on earth. So even very capitalistic country should give free education. But if education can be improved by private ways, I think that should also be used. Private capital is many times more efficient than governments capital. Castro also restricts their country's internet websites and thus he is kinda like many dictators before him: Lenin, Stalin, Mao and Hitler.",,,1,0
790171,Kon-Tiki,Thor Heyerdahl,"Heyerdahl, Thor",,"=""0671726528""","=""9780671726522""",5,4.16,Rand McNally,Paperback,240,1990,1948,2021/08/06,2021/05/31,,,read,This story was a great treat to me.,,,1,0
7445,The Glass Castle,Jeannette Walls,"Walls, Jeannette",,"=""074324754X""","=""9780743247542""",2,4.32,Scribner,Paperback,288,2006,2005,2021/05/26,2021/05/24,,,read,,,,1,0
11588,"The Shining (The Shining, #1)",Stephen        King,"King, Stephen",,"=""0450040186""","=""9780450040184""",4,4.28,New English Library (Hodder & Stoughton) ,Paperback,497,1980,1977,2021/08/05,2021/08/05,,,read,,,,1,0
4981,Slaughterhouse-Five,Kurt Vonnegut Jr.,"Jr., Kurt Vonnegut",,"=""""","=""""",5,4.10,Dial Press,Paperback,275,1999,1969,2021/08/05,2021/03/20,,,read,Is not classic without reason.,,,1,0
669,Capitalism: The Unknown Ideal,Ayn Rand,"Rand, Ayn","Nathaniel Branden, Alan Greenspan, Robert Hessen","=""0451147952""","=""9780451147950""",4,3.89,Signet,Mass Market Paperback,340,1986,1946,2021/05/08,2021/04/22,,,read,,,,1,0
14546626,Total Recall: My Unbelievably True Life Story,Arnold Schwarzenegger,"Schwarzenegger, Arnold",Peter Petre,"=""1451662432""","=""9781451662436""",5,4.17,Simon & Schuster,Hardcover,656,2012,2012,2021/06/25,2021/04/08,,,read,Work hard it seems to be the lesson(not an easy one).,,,1,0
52309,The Autobiography of Benjamin Franklin,Benjamin Franklin,"Franklin, Benjamin",,"=""0743255062""","=""9780743255066""",5,3.85,Touchstone,Paperback,143,2004,1791,2021/07/31,2021/01/13,,,read,As practical as Franklin was.,,,1,0
20587906,Charlie Chaplin: A Brief Life,Peter Ackroyd,"Ackroyd, Peter",,"=""0385537379""","=""9780385537377""",4,3.63,Nan A. Talese,Hardcover,304,2014,2014,2021/07/31,2021/07/23,,,read,,,,1,0
51823652,"Stalin as Revolutionary: A Study in History and Personality, 1879-1929",Robert C. Tucker,"Tucker, Robert C.",,"=""""","=""""",5,3.89,Endeavour Media,Kindle Edition,606,2019,1973,2021/07/31,2021/07/23,,,read,,,,1,0
34684622,Leonardo da Vinci,Walter Isaacson,"Isaacson, Walter",,"=""1501139150""","=""9781501139154""",5,4.18,Simon & Schuster,Hardcover,600,2017,2017,2021/07/31,2021/04/19,,,read,"Man's art is deep and mysterious, but he's notebooks are the real treasure.",,,1,0
28,Notes from a Small Island,Bill Bryson,"Bryson, Bill",,"=""""","=""""",3,3.92,William Morrow Paperbacks,Paperback,324,1997,1995,2021/07/30,2021/07/29,,,read,,,,1,0
227443,"Bridget Jones’s Diary (Bridget Jones, #1)",Helen Fielding,"Fielding, Helen",,"=""014028009X""","=""9780140280098""",3,3.81,Penguin Books,Hardcover,288,1999,1996,2021/07/30,2021/07/29,,,read,,,,1,0
17491,"The Enchanted Wood (The Faraway Tree, #1)",Enid Blyton,"Blyton, Enid",,"=""0749748001""","=""9780749748005""",4,4.25,Egmont Books,Paperback,213,2002,1939,2021/07/30,2021/07/30,,,read,,,,1,0
74998,"The Magic Faraway Tree (The Faraway Tree, #2)",Enid Blyton,"Blyton, Enid",,"=""074974801X""","=""9780749748012""",2,4.29,Egmont,Paperback,177,2002,1943,2021/07/30,2021/07/30,,,read,,,,1,0
473623,"The Folk of the Faraway Tree (The Faraway Tree, #3)",Enid Blyton,"Blyton, Enid",,"=""0749732105""","=""9780749732103""",2,4.33,Egmont,Paperback,185,1997,1946,2021/07/30,2021/07/30,,,read,,,,1,0
70401,On the Road,Jack Kerouac,"Kerouac, Jack",,"=""0140042598""","=""9780140042597""",3,3.61,Penguin Books,Paperback,307,1976,1957,2021/07/30,2021/07/29,,,read,,,,1,0
89230,Augustus: The Life of Rome's First Emperor,Anthony Everitt,"Everitt, Anthony",,"=""1400061288""","=""9781400061280""",5,3.95,Random House,Hardcover,377,2006,2006,2021/07/30,2021/07/23,,,read,,,,1,0
14836,Midnight’s Children,Salman Rushdie,"Rushdie, Salman",,"=""0099578514""","=""9780099578512""",3,3.98,Vintage,Paperback,647,1995,1981,2021/07/30,2021/07/30,,,read,,,,1,0
5211,A Fine Balance,Rohinton Mistry,"Mistry, Rohinton",,"=""140003065X""","=""9781400030651""",3,4.38,Vintage,Paperback,603,1997,1995,2021/07/29,2021/07/29,,,read,,,,1,0
49628,Cloud Atlas,David Mitchell,"Mitchell, David",,"=""0375507256""","=""9780375507250""",2,4.01,Random House,Paperback,509,2004,2004,2021/07/29,2021/07/29,,,read,,,,1,0
41219,Possession,A.S. Byatt,"Byatt, A.S.",,"=""0679735909""","=""9780679735908""",3,3.90,Vintage,Paperback,555,1991,1990,2021/07/29,2021/07/29,,,read,,,,1,0
125190,"Swallows and Amazons (Swallows and Amazons, #1)",Arthur Ransome,"Ransome, Arthur",,"=""087923573X""","=""9780879235734""",3,4.01,"David R. Godine, Publisher",Paperback,315,2010,1930,2021/07/29,2021/07/29,,,read,,,,1,0
50365,"A Suitable Boy (A Bridge of Leaves, #1)",Vikram Seth,"Seth, Vikram",,"=""0060786523""","=""9780060786526""",3,4.11,Harper Perennial Modern Classics,Paperback,1474,2005,1993,2021/07/29,2021/07/29,,,read,,,,1,0
107301,A Town Like Alice,Nevil Shute,"Shute, Nevil",,"=""1842323008""","=""9781842323007""",4,4.15,House of Stratus Ltd,Paperback,359,2000,1950,2021/07/29,2021/07/29,,,read,,,,1,0
92780,Cold Comfort Farm,Stella Gibbons,"Gibbons, Stella","Roz Chast, Lynne Truss","=""0143039598""","=""9780143039594""",2,3.88,Penguin Classics,Paperback,233,2006,1932,2021/07/29,2021/07/29,,,read,,,,1,0
28407,Germinal,Émile Zola,"Zola, Émile",Roger Pearson,"=""0140447423""","=""9780140447422""",3,4.20,Penguin Classics,Paperback,592,2004,1885,2021/07/28,2021/07/28,,,read,,,,1,0
50798,Jude the Obscure,Thomas Hardy,"Hardy, Thomas","Patricia Ingham, Dennis Taylor, Jenny Sterlin, Mark Oxford, James Oliver Smith Jr.","=""0486452433""","=""9780486452432""",2,3.83,Dover Publications,Paperback,310,2006,1895,2021/07/28,2021/07/28,,,read,,,,1,0
1232,"The Shadow of the Wind (The Cemetery of Forgotten Books, #1)",Carlos Ruiz Zafón,"Zafón, Carlos Ruiz",Lucia Graves,"=""""","=""""",3,4.30,Penguin Books,Paperback,487,2005,2001,2021/07/28,2021/07/28,,,read,,,,1,0
890,Of Mice and Men,John Steinbeck,"Steinbeck, John",,"=""0142000671""","=""9780142000670""",3,3.89,Penguin Books,Paperback,107,2002,1937,2021/07/28,2021/05/23,,,read,,,,1,0
6867,Atonement,Ian McEwan,"McEwan, Ian",,"=""038572179X""","=""9780385721790""",2,3.95,Anchor Books,Paperback,351,2003,2001,2021/07/28,2021/07/28,,,read,,,,1,0
31463,Far From the Madding Crowd,Thomas Hardy,"Hardy, Thomas","Rosemarie Morgan, Shannon Russell","=""""","=""""",3,3.97,Penguin Books,Paperback,433,2003,1874,2021/07/28,2021/07/28,,,read,,,,1,0
5890,The Woman in White,Wilkie Collins,"Collins, Wilkie",Matthew Sweet,"=""""","=""""",3,4.01,Penguin Classics,Paperback,672,2003,1859,2021/07/28,2021/07/28,,,read,,,,1,0
310612,A Confederacy of Dunces,John Kennedy Toole,"Toole, John Kennedy",Walker Percy,"=""0802130208""","=""9780802130204""",3,3.89,Grove Press,Paperback,394,1994,1980,2021/07/28,2021/07/28,,,read,,,,1,0
5797,Vanity Fair,William Makepeace Thackeray,"Thackeray, William Makepeace",John Carey,"=""0141439831""","=""9780141439839""",3,3.81,Penguin Books,Paperback,867,2003,1847,2021/07/28,2021/07/28,,,read,,,,1,0
2175,Madame Bovary,Gustave Flaubert,"Flaubert, Gustave","Mark Overstall, Malcolm Bowie, Margaret Mauldon","=""0192840398""","=""9780192840394""",2,3.71,Oxford University Press,Paperback,329,2004,1877,2021/07/28,2021/07/28,,,read,,,,1,0
30933,Brideshead Revisited,Evelyn Waugh,"Waugh, Evelyn",,"=""0316926345""","=""9780316926348""",3,4.00,Back Bay Books,Paperback,351,1999,1945,2021/07/27,2021/07/27,,,read,,,,1,0
6259,Birdsong,Sebastian Faulks,"Faulks, Sebastian",,"=""0679776818""","=""9780679776819""",3,4.11,Vintage International,Paperback,483,1997,1993,2021/07/27,2021/07/27,,,read,,,,1,0
19089,Middlemarch,George Eliot,"Eliot, George",Michel Faber,"=""0451529170""","=""9780451529176""",2,4.03,Signet,Mass Market Paperback,912,2003,1872,2021/07/27,2021/07/27,,,read,,,,1,0
184373,Fascism: What It Is and How to Fight It,Leon Trotsky,"Trotsky, Leon",,"=""0873481062""","=""9780873481069""",1,3.87,Pathfinder Press,Paperback,46,1996,1944,2021/07/27,2021/07/26,,,read,Don't think fascism is very close to capitalism.,,,1,0
50067157,Mustafa Kemal Atatürk and the Republic of Turkey: The History of the Ottoman Empire’s Collapse and the Establishment of a New State,Charles River Editors,"Editors, Charles River",,"=""""","=""""",4,3.47,Charles River Editors,Kindle Edition,95,2019,,2021/07/27,2021/07/27,,,read,,,,1,0
31850595,JFK: A Vision for America,Stephen Kennedy Smith,"Smith, Stephen Kennedy",Douglas Brinkley,"=""0062668846""","=""9780062668844""",5,4.47,Harper,Hardcover,496,2017,,2021/07/26,2021/07/23,,,read,,,,1,0
11566,The Green Mile,Stephen        King,"King, Stephen",,"=""0451933028""","=""9780451933027""",3,4.49,Penguin Signet,Paperback,592,1996,1996,2021/07/25,2021/07/25,,,read,,,,1,0
54838331,Simón Bolívar: The Life and Legacy of the Venezuelan Leader Who Liberated Much of Latin America from the Spanish Empire,Charles River Editors,"Editors, Charles River",,"=""""","=""""",3,3.33,Charles River Editors,Kindle Edition,83,2020,,2021/07/25,2021/07/23,,,read,,,,1,0
45856526,Mansa Musa and Timbuktu: The History of the West African Emperor and Medieval Africa’s Most Fabled City,Charles River Editors,"Editors, Charles River",,"=""""","=""""",5,3.64,Charles River Editors,Kindle Edition,59,2019,2019,2021/07/25,2021/07/23,,,read,,,,1,0
38218622,"The Code of Hammurabi: The Oldest Code of Laws in the World, Promulgated by Hammurabi",Hammurabi King of Babylon,"Babylon, Hammurabi King of",C.H.W. Johns,"=""""","=""""",4,4.25,,Kindle Edition,49,2017,,2021/07/25,2021/07/23,,,read,,,,1,0
93981,The Interpretation of Dreams,Sigmund Freud,"Freud, Sigmund",,"=""1566195764""","=""9781566195768""",3,3.84,Barnes & Noble,Hardcover,630,1994,1899,2021/07/25,2021/07/23,,,read,,,,1,0
41431674,Poems to Live Your Life By,Chris Riddell,"Riddell, Chris",,"=""150981437X""","=""9781509814374""",5,4.00,Macmillan Children's Books,Hardcover,208,2018,,2021/07/24,2021/07/24,,,read,"Should read more poems, they seem to be art form for me(unlike art like paintings). You can also use poems as help in choosing how to life this life. But not all poems are so smart, so choosing standard poets(most popular and at least 10 years old) helps to get best of poetry.<br/><br/>PS, I like paintings, but don't think they're so usefull.",,,1,0
53441178,Cleopatra: The Queen Who Challenged Rome and Conquered Eternity,Alberto Angela,"Angela, Alberto",Katherine Gregor,"=""0062984217""","=""9780062984210""",5,3.85,HarperVia,Hardcover,426,2021,2018,2021/07/24,2021/07/23,,,read,,,,1,0
43496603,On Ulcers,Hippocrates,"Hippocrates, Hippocrates",Francis Adams,"=""""","=""""",4,3.29,,Kindle Edition,14,2015,1525,2021/07/24,2021/07/23,,,read,,,,1,0
11528604,Confucius in a Nutshell,Neil Wenborn,"Wenborn, Neil",Nigel Carrington,"=""1843794357""","=""9781843794356""",4,3.65,Naxos Audio Books,Audio CD,1,2010,2010,2021/07/24,2021/07/24,,,read,,,,1,0
36208375,Revolution Française: Emmanuel Macron and the Quest to Reinvent a Nation,Sophie Pedder,"Pedder, Sophie",,"=""1472948610""","=""9781472948618""",3,4.12,Bloomsbury Continuum,Kindle Edition,351,2018,,2021/07/23,2021/07/23,,,read,,,,1,0
29771601,Steven Spielberg: A Life in Films (Jewish Lives),Molly Haskell,"Haskell, Molly",,"=""0300186932""","=""9780300186932""",3,3.30,Yale University Press,Hardcover,248,2017,,2021/07/23,2021/07/22,,,read,,,,1,0
56377247,A Rare Recording of Carl Jung,C.G. Jung,"Jung, C.G.",John Freeman,"=""1593166095""","=""9781593166090""",2,3.08,Listen & Live Audio,Audiobook,,2009,1959,2021/07/23,2021/07/23,,,read,,,,1,0
17693443,Pope Francis: From the End of the Earth to Rome,The Wall Street Journal,"Journal, The Wall Street",,"=""0062292749""","=""9780062292742""",2,4.06,Harper,Kindle Edition,272,2013,2013,2021/07/20,2021/07/20,,,read,,,,1,0
755717,Mussolini,Jasper Ridley,"Ridley, Jasper",,"=""0815410816""","=""9780815410812""",4,3.63,Cooper Square Press,Paperback,464,2000,1998,2021/07/20,2021/07/19,,,read,,,,1,0
21856367,"The Innovators: How a Group of Hackers, Geniuses and Geeks Created the Digital Revolution",Walter Isaacson,"Isaacson, Walter",,"=""147670869X""","=""9781476708690""",5,4.12,Simon and Schuster,Hardcover,542,2014,2011,2021/07/19,2021/07/18,,,read,Author thinks that one should study arts and science both in moderation.,,,1,0
17924018,An Appetite for Wonder: The Making of a Scientist,Richard Dawkins,"Dawkins, Richard",,"=""""","=""""",4,3.69,Ecco,Hardcover,304,2013,2013,2021/07/18,2021/07/18,,,read,,,,1,0
52768066,Galileo and the Science Deniers,Mario Livio,"Livio, Mario",,"=""1501194739""","=""9781501194733""",5,3.80,Simon & Schuster,Hardcover,304,2020,,2021/07/18,2021/07/18,,,read,,,,1,0
22957289,Ludwig Van Beethoven (Life and Works),Naxos AudioBooks,"AudioBooks, Naxos",,"=""1930838131""","=""9781930838130""",4,4.40,Naxos Audio Books,Audio CD,184,2001,2001,2021/07/18,2021/07/18,,,read,,,,1,0
32933965,The Story of Edgar Allan Poe,Sherwin Cody,"Cody, Sherwin",,"=""""","=""""",5,3.71,,Unknown Binding,,,,2021/07/18,2021/07/16,,,read,,,,1,0
1713168,Gandhi: Portrayal of a Friend,Stanley Jones,"Jones, Stanley",,"=""0687138701""","=""9780687138708""",2,4.24,Abingdon Press,Paperback,160,1993,1983,2021/07/17,2021/07/17,,,read,,,,1,0
58248066,Montgomery (Veredicto de la Historia) (Spanish Edition),Paul McNally,"McNally, Paul",Rosa Pérez,"=""""","=""""",3,2.50,,Kindle Edition,117,2021,,2021/07/17,2021/07/16,,,read,,,,1,0
35919855,Marco Hietala - Stainless,Timo Kangasluoma,"Kangasluoma, Timo","Marco Hietala, Michael Majalahti","=""9522915017""","=""9789522915016""",5,3.44,Docendo,Hardcover,192,2018,2017,2021/07/17,2021/07/15,,,read,,,,1,0
185404,"The Autobiography of Charles Darwin, 1809–82",Charles Darwin,"Darwin, Charles",Nora Barlow,"=""0393310698""","=""9780393310696""",5,3.83,W.W. Norton & Company,Paperback,224,1993,1887,2021/07/17,2021/07/17,,,read,,,,1,0
1562646,Johann Gutenburg and the Printing Press (Inventions and Discovery series),Kay Melchisedech Olson,"Olson, Kay Melchisedech",Tod Smith,"=""0736896449""","=""9780736896443""",4,3.87,Capstone Press,Paperback,32,2007,2006,2021/07/17,2021/07/16,,,read,,,,1,0
203799,Vincent Van Gogh: A Biography,Julius Meier-Graefe,"Meier-Graefe, Julius",,"=""0486252531""","=""9780486252537""",4,3.68,Dover Publications,Paperback,160,1987,1933,2021/07/17,2021/07/16,,,read,,,,1,0
40538835,Desert Fox: The Storied Military Career of Erwin Rommel,Samuel W. Mitcham,"Mitcham, Samuel W.",,"=""162157721X""","=""9781621577218""",5,4.14,Regnery History,Hardcover,436,2019,,2021/07/16,2021/07/16,,,read,"Story of independent thinker who kept going even when he knew that there was little change of success. He was reckless yet modest, German, but not Nazi. I don't know if he tried to kill Hitler, but I nevertheless think he understood how much evil Nazi's had done to jews and to other people. He never took part on any of that, since it went against he's sense of morals and pragmatism. This was a story of pragmatist man.",,,1,0
54968118,"The Code Breaker: Jennifer Doudna, Gene Editing, and the Future of the Human Race",Walter Isaacson,"Isaacson, Walter",,"=""1982115858""","=""9781982115852""",5,4.28,Simon & Schuster,Hardcover,536,2021,2021,2021/07/16,2021/07/15,,,read,,,,1,0
18050143,"Zero to One: Notes on Startups, or How to Build the Future",Peter Thiel,"Thiel, Peter",Blake  Masters,"=""0804139296""","=""9780804139298""",5,4.15,Crown Currency,Hardcover,195,2014,2014,2021/07/15,2020/10/23,,,read,One of those really good books to learn from no matter what is the context. This book tells how we are mistaking alot of competition for great place to start a company. You also learn alot other stuff about economics(one could argue that economic theories are just theories).,,,2,0
13105889,Neuroscience For Dummies,Frank Amthor,"Amthor, Frank",,"=""1118086864""","=""9781118086865""",4,3.99,For Dummies,Paperback,384,2011,2011,2021/07/14,2021/01/25,,,read,,,,1,0
34272565,Life 3.0: Being Human in the Age of Artificial Intelligence,Max Tegmark,"Tegmark, Max",Rob Shapiro,"=""0451485076""","=""9780451485076""",5,4.00,Random House Audio,Audio CD,384,2035,2017,2021/07/13,2021/07/13,,,read,Interestingly philosophical topic and for that reason I will start studying independently this field. As a high school student this will be my greatest challenge yet.,,,1,0
40745,Mindset: The New Psychology of Success,Carol S. Dweck,"Dweck, Carol S.",,"=""""","=""""",5,4.10,Random House,Hardcover,276,2006,2006,2021/07/13,2021/07/13,,,read,,,,1,0
945683,Tricks of the Mind,Derren Brown,"Brown, Derren",,"=""1905026382""","=""9781905026388""",4,4.04,Transworld Publishing,Paperback,400,2007,2006,2021/07/13,2021/07/12,,,read,,,,1,0
61663,Pale Blue Dot: A Vision of the Human Future in Space,Carl Sagan,"Sagan, Carl",,"=""0345376595""","=""9780345376596""",4,4.34,Ballantine Books,Paperback,384,1997,1994,2021/07/13,2020/10/23,,,read,,,,2,0
6117055,The Greatest Show on Earth: The Evidence for Evolution,Richard Dawkins,"Dawkins, Richard",,"=""059306173X""","=""9780593061732""",5,4.16,Bantam Press,Hardcover,470,2009,2009,2021/07/12,2021/07/11,,,read,,,,1,0
13079982,Fahrenheit 451,Ray Bradbury,"Bradbury, Ray",,"=""""","=""""",5,3.97,Simon & Schuster,Kindle Edition,194,2011,1953,2021/07/11,2021/01/07,,,read,,,,1,0
28951428,Radical Focus : Achieving Your Most Important Goals with Objectives and Key Results ( OKRs ),Christina Wodtke,"Wodtke, Christina",,"=""""","=""""",4,3.97,,Kindle Edition,147,2016,2016,2021/07/11,2021/05/16,,,read,,,,1,0
34536488,Principles: Life and Work,Ray Dalio,"Dalio, Ray",Jeremy Bobb,"=""1508243247""","=""9781508243243""",4,4.10,Simon & Schuster Audio,Audio CD,16,2017,2017,2021/07/11,2021/07/10,,,read,,,,1,0
36402034,Do Androids Dream of Electric Sheep?,Philip K. Dick,"Dick, Philip K.",,"=""""","=""""",5,4.09,Ballantine Books,ebook,258,2008,1968,2021/07/10,2021/01/17,,,read,That was great.,,,1,0
34439,Oedipus the King,Sophocles,"Sophocles, Sophocles",,"=""1599869519""","=""9781599869513""",5,3.72,Filiquarian Publishing LLC,Paperback,104,2007,-429,2021/07/10,2021/07/10,,,read,,,,1,0
10414941,Catherine the Great: Portrait of a Woman,Robert K. Massie,"Massie, Robert K.",,"=""0679456724""","=""9780679456728""",5,3.94,"Random House, Inc. (NY)",Hardcover,656,2011,2011,2021/07/10,2021/07/02,,,read,Fifteen hour work days. That's some great spirit that she had. Relationships seem to be harder for succesfull people(in some ways). But that may only be because I have never read biography about completely normal person(so probably every social class has their own problems in relationships).<br/>,,,1,0
7967,"Speaker for the Dead (Ender's Saga, #2)",Orson Scott Card,"Card, Orson Scott",,"=""0812550757""","=""9780812550757""",4,4.11,Tor Books,Mass Market Paperback,382,1994,1986,2021/07/09,2021/07/09,,,read,,,,1,0
13593553,To Sell is Human: The Surprising Truth About Moving Others,Daniel H. Pink,"Pink, Daniel H.",,"=""1594487154""","=""9781594487156""",3,3.88,Riverhead Books,Hardcover,272,2012,2012,2021/07/09,2021/07/08,,,read,,,,1,0
10975,The Sound and the Fury,William Faulkner,"Faulkner, William",,"=""""","=""""",1,3.86,Vintage International,Paperback,366,1990,1929,2021/07/08,2021/07/08,,,read,,,,1,0
1168341,Physics of the Impossible,Michio Kaku,"Kaku, Michio",,"=""0385520697""","=""9780385520690""",4,4.10,Doubleday Books,Hardcover,329,2008,2008,2021/07/08,2020/10/23,,,read,,,,1,0
22034,"The Godfather (The Godfather, #1)",Mario Puzo,"Puzo, Mario","Robert Thompson, Peter Bart","=""""","=""""",4,4.40,NAL,Paperback,448,2002,1969,2021/07/07,2021/06/23,,,read,,,,1,0
18176747,The Hard Thing About Hard Things: Building a Business When There Are No Easy Answers―Straight Talk on the Challenges of Entrepreneurship,Ben Horowitz,"Horowitz, Ben",,"=""0062273205""","=""9780062273208""",5,4.21,Harper Business,Hardcover,304,2014,2014,2021/07/06,2021/05/21,,,read,,,,1,0
7126,The Count of Monte Cristo,Alexandre Dumas,"Dumas, Alexandre",Robin Buss,"=""0140449264""","=""9780140449266""",5,4.32,Penguin Classics,Paperback,1276,2003,1846,2021/07/06,2021/05/23,,,read,"Wow. That reminds me of the saying: ""From hell to heaven"". Which means in my opinion that hell becomes heaven after somewhile. ",,,1,1
30748970,Moniorgasminen mies: Opas parempaan seksiin.  Vinkkejä joihin jokaisen miehen tulisi tutustua,Mantak Chia,"Chia, Mantak","Douglas Abrams Arava, Jukka-Pekka Lilja, Teemu Suuntamaa","=""9525734501""","=""9789525734508""",4,4.07,Basam Books,Paperback,310,2010,1996,2021/07/05,2021/06/22,,,read,,,,1,0
27220736,Shoe Dog: A Memoir by the Creator of Nike,Phil Knight,"Knight, Phil",,"=""1501135910""","=""9781501135910""",5,4.46,Scribner,Hardcover,400,2016,2016,2021/07/04,2021/01/13,,,read,,,,1,0
444653,"How to Measure Anything: Finding the Value of ""Intangibles"" in Business",Douglas W. Hubbard,"Hubbard, Douglas W.",,"=""0470110120""","=""9780470110126""",4,3.90,John Wiley & Sons Inc,Hardcover,304,2007,1985,2021/07/03,2021/05/23,,,read,,,,1,0
40086702,Nine Lies About Work: A Freethinking Leader’s Guide to the Real World,Marcus Buckingham,"Buckingham, Marcus",Ashley Goodall,"=""1633696316""","=""""",4,4.10,Harvard Business Review Press,Kindle Edition,332,2019,2019,2021/07/02,2021/05/29,,,read,,,,1,0
38398157,Blitzscaling: The Lightning-Fast Path to Building Massively Valuable Companies,Reid Hoffman,"Hoffman, Reid","Chris Yeh, Bill  Gates","=""1524761419""","=""9781524761417""",5,3.96,Crown Currency,Hardcover,336,2018,2018,2021/07/01,2021/06/30,,,read,,,,1,0
17286670,Scarcity: Why Having Too Little Means So Much,Sendhil Mullainathan,"Mullainathan, Sendhil",Eldar Shafir,"=""0805092641""","=""9780805092646""",5,3.94,Times Books,Hardcover,304,2013,2013,2021/06/30,2021/05/23,,,read,,,,1,0
30257963,12 Rules for Life: An Antidote to Chaos,Jordan B. Peterson,"Peterson, Jordan B.",,"=""0345816021""","=""9780345816023""",4,3.91,Random House Canada,Hardcover,409,2018,2018,2021/06/30,2021/05/23,,,read,,,,1,0
172800,Beyond the Goal: Eliyahu Goldratt Speaks on the Theory of Constraints (Your Coach In A Box),Eliyahu M. Goldratt,"Goldratt, Eliyahu M.",,"=""1596590238""","=""9781596590236""",3,4.08,Gildan Media,Audio CD,0,2011,2005,2021/06/30,2021/05/29,,,read,,,,1,0
35167685,"""Surely You're Joking, Mr. Feynman!"": Adventures of a Curious Character",Richard P. Feynman,"Feynman, Richard P.","Ralph Leighton, Edward Hutchings","=""0393355624""","=""9780393355628""",5,4.27,W. W. Norton & Company,Paperback,400,2018,1985,2021/06/29,2021/01/13,,,read,,,,1,0
6763507,"Empire: The Life, Legend and Madness of Howard Hughes",Donald L. Barrett,"Barrett, Donald L.","James B. Steele, Christopher Hurt","=""0786177268""","=""9780786177264""",5,3.88,Blackstone Audiobooks,Audio CD,0,2005,1979,2021/06/28,2021/06/27,,,read,"This is actually really interesting biography. Unlike many biographies about famous youtube stars, actors, etc.",,,1,0
80449,On the Genealogy of Morals,Friedrich Nietzsche,"Nietzsche, Friedrich",Douglas Smith,"=""019283617X""","=""9780192836175""",5,4.12,Oxford University Press,Paperback,208,1999,1887,2021/06/28,2021/02/21,,,read,,,,1,0
242472,The Black Swan: The Impact of the Highly Improbable,Nassim Nicholas Taleb,"Taleb, Nassim Nicholas",,"=""1400063515""","=""9781400063512""",4,3.96,Random House ,Hardcover,480,2007,2007,2021/06/27,2021/01/13,,,read,,,,1,0
83273,Nietzsche: A Very Short Introduction,Michael Tanner,"Tanner, Michael",,"=""0192854143""","=""9780192854148""",4,3.28,Oxford University Press,Paperback,113,2001,1995,2021/06/26,2021/06/26,,,read,,,,1,0
100049,Quantum Theory: A Very Short Introduction,John C. Polkinghorne,"Polkinghorne, John C.",,"=""0192802526""","=""9780192802521""",4,3.73,Oxford University Press,Paperback,113,2002,2002,2021/06/26,2021/06/26,,,read,,,,1,0
54505323,Invent and Wander: The Collected Writings of Jeff Bezos,Jeff Bezos,"Bezos, Jeff",Walter Isaacson,"=""1647820715""","=""9781647820718""",5,3.85,Harvard Business Review Press,Hardcover,288,2020,2020,2021/06/26,2021/01/14,,,read,,,,1,0
41795733,Range: Why Generalists Triumph in a Specialized World,David   Epstein,"Epstein, David",,"=""0735214484""","=""9780735214484""",5,4.13,Riverhead Books,Hardcover,339,2019,2019,2021/06/26,2021/01/24,,,read,,,,1,0
513367,In Search of Schrödinger's Cat: Quantum Physics and Reality,John Gribbin,"Gribbin, John",,"=""0553341030""","=""9780553342536""",5,4.06,Bantam,Paperback,320,1984,1984,2021/06/25,2021/06/25,,,read,,,,1,0
50416393,The 99% Invisible City: A Field Guide to the Hidden World of Everyday Design,Roman Mars,"Mars, Roman",Kurt Kohlstedt,"=""0358126606""","=""9780358126607""",5,4.03,Dey Street Books,Hardcover,394,2020,2020,2021/06/24,2021/06/08,,,read,,,,1,0
867247,A Book of Five Rings: The Classic Guide to Strategy,Miyamoto Musashi,"Musashi, Miyamoto","Victor Harris, Lew Hartman","=""0517415283""","=""9780517415283""",5,3.95,Gramercy,Hardcover,192,1988,1645,2021/06/12,2021/05/23,,,read,,,,1,0
2956,The Adventures of Huckleberry Finn,Mark Twain,"Twain, Mark","Guy Cardwell, E.W. Kemble, John Seelye, Walter Trier, Tom Wilson, William Little Hughes","=""0142437174""","=""9780142437179""",3,3.83,Penguin Classics,Paperback,327,2002,1884,2021/06/23,2021/01/13,,,read,,,,1,0
1229089,Täällä Pohjantähden alla 1–3,Väinö Linna,"Linna, Väinö",,"=""9510328545""","=""9789510328545""",1,4.56,WSOY,Mass Market Paperback,1046,2007,1962,,2021/06/23,,,read,,,,1,0
18405,Gone with the Wind,Margaret Mitchell,"Mitchell, Margaret",,"=""0446365386""","=""9780446365383""",3,4.31,Warner Books,Mass Market Paperback,1037,1993,1936,2021/05/23,2021/05/23,,,read,,,,1,0
9235776,Täällä Pohjantähden alla 3,Väinö Linna,"Linna, Väinö",,"=""9510024236""","=""9789510024232""",1,4.41,WSOY,,544,2006,1962,2021/06/23,2021/06/23,,,read,,,,1,0
9235752,Täällä Pohjantähden alla 2,Väinö Linna,"Linna, Väinö",,"=""9510024201""","=""9789510024201""",1,4.46,WSOY,Hardcover,526,2006,1960,2021/06/23,2021/06/23,,,read,,,,1,0
422732,"Under the North Star (Under the North Star, #1)",Väinö Linna,"Linna, Väinö",Richard Impola,"=""0968588166""","=""9780968588161""",2,4.22,"Aspasia Books, Inc",Paperback,398,2001,1959,2021/06/23,2021/06/23,,,read,,,,1,0
3992758,Seitsemän veljestä,Aleksis Kivi,"Kivi, Aleksis",,"=""9511166719""","=""9789511166719""",1,3.35,Otava,Mass Market Paperback,367,2000,1870,2021/06/22,2021/06/22,,,read,,,,1,0
213743,How to Practice: The Way to a Meaningful Life,Dalai Lama XIV,"XIV, Dalai Lama",,"=""0743453360""","=""9780743453363""",5,4.08,Atria Books,Paperback,226,2003,2002,2021/06/21,2021/06/18,,,read,,,,1,0
153747,"Moby-Dick or, The Whale",Herman Melville,"Melville, Herman","Andrew Delbanco, Tom Quirk","=""0142437247""","=""9780142437247""",3,3.56,Penguin Classics ,Paperback,720,2003,1851,2021/06/22,2021/01/17,,,read,,,,1,0
35031085,Frankenstein: The 1818 Text,Mary Wollstonecraft Shelley,"Shelley, Mary Wollstonecraft",Charlotte Gordon,"=""0143131842""","=""9780143131847""",5,3.89,Penguin Classics,Paperback,260,2018,1818,2021/06/22,2021/06/22,,,read,,,,1,0
52357,Beowulf,Unknown,"Unknown, Unknown",Seamus Heaney,"=""0393320979""","=""9780393320978""",3,3.50,W.W. Norton & Company,Paperback,259,2001,1000,2021/06/22,2021/01/17,,,read,,,,1,0
16176,The Red Queen: Sex and the Evolution of Human Nature,Matt Ridley,"Ridley, Matt",,"=""0060556579""","=""9780060556570""",4,4.05,Harper Perennial (HarperCollins),Paperback,405,2003,1993,2021/06/22,2021/01/11,,,read,,,,1,0
6656,The Divine Comedy: Inferno - Purgatorio - Paradiso,Dante Alighieri,"Alighieri, Dante","Allen Mandelbaum, Eugenio Montale, Peter Armour, Sandro Botticelli","=""0679433139""","=""9780679433132""",3,4.08,Everyman's Library,Hardcover,798,1995,1320,2021/06/20,2021/01/31,,,read,,,,1,0
639864,Autobiography of a Yogi,Paramahansa Yogananda,"Yogananda, Paramahansa",,"=""0876120834""","=""9780876120835""",4,4.25,Self-Realization Fellowship,Paperback,503,2000,1946,2021/06/20,2021/05/23,,,read,,,,1,0
30289,The Republic,Plato,"Plato, Plato",Desmond Lee,"=""0140449140""","=""9780140449143""",3,3.97,Penguin Classics,Paperback,416,2003,-400,2021/06/19,2021/05/23,,,read,,,,1,0
10483171,The Beginning of Infinity: Explanations That Transform the World,David Deutsch,"Deutsch, David",,"=""0670022756""","=""9780670022755""",5,4.17,Viking,Hardcover,487,2011,2011,2021/06/19,2021/01/13,,,read,,,,1,0
49455,Notes from Underground,Fyodor Dostoevsky,"Dostoevsky, Fyodor","Richard Pevear, Larissa Volokhonsky, Donald Fanger","=""067973452X""","=""9780679734529""",5,4.17,Vintage Classics,Paperback,136,1994,1864,2021/06/19,2021/02/21,,,read,,,,1,0
20663770,Death by Black Hole: And Other Cosmic Quandaries,Neil deGrasse Tyson,"Tyson, Neil deGrasse",,"=""039335038X""","=""9780393350388""",4,4.10,W. W. Norton & Company,Paperback,384,2014,2006,2021/06/17,2021/06/17,,,read,,,,1,0
53402132,Liftoff: Elon Musk and the Desperate Early Days That Launched SpaceX,Eric  Berger,"Berger, Eric",,"=""0062979973""","=""9780062979971""",5,4.47,William Morrow,Hardcover,288,2021,2021,2021/06/17,2021/06/16,,,read,,,,1,0
55030,Cosmos,Carl Sagan,"Sagan, Carl",,"=""0375508325""","=""9780375508325""",5,4.40,Random House,Mass Market Paperback,384,2002,1980,2021/06/16,2020/10/23,,,read,,,,1,0
22463,The Origin of Species,Charles Darwin,"Darwin, Charles",,"=""""","=""""",5,4.01,Castle,Hardcover,703,2004,1859,2021/06/16,2021/01/11,,,read,,,,1,0
362,Wish You Were Here: The Official Biography of Douglas Adams,Nick  Webb,"Webb, Nick",,"=""0345476514""","=""9780345476517""",4,4.14,Del Rey,Paperback,368,2005,2003,2021/06/14,2021/06/01,,,read,,,,1,0
400869,The Kalevala,Elias Lönnrot,"Lönnrot, Elias",Keith Bosley,"=""019283570X""","=""9780192835703""",5,4.05,Oxford University Press,Paperback,679,1999,1835,2021/06/13,2021/06/12,,,read,,,,1,0
6667514,The Checklist Manifesto: How to Get Things Right,Atul Gawande,"Gawande, Atul",,"=""0805091742""","=""9780805091748""",4,4.04,Metropolitan Books,Hardcover,208,2009,2009,2021/06/13,2021/01/13,,,read,,,,1,0
7108725,Start with Why: How Great Leaders Inspire Everyone to Take Action,Simon Sinek,"Sinek, Simon",,"=""1591842808""","=""9781591842804""",3,4.10,Portfolio,Hardcover,256,2009,2009,2021/06/13,2021/01/12,,,read,,,,1,0
368593,The 4-Hour Workweek,Timothy Ferriss,"Ferriss, Timothy",,"=""0307353133""","=""9780307353139""",2,3.91,Harmony,ebook,308,2007,2007,2021/06/13,2021/01/13,,,read,,,,1,0
29939161,Radical Candor: Be a Kickass Boss Without Losing Your Humanity,Kim Malone Scott,"Scott, Kim Malone",,"=""1250103509""","=""9781250103505""",3,4.06,St. Martin's Press,Hardcover,336,2017,2017,2021/06/13,2021/05/23,,,read,,,,1,0
4887,The Drama of the Gifted Child: The Search for the True Self,Alice   Miller,"Miller, Alice",,"=""0465016901""","=""9780465016907""",2,4.05,Basic Books,Paperback,136,1997,1979,2021/06/13,2021/05/23,,,read,,,,1,0
26156469,Never Split the Difference: Negotiating As If Your Life Depended On It,Chris Voss,"Voss, Chris",Tahl Raz,"=""0062407805""","=""9780062407801""",4,4.35,Harper Business,Hardcover,274,2016,2016,2021/06/13,2021/01/25,,,read,,,,1,0
57600077,A.I. How Patterns Helped Artificial Intelligence Defeat World Champion Lee Sedol,Darcy Pattison,"Pattison, Darcy",Peter Willis,"=""1629441813""","=""9781629441818""",2,3.22,Mims House,Hardcover,32,2021,,2021/06/11,2021/06/10,,,read,,,,1,0
14595,Please Kill Me: The Uncensored Oral History of Punk,Legs McNeil,"McNeil, Legs",Gillian McCain,"=""0802142648""","=""9780802142641""",4,4.19,Grove Press,Paperback,488,2006,1996,2021/06/10,2021/06/05,,,read,,,,1,0
50728757,Cracking the Human Software,Sadhguru,"Sadhguru, Sadhguru",,"=""""","=""""",3,3.56,,,,,,2021/06/07,2021/06/07,,,read,,,,1,0
30818892,Vapaudu riippuvuudesta - addiktiivisen persoonallisuuden paraneminen,Lee Jampolsky,"Jampolsky, Lee",Ritva Hellsten,"=""9522600946""","=""9789522600943""",5,3.89,Basam Books Oy,Paperback,228,2012,,2021/06/05,2021/06/01,,,read,,,,1,0
25698,An Inquiry into the Nature and Causes of the Wealth of Nations,Adam Smith,"Smith, Adam","George J. Stigler, Edwin Cannan","=""0226763749""","=""9780226763743""",5,3.88,University Of Chicago Press,Paperback,1076,1977,1776,2021/06/05,2021/06/03,,,read,,,,1,0
10883,Benjamin Franklin: An American Life,Walter Isaacson,"Isaacson, Walter",,"=""074325807X""","=""9780743258074""",5,4.05,Simon & Schuster,Paperback,586,2004,2003,2021/06/02,2021/06/01,,,read,,,,1,0
52930628,Mooli 2 - Ihmisen ja Elinympäristön Kemia,Leena Turpeenoja,"Turpeenoja, Leena",,"=""9511325949""","=""9789511325949""",5,4.33,Otava,Paperback,255,2018,,2021/06/02,2021/04/14,,,read,,,,1,0
10614,Misery,Stephen        King,"King, Stephen",,"=""0450417395""","=""9780450417399""",4,4.23,New English Library,Paperback,370,1992,1987,,2021/01/17,,,read,,,,1,0
2867666,I Hate Meetings,Stephen Baker,"Baker, Stephen",Arnie Levin,"=""0025063707""","=""9780025063709""",5,3.83,Scribner,Hardcover,112,1983,1983,2021/06/01,2021/05/22,,,read,,,,1,0
55023392,Fysiikka FY5 Jaksollinen liike ja aallot (LOPS2016),Raimo Havukainen,"Havukainen, Raimo","Heikki Lehto, Janna Leskinen, Jukka Maalampi","=""9526345010""","=""9789526345017""",5,4.33,Sanoma Pro,,164,2017,,2021/05/31,2021/04/14,,,read,,,,1,0
569429,"Mostly Harmless (Hitchhiker's Guide to the Galaxy, #5)",Douglas Adams,"Adams, Douglas",,"=""0345379330""","=""9780345379337""",5,3.96,Random House Worlds,Paperback,288,1993,1992,2021/05/31,2021/05/26,,,read,,,,1,0
10959,Sophie’s World,Jostein Gaarder,"Gaarder, Jostein",Paulette Møller,"=""1857993284""","=""9781857993288""",5,3.97,Phoenix,Paperback,403,1995,1991,2021/05/30,2021/01/17,,,read,This is good introduction to philosophy.,,,1,0
5659,The Wind in the Willows,Kenneth Grahame,"Grahame, Kenneth",Gillian Avery,"=""0143039091""","=""9780143039099""",2,4.02,Penguin Books,Paperback,197,2005,1908,2021/05/30,2021/05/30,,,read,,,,1,0
76620,"Watership Down (Watership Down, #1)",Richard  Adams,"Adams, Richard",,"=""038039586X""","=""9780380395866""",3,4.09,Avon Books,Mass Market Paperback,478,1975,1972,2021/05/30,2021/05/30,,,read,,,,1,0
14942,Mrs. Dalloway,Virginia Woolf,"Woolf, Virginia",Maureen Howard,"=""0151009988""","=""9780151009985""",3,3.78,Houghton Mifflin Harcourt,Hardcover,194,2002,1925,2021/05/30,2021/05/30,,,read,,,,1,0
325085,Nicholas Nickleby,Charles Dickens,"Dickens, Charles",,"=""0140435123""","=""9780140435122""",2,3.94,Penguin,Paperback,817,2003,1839,2021/05/30,2021/05/30,,,read,,,,1,0
58696,David Copperfield,Charles Dickens,"Dickens, Charles","Edward Killoran Brown, Jeremy Tambling, Phiz","=""""","=""""",3,4.04,Penguin ,Paperback,882,2004,1850,2021/05/30,2021/05/30,,,read,,,,1,0
31242,Bleak House,Charles Dickens,"Dickens, Charles","Nicola Bradbury, Hablot Knight Browne","=""0143037617""","=""9780143037613""",2,4.02,Penguin Books,Paperback,1017,2006,1853,2021/05/30,2021/05/30,,,read,,,,1,0
1617,Night,Elie Wiesel,"Wiesel, Elie","Marion Wiesel, François Mauriac","=""0374500010""","=""9780374500016""",4,4.38,Hill & Wang,Paperback,120,2006,1956,2021/05/30,2021/05/23,,,read,,,,1,0
11168,Day,Elie Wiesel,"Wiesel, Elie",Anne Borchardt,"=""0809023091""","=""9780809023097""",3,3.79,Hill and Wang,Paperback,109,2006,2006,2021/05/30,2021/05/30,,,read,,,,1,0
11166,Dawn,Elie Wiesel,"Wiesel, Elie",Frances Frenaye,"=""0809037726""","=""9780809037728""",3,3.83,Hill and Wang,Paperback,81,2006,1960,2021/05/30,2021/05/30,,,read,,,,1,0
342994,The Little Match Girl,Hans Christian Andersen,"Andersen, Hans Christian",Rachel Isadora,"=""0439643635""","=""9780439643634""",3,4.10,"Scholastic, Inc.",Paperback,32,2003,1845,2021/05/30,2021/05/30,,,read,,,,1,0
231610,The World As I See It,Albert Einstein,"Einstein, Albert",Neil Berger,"=""1599869659""","=""9781599869650""",3,3.75,"Filiquarian Publishing, LLC.",Paperback,128,2006,1934,2021/05/30,2021/05/29,,,read,,,,1,0
8337,"Little House in the Big Woods (Little House, #1)",Laura Ingalls Wilder,"Wilder, Laura Ingalls",Garth Williams,"=""0060885378""","=""9780060885373""",2,4.21,HarperChildrens,Paperback,224,2007,1932,2021/05/23,2021/05/23,,,read,,,,1,0
6091075,"So Long, and Thanks for All the Fish (The Hitchhiker's Guide to the Galaxy, #4)",Douglas Adams,"Adams, Douglas",,"=""0307497909""","=""9780307497901""",4,4.09,Del Rey,Kindle Edition,225,2008,1984,2021/05/29,2021/05/26,,,read,,,,1,0
5983976,Pultava,Peter Englund,"Englund, Peter",Seppo Hyrkäs,"=""""","=""""",3,4.03,Art House,Hardcover,285,1989,1988,,2021/01/13,,,read,,,,1,0
17716,Waiting for Godot,Samuel Beckett,"Beckett, Samuel",,"=""""","=""""",3,3.84,Grove,Paperback,109,2011,1951,2021/05/29,2021/05/29,,,read,,,,1,0
6493208,The Immortal Life of Henrietta Lacks,Rebecca Skloot,"Skloot, Rebecca",,"=""1400052173""","=""9781400052172""",2,4.13,Crown Publishing Group,Hardcover,370,2010,2010,2021/05/29,2021/05/29,,,read,,,,1,0
26875200,The Stainless Steel Rat and The Misplaced Battleship: With linked Table of Contents,Harry Harrison,"Harrison, Harry",,"=""1515402002""","=""9781515402008""",4,3.72,Positronic Publishing,Kindle Edition,34,2015,1960,2021/05/29,2021/05/29,,,read,,,,1,0
49720442,Talking with the Planets (1901),Nikola Tesla,"Tesla, Nikola",,"=""""","=""""",5,4.09,,Kindle Edition,11,2019,,2021/05/29,2021/05/29,,,read,,,,1,0
49720445,How Cosmic Forces Shape Our Destinies (1915),Nikola Tesla,"Tesla, Nikola",,"=""""","=""""",5,4.00,,Kindle Edition,12,2019,,2021/05/29,2021/05/29,,,read,,,,1,0
493,My Inventions,Nikola Tesla,"Tesla, Nikola",,"=""1599869942""","=""9781599869940""",5,3.91,"Filiquarian Publishing, LLC.",Paperback,88,2006,1935,2021/05/29,2021/05/29,,,read,One of most incredible people who ever lived on earth.,,,1,0
9374032,On the Motion of Animals,Aristotle,"Aristotle, Aristotle",,"=""""","=""""",3,3.68,,Kindle Edition,17,,1978,2021/05/29,2021/05/29,,,read,,,,1,0
855222,On Electricity,Nikola Tesla,"Tesla, Nikola",,"=""0809501171""","=""9780809501175""",5,4.26,Wildside Press,Paperback,26,2007,2006,2021/05/29,2021/05/29,,,read,,,,1,0
56685691,Deep Work: The Ultimate Guide to Staying Focused in a Noisy World,Cal R. Proby,"Proby, Cal R.",Thorben Newport,"=""""","=""""",5,3.10,Author's Republic Audio,Audiobook,,2020,,2021/05/29,2021/05/29,,,read,,,,1,0
4473,A Prayer for Owen Meany,John Irving,"Irving, John",,"=""0552135399""","=""9780552135399""",2,4.24,Black Swan,Paperback,637,1990,1989,2021/05/28,2021/05/28,,,read,,,,1,0
35133922,Educated,Tara Westover,"Westover, Tara",,"=""0399590501""","=""9780399590504""",2,4.47,Random House,Hardcover,352,2018,2018,2021/05/28,2021/05/23,,,read,,,,1,0
1618,The Curious Incident of the Dog in the Night-Time,Mark Haddon,"Haddon, Mark",,"=""1400032717""","=""9781400032716""",3,3.89,Vintage,Paperback,226,2004,2003,2021/05/28,2021/05/24,,,read,,,,1,0
43478900,Otatko opiksesi?,Mikko Ojanen,"Ojanen, Mikko",,"=""9529408978""","=""9789529408979""",3,2.93,Kaswu,Audiobook,3,2019,2018,2021/05/28,2021/05/28,,,read,,,,1,0
35696171,"Enlightenment Now: The Case for Reason, Science, Humanism, and Progress",Steven Pinker,"Pinker, Steven",,"=""0525427570""","=""9780525427575""",5,4.20,Viking,Hardcover,576,2018,2018,2021/05/28,2021/02/21,,,read,,,,1,0
40672036,Digital Minimalism: Choosing a Focused Life in a Noisy World,Cal Newport,"Newport, Cal",,"=""052553654X""","=""""",5,4.06,Portfolio,Kindle Edition,302,2019,2019,2021/05/21,2020/10/23,,,read,Has good advices for digital life.,,,1,0
18062218,7 Skills to Catapult Your Career,Stephen R. Thorne,"Thorne, Stephen R.",,"=""1482929538""","=""9781482929539""",3,3.14,Blackstone Publishing,Audio CD,0,2013,2013,2021/03/24,2021/03/04,,,read,,,,1,0
7604,Lolita,Vladimir Nabokov,"Nabokov, Vladimir",Craig Raine,"=""""","=""""",4,3.87,Penguin,Paperback,368,1995,1955,2021/05/28,2021/01/17,,,read,,,,1,0
19063,The Book Thief,Markus Zusak,"Zusak, Markus",,"=""""","=""""",3,4.39,Alfred A. Knopf,Kindle Edition,592,2006,2005,2021/05/28,2021/01/17,,,read,,,,1,0
7733,Gulliver’s Travels,Jonathan Swift,"Swift, Jonathan",Robert DeMaria Jr.,"=""0141439491""","=""9780141439495""",4,3.59,Penguin,Paperback,306,2017,1726,2021/05/28,2021/01/17,,,read,,,,1,0
41817486,A Clockwork Orange,Anthony Burgess,"Burgess, Anthony",,"=""0393341763""","=""9780393341768""",3,4.00,W. W. Norton & Company,Paperback,240,2019,1962,2021/05/28,2021/05/23,,,read,,,,1,0
53639,Zorba the Greek,Nikos Kazantzakis,"Kazantzakis, Nikos",,"=""0571203132""","=""9780571203130""",4,4.03,Faber & Faber Ltd,Paperback,335,2001,1946,2021/05/28,2021/05/23,,,read,,,,1,0
7745,Fear and Loathing in Las Vegas: A Savage Journey to the Heart of the American Dream,Hunter S. Thompson,"Thompson, Hunter S.",Ralph Steadman,"=""0679785892""","=""9780679785897""",3,4.06,Vintage Books,Paperback,204,1998,1971,2021/05/28,2021/02/21,,,read,,,,1,0
11334,Song of Solomon,Toni Morrison,"Morrison, Toni",,"=""140003342X""","=""9781400033423""",1,4.15,Vintage,Paperback,338,2004,1977,2021/05/28,2021/05/23,,,read,,,,1,0
33600,Shantaram,Gregory David Roberts,"Roberts, Gregory David",,"=""192076920X""","=""9781920769208""",5,4.28,Scribe,Paperback,936,2004,2003,2021/05/28,2021/05/28,,,read,,,,1,0
149267,The Stand,Stephen        King,"King, Stephen",Bernie Wrightson,"=""""","=""""",4,4.35,Doubleday Books,Hardcover,1152,1990,1978,2021/05/28,2021/05/28,,,read,,,,1,0
8650,"The Lost World (Jurassic Park, #2)",Michael Crichton,"Crichton, Michael",,"=""0752224417""","=""9780752224411""",3,3.87,"Alfred A. Knopf, Inc.",Mass Market Paperback,448,1995,1995,2021/05/28,2021/05/28,,,read,,,,1,0
40604658,"Jurassic Park (Jurassic Park, #1)",Michael Crichton,"Crichton, Michael",,"=""0307763056""","=""9780307763051""",4,4.12,Ballantine Books,Kindle Edition,466,2012,1990,2021/05/28,2021/05/28,,,read,,,,1,0
8852,Macbeth,William Shakespeare,"Shakespeare, William","Folger Shakespeare Library, Barbara A. Mowat, Paul Werstine","=""0743477103""","=""9780743477109""",5,3.89,Simon & Schuster,Mass Market Paperback,249,2013,1623,2021/05/27,2021/02/11,,,read,,,,1,0
12938,King Lear,William Shakespeare,"Shakespeare, William",William James Rolfe,"=""""","=""""",4,3.91,Simon & Schuster,Mass Market Paperback,339,2004,1605,2021/05/27,2021/02/11,,,read,,,,1,0
191139,"Oh, the Places You’ll Go!",Dr. Seuss,"Seuss, Dr.",,"=""0679805273""","=""9780679805274""",5,4.37,Random House Books for Young Readers,Hardcover,44,1990,1990,2021/05/28,2021/05/28,,,read,,,,1,0
108594,Answers to Distraction,Edward M. Hallowell,"Hallowell, Edward M.",John J. Ratey,"=""055337821X""","=""9780553378214""",3,4.01,Bantam,Paperback,352,1996,1995,2021/05/28,2021/05/28,,,read,,,,1,0
18816611,Hidden In Plain Sight: The simple link between relativity and quantum mechanics,Andrew H. Thomas,"Thomas, Andrew H.",,"=""""","=""""",5,3.99,,Kindle Edition,167,2012,2012,2021/05/28,2021/05/27,,,read,,,,1,0
15847717,"Young Zaphod Plays It Safe (Hitchhiker's Guide to the Galaxy, #0.5)",Douglas Adams,"Adams, Douglas",,"=""5511976873""","=""9785511976877""",5,3.67,Book On Demand Ltd.,Paperback,11,2012,1986,2021/05/27,2021/05/26,,,read,,,,1,0
33571713,"A Column of Fire (Kingsbridge, #3)",Ken Follett,"Follett, Ken",,"=""052595497X""","=""9780525954972""",1,4.26,Viking Penguin,Hardcover,916,2017,2017,2021/05/27,2021/05/27,,,read,,,,1,0
5064,"World Without End (Kingsbridge, #2)",Ken Follett,"Follett, Ken",,"=""""","=""""",2,4.32,Dutton,Hardcover,1237,2007,2007,2021/05/27,2021/05/27,,,read,,,,1,0
5043,"The Pillars of the Earth (Kingsbridge, #1)",Ken Follett,"Follett, Ken",,"=""045122213X""","=""9780451222138""",2,4.35,Penguin Books,Paperback,976,2007,1989,2021/05/27,2021/05/24,,,read,,,,1,0
4406,East of Eden,John Steinbeck,"Steinbeck, John",,"=""0142000655""","=""9780142000656""",3,4.43,Penguin Books,Paperback,601,2002,1952,2021/05/27,2021/05/23,,,read,,,,1,0
128029,A Thousand Splendid Suns,Khaled Hosseini,"Hosseini, Khaled",,"=""1594489505""","=""9781594489501""",3,4.45,Riverhead Books,Hardcover,372,2007,2007,2021/05/27,2021/05/23,,,read,,,,1,0
16981,Invisible Man,Ralph Ellison,"Ellison, Ralph",,"=""""","=""""",2,3.92,Vintage,Paperback,581,1995,1952,2021/05/27,2021/05/23,,,read,,,,1,0
22557272,The Girl on the Train,Paula Hawkins,"Hawkins, Paula",,"=""1594633665""","=""9781594633669""",2,3.96,Riverhead Books,Hardcover,336,2015,2015,2021/05/27,2021/05/23,,,read,,,,1,0
6514,The Bell Jar,Sylvia Plath,"Plath, Sylvia",,"=""0571268862""","=""9780571268863""",2,4.05,Harper Perennial Modern Classics,Paperback,294,2006,1963,2021/05/27,2021/05/23,,,read,,,,1,0
28921,The Remains of the Day,Kazuo Ishiguro,"Ishiguro, Kazuo",,"=""""","=""""",4,4.14,Faber & Faber,Paperback,258,2005,1989,2021/05/27,2021/05/23,,,read,,,,1,0
6288,The Road,Cormac McCarthy,"McCarthy, Cormac",,"=""0307265439""","=""9780307265432""",2,4.00,Alfred A. Knopf,Hardcover,241,2006,2006,2021/05/27,2021/05/23,,,read,,,,1,0
119322,"The Golden Compass (His Dark Materials, #1)",Philip Pullman,"Pullman, Philip",,"=""0679879242""","=""9780679879244""",3,4.03,RANDOM HOUSE TRADE,Hardcover,399,1996,1995,2021/05/27,2021/05/23,,,read,,,,1,0
41637836,"The Subtle Knife (His Dark Materials, #2)",Philip Pullman,"Pullman, Philip",,"=""""","=""""",2,4.15,RHCP Digital,Kindle Edition,370,2018,1997,2021/05/27,2021/05/27,,,read,,,,1,0
18122,"The Amber Spyglass (His Dark Materials, #3)",Philip Pullman,"Pullman, Philip",,"=""0440238153""","=""9780440238157""",2,4.11,Laurel Leaf,Mass Market Paperback,465,2003,2000,2021/05/27,2021/05/27,,,read,,,,1,0
49552,The Stranger,Albert Camus,"Camus, Albert",Matthew  Ward,"=""""","=""""",4,4.03,Vintage International,Paperback,123,1989,1942,2021/05/27,2021/05/23,,,read,,,,1,0
47021,The Taming of the Shrew,William Shakespeare,"Shakespeare, William","Barbara A. Mowat, Paul Werstine","=""074347757X""","=""9780743477574""",3,3.74,Simon  Schuster,Mass Market Paperback,291,2004,1593,2021/05/27,2021/05/27,,,read,,,,1,0
42607,As You Like It,William Shakespeare,"Shakespeare, William","Paul Werstine, Barbara A. Mowat","=""074348486X""","=""9780743484862""",2,3.81,Simon Schuster,Paperback,263,2011,1599,2021/05/27,2021/05/27,,,read,,,,1,0
104805,Timon of Athens,William Shakespeare,"Shakespeare, William","Thomas Middleton, John Jowett","=""0192814974""","=""9780192814975""",4,3.44,Oxford University Press,Paperback,384,2004,1605,2021/05/27,2021/05/27,,,read,,,,1,0
82356,The Comedy of Errors,William Shakespeare,"Shakespeare, William",,"=""1853262439""","=""9781853262432""",2,3.72,Wordsworth Editions,Paperback,112,1995,1594,2021/05/27,2021/05/27,,,read,,,,1,0
104813,Pericles,William Shakespeare,"Shakespeare, William","Barbara A. Mowat, Paul Werstine","=""074327329X""","=""9780743273299""",3,3.45,Simon & Schuster,Paperback,247,2005,1608,2021/05/27,2021/05/27,,,read,,,,1,0
44133,The Winter's Tale,William Shakespeare,"Shakespeare, William","Susan Snyder, Deborah T. Curren-Aquino","=""0521293731""","=""9780521293730""",3,3.71,Cambridge University Press,Paperback,306,2007,1623,2021/05/27,2021/05/27,,,read,,,,1,0
12985,The Tempest,William Shakespeare,"Shakespeare, William","Paul Werstine, David Lindley, Israel Gollancz, Barbara A. Mowat, Arthur Wilson Verity, Georg Brandes, G.B. Harrison, William James Rolfe","=""""","=""""",3,3.78,Washington Square Press,Mass Market Paperback,218,2004,1611,2021/05/27,2021/05/27,,,read,,,,1,0
1622,A Midsummer Night’s Dream,William Shakespeare,"Shakespeare, William","Barbara A. Mowat, Paul Werstine, Alan Durband, Roma Gill, Catherine Belsey, A.R. Braunmuller","=""0743477545""","=""9780743477543""",3,3.94,Simon & Schuster,Mass Market Paperback,298,2016,1595,2021/05/27,2021/05/27,,,read,,,,1,0
12996,Othello,William Shakespeare,"Shakespeare, William","Barbara A. Mowat, Paul Werstine","=""""","=""""",4,3.89,Simon & Schuster,Mass Market Paperback,319,2003,1603,2021/05/27,2021/05/07,,,read,,,,1,0
48890486,Breath: The New Science of a Lost Art,James Nestor,"Nestor, James",,"=""0735213615""","=""9780735213616""",5,4.15,Riverhead Books,Hardcover,280,2020,2020,2021/05/27,2021/01/11,,,read,,,,1,0
18869177,Lying,Sam Harris,"Harris, Sam",,"=""""","=""""",5,3.88,Four Elephants Press,Kindle Edition,83,2013,2011,2021/05/27,2021/01/11,,,read,,,,1,0
315425,In Defense of Food: An Eater's Manifesto,Michael Pollan,"Pollan, Michael",,"=""1594201455""","=""9781594201455""",4,4.07,Penguin Press,Hardcover,205,2008,2008,2021/05/27,2021/05/27,,,read,,,,1,0
24128,The Merchant of Venice,William Shakespeare,"Shakespeare, William","Barbara A. Mowat, Paul Werstine, David Scott Kastan, Felix Emmanuel Schelling, محمد عناني, David Bevington, Robert          Jackson","=""0743477561""","=""9780743477567""",4,3.78,Simon & Schuster,Mass Market Paperback,249,2011,1596,2021/05/27,2021/05/27,,,read,,,,1,0
1420,Hamlet,William Shakespeare,"Shakespeare, William","Harold Bloom, Rex Gibson, Israel Gollancz, Henry Norman Hudson, L.A. Sherman, Max J. Herzberg","=""0521618746""","=""9780521618748""",4,4.03,Cambridge University Press,Paperback,289,2005,1601,2021/04/14,2021/01/31,,,read,,,,1,0
39286958,Measure What Matters,John Doerr,"Doerr, John",,"=""""","=""""",2,3.98,Penguin,Kindle Edition,299,2018,2017,2021/05/27,2021/01/13,,,read,,,,1,0
8694,"Life, the Universe and Everything (The Hitchhiker's Guide to the Galaxy, #3)",Douglas Adams,"Adams, Douglas",,"=""0345418905""","=""9780345418906""",5,4.16,Random House Worlds,Paperback,224,1997,1982,2021/05/27,2021/05/26,,,read,,,,1,0
18077875,Essentialism: The Disciplined Pursuit of Less,Greg McKeown,"McKeown, Greg",,"=""0804137382""","=""9780804137386""",5,4.06,Crown Currency,Hardcover,260,2014,2011,2021/05/27,2021/05/26,,,read,,,,1,0
40725316,"Forum 3 Suomi, Eurooppa ja muuttuva maailma",Antti Kohi,"Kohi, Antti","Markku Liuskari, Kimmo Päivärinta, Vesa Vihervä","=""9511325884""","=""9789511325888""",3,3.29,Otava,Paperback,183,2018,,2021/04/15,2021/04/14,,,read,,,,2,0
8695,"The Restaurant at the End of the Universe (The Hitchhiker's Guide to the Galaxy, #2)",Douglas Adams,"Adams, Douglas",,"=""""","=""""",5,4.20,Del Rey,Paperback,250,2005,1980,2021/05/26,2021/05/26,,,read,,,,1,0
25066990,Living with a SEAL: 31 Days Training with the Toughest Man on the Planet,Jesse Itzler,"Itzler, Jesse",,"=""1455534676""","=""9781455534678""",4,4.29,Center Street,Hardcover,272,2015,2015,2021/05/26,2021/05/23,,,read,,,,1,0
6334,Never Let Me Go,Kazuo Ishiguro,"Ishiguro, Kazuo",,"=""1400078776""","=""9781400078776""",2,3.85,Vintage Books ,Paperback,288,2010,2005,2021/05/26,2021/05/23,,,read,,,,1,0
28186,"The Sea of Monsters (Percy Jackson and the Olympians, #2)",Rick Riordan,"Riordan, Rick",,"=""0786856866""","=""9780786856862""",3,4.24,Hyperion Books,Hardcover,279,2006,2006,2021/05/26,2021/05/24,,,read,,,,1,0
4556058,"The Last Olympian (Percy Jackson and the Olympians, #5)",Rick Riordan,"Riordan, Rick",,"=""1423101472""","=""9781423101475""",3,4.55,Disney-Hyperion Books,Hardcover,381,2009,2009,2021/05/26,2021/05/24,,,read,,,,1,0
2120932,"The Battle of the Labyrinth (Percy Jackson and the Olympians, #4)",Rick Riordan,"Riordan, Rick",,"=""1423101464""","=""9781423101468""",3,4.42,Hyperion Books for Children,Hardcover,361,2008,2008,2021/05/26,2021/05/24,,,read,,,,1,0
561456,"The Titan’s Curse (Percy Jackson and the Olympians, #3)",Rick Riordan,"Riordan, Rick",,"=""""","=""""",3,4.37,Puffin Books,Kindle Edition,352,2007,2007,2021/05/26,2021/05/24,,,read,,,,1,0
45157665,"Success is Inevitable: 17 Laws to Unlock Your Hidden Potential, Skyrocket Your Confidence and Get What You Want from Life (Success principles Book 3)",Thibaut Meurisse,"Meurisse, Thibaut",,"=""""","=""""",5,4.33,,Kindle Edition,242,2019,,2021/05/26,2021/05/25,,,read,,,,1,0
28187,"The Lightning Thief (Percy Jackson and the Olympians, #1)",Rick Riordan,"Riordan, Rick",,"=""0786838655""","=""9780786838653""",3,4.31,Disney Hyperion Books,Paperback,377,2006,2005,2021/05/26,2021/05/24,,,read,,,,1,0
6687,"Charlie and the Great Glass Elevator (Charlie Bucket, #2)",Roald Dahl,"Dahl, Roald",Quentin Blake,"=""0142404128""","=""9780142404126""",4,3.67,Viking Books for Young Readers,Paperback,159,2005,1972,2021/05/26,2021/05/24,,,read,,,,1,0
6310,"Charlie and the Chocolate Factory (Charlie Bucket, #1)",Roald Dahl,"Dahl, Roald",Quentin Blake,"=""0142403881""","=""9780142403884""",3,4.17,Puffin Books,Paperback,176,2005,1964,2021/05/26,2021/05/24,,,read,,,,1,0
43641,Water for Elephants,Sara Gruen,"Gruen, Sara",,"=""1565125606""","=""9781565125605""",3,4.11,Algonquin Books,Paperback,368,2007,2006,2021/05/26,2021/05/24,,,read,,,,1,0
12232938,The Lovely Bones,Alice Sebold,"Sebold, Alice",,"=""0316166685""","=""9780316166683""",1,3.86,"Little, Brown and Company",Mass Market Paperback,372,2006,2002,2021/05/26,2021/05/24,,,read,,,,1,0
10917,My Sister’s Keeper,Jodi Picoult,"Picoult, Jodi",,"=""0743454537""","=""9780743454537""",3,4.11,Atria/Emily Bestler Books,Paperback,423,2005,2004,2021/05/26,2021/05/24,,,read,,,,1,0
99561,Looking for Alaska,John Green,"Green, John",,"=""1435249151""","=""9781435249158""",4,3.96,Speak,Paperback,221,2006,2005,2021/05/26,2021/05/24,,,read,,,,1,0
19501,"Eat, Pray, Love",Elizabeth Gilbert,"Gilbert, Elizabeth",,"=""0143038419""","=""9780143038412""",2,3.64,Riverhead Books,Paperback,368,2007,2006,2021/05/26,2021/05/24,,,read,,,,1,0
37435,The Secret Life of Bees,Sue Monk Kidd,"Kidd, Sue Monk",,"=""0142001740""","=""9780142001745""",3,4.10,Penguin Books,Paperback,302,2003,2001,2021/05/26,2021/05/24,,,read,,,,1,0
1656001,"The Host (The Host, #1)",Stephenie Meyer,"Meyer, Stephenie",,"=""0316068047""","=""9780316068048""",2,3.86,"Little, Brown and Company",Hardcover,619,2008,2008,2021/05/26,2021/05/24,,,read,,,,1,0
7664041,"Inheritance (The Inheritance Cycle, #4)",Christopher Paolini,"Paolini, Christopher",,"=""0375856110""","=""9780375856112""",4,4.16,Alfred A. Knopf,Hardcover,849,2011,2011,2021/05/25,2021/05/24,,,read,,,,1,0
2248573,"Brisingr (The Inheritance Cycle, #3)",Christopher Paolini,"Paolini, Christopher",,"=""0375826726""","=""9780375826726""",4,4.11,Alfred A. Knopf,Hardcover,748,2008,2008,2021/05/25,2021/05/24,,,read,,,,1,0
45978,"Eldest (The Inheritance Cycle, #2)",Christopher Paolini,"Paolini, Christopher",,"=""0375840400""","=""9780375840401""",3,4.05,Knopf Books for Young Readers,Paperback,704,2007,2005,2021/05/25,2021/05/24,,,read,,,,1,0
113436,Eragon (The Inheritance Cycle #1),Christopher Paolini,"Paolini, Christopher",,"=""0375826696""","=""9780375826696""",4,3.96,Alfred A. Knopf,Paperback,503,2005,2002,2021/05/25,2021/05/24,,,read,,,,1,0
43863636,Will This Be on the Test?: What Your Professors Really Want You to Know about Succeeding in College (Skills for Scholars Book 24),Dana T. Johnson,"Johnson, Dana T.",Jennifer E. Price,"=""0691189455""","=""9780691189451""",4,3.70,Princeton University Press,Kindle Edition,190,2019,,2021/05/25,2021/05/25,,,read,,,,1,0
256683,"City of Bones (The Mortal Instruments, #1)",Cassandra Clare,"Clare, Cassandra",,"=""1416914285""","=""9781416914280""",3,4.07,Margaret K. McElderry Books,Hardcover,485,2007,2007,2021/05/25,2021/05/24,,,read,,,,1,0
1582996,"City of Ashes (The Mortal Instruments, #2)",Cassandra Clare,"Clare, Cassandra",,"=""1416914293""","=""9781416914297""",3,4.11,Margaret K. McElderry Books,Hardcover,453,2008,2008,2021/05/25,2021/05/24,,,read,,,,1,0
3777732,"City of Glass (The Mortal Instruments, #3)",Cassandra Clare,"Clare, Cassandra",,"=""1416914307""","=""9781416914303""",3,4.27,Margaret K. McElderry Books,Hardcover,541,2009,2009,2021/05/25,2021/05/24,,,read,,,,1,0
6752378,"City of Fallen Angels (The Mortal Instruments, #4)",Cassandra Clare,"Clare, Cassandra",,"=""1442403543""","=""9781442403543""",3,4.07,Margaret K. McElderry Books,Hardcover,425,2011,2011,2021/05/25,2021/05/24,,,read,,,,1,0
8755776,"City of Lost Souls (The Mortal Instruments, #5)",Cassandra Clare,"Clare, Cassandra",,"=""1442416866""","=""9781442416864""",3,4.21,Margaret K. McElderry Books,Hardcover,535,2012,2012,2021/05/25,2021/05/24,,,read,,,,1,0
8755785,"City of Heavenly Fire (The Mortal Instruments, #6)",Cassandra Clare,"Clare, Cassandra",,"=""1481426303""","=""9781481426305""",4,4.38,Margaret K. McElderry Books,Hardcover,725,2014,2014,2021/05/25,2021/05/24,,,read,,,,1,0
4995943,Happiness For Dummies,W. Doyle Gentry,"Gentry, W. Doyle",,"=""0470281715""","=""9780470281710""",4,3.68,For Dummies,Paperback,368,2008,2008,2021/05/25,2021/05/16,,,read,,,,1,0
824204,The Little Engine That Could,Watty Piper,"Piper, Watty","George Hauman, Doris Hauman","=""0448405202""","=""9780448405209""",5,4.20,Platt & Munk,Hardcover,48,2006,1930,2021/05/24,2021/05/24,,,read,,,,1,0
22875713,"The Student Success System: How to Get an ""A"" on Your Test!",Howard Stephen Berg,"Berg, Howard Stephen",,"=""1469091666""","=""9781469091662""",4,3.71,Gildan Seminars,Audiobook,,2014,2014,2021/05/24,2021/05/24,,,read,,,,1,0
78427,The Total Money Makeover: A Proven Plan for Financial Fitness,Dave Ramsey,"Ramsey, Dave",,"=""0785289089""","=""9780785289081""",3,4.22,Nelson Books,Hardcover,229,2007,1994,2021/05/24,2021/05/24,,,read,,,,1,0
46199,Letters to a Young Poet,Rainer Maria Rilke,"Rilke, Rainer Maria","Franz Xaver Kappus, Reginald Snell","=""0486422453""","=""9780486422459""",2,4.28,Dover Publications,Paperback,80,2002,1929,2021/05/24,2021/05/23,,,read,,,,1,0
323355,The Book of Mormon: Another Testament of Jesus Christ,Joseph Smith Jr.,"Jr., Joseph Smith",,"=""0967686563""","=""9780967686561""",1,4.24,The Church of Jesus Christ of Latter-day Saints,Paperback,531,2013,1830,2021/05/24,2021/05/23,,,read,,,,1,0
81779,The Symposium,Plato,"Plato, Plato",Christopher Gill,"=""0140449272""","=""9780140449273""",4,4.09,Penguin Books,Paperback,90,2003,-380,2021/05/24,2021/05/24,,,read,,,,1,0
6900,"Tuesdays with Morrie: An Old Man, a Young Man, and Life's Greatest Lesson",Mitch Albom,"Albom, Mitch",,"=""""","=""""",3,4.20,Warner,Paperback,210,2000,1997,2021/05/24,2021/05/23,,,read,,,,1,0
233093,"The Cat in the Hat (Cat in the Hat, #1)",Dr. Seuss,"Seuss, Dr.",,"=""039480001X""","=""9780394800011""",4,4.19,Random House Books for Young Readers,Hardcover,61,1985,1957,2021/05/24,2021/05/23,,,read,,,,1,0
23772,Green Eggs and Ham,Dr. Seuss,"Seuss, Dr.",,"=""0394800168""","=""9780394800165""",3,4.31,Random House Books for Young Readers,Hardcover,64,1988,1960,2021/05/24,2021/05/23,,,read,,,,1,0
230817,The Art of Always Being Right,Arthur Schopenhauer,"Schopenhauer, Arthur",,"=""1903933617""","=""9781903933619""",5,3.50,Gibson Square Books Ltd.,Hardcover,138,2004,1831,2021/05/24,2021/05/24,,,read,,,,1,0
32929,Goodnight Moon,Margaret Wise Brown,"Brown, Margaret Wise",Clement Hurd,"=""0060775858""","=""9780060775858""",3,4.32,HarperCollins,Hardcover,32,2007,1947,2021/05/23,2021/05/23,,,read,,,,1,0
301736,Guess How Much I Love You,Sam McBratney,"McBratney, Sam",Anita Jeram,"=""076360013X""","=""9780763600136""",3,4.39,Candlewick,Board book,20,1996,1988,2021/05/23,2021/05/23,,,read,,,,1,0
39291659,Go the F**k to Sleep,Adam Mansbach,"Mansbach, Adam",Ricardo Cortés,"=""1453227601""","=""9781453227602""",5,4.28,Akashic Books,Kindle Edition,17,2011,2011,2021/05/23,2021/05/23,,,read,WTF LOL!,,,1,0
6075789,Worlds Within Worlds: The Story of Nuclear Energy,Isaac Asimov,"Asimov, Isaac",,"=""0898750008""","=""9780898750003""",5,3.97,Intl Specialized Book Services,Hardcover,0,1980,1958,2021/05/23,2021/05/23,,,read,This was really informative about nuclear energy.,,,1,0
41433634,"Heroes: Mortals and Monsters, Quests and Adventures (Stephen Fry's Great Mythology, #2)",Stephen Fry,"Fry, Stephen",,"=""0241380375""","=""9780241380376""",5,4.31,Michael Joseph,Paperback,415,2018,2018,,2021/05/23,,,read,,,,2,0
41542080,A World Beyond Physics: The Emergence and Evolution of Life,Stuart A. Kauffman,"Kauffman, Stuart A.",,"=""0190871334""","=""9780190871338""",5,3.75,Oxford University Press,Hardcover,168,2019,2019,2021/05/23,2021/05/23,,,read,,,,1,0
32599492,"The Girl Who Takes an Eye for an Eye (Millennium, #5)",David Lagercrantz,"Lagercrantz, David",George Goulding,"=""""","=""""",3,3.80,MacLehose Press,ebook,347,2017,2017,2021/05/23,2021/05/23,,,read,,,,1,0
25074850,"The Girl in the Spider's Web (Millennium, #4)",David Lagercrantz,"Lagercrantz, David",,"=""0385354282""","=""9780385354288""",3,3.80,Knopf,Hardcover,400,2015,2015,2021/05/23,2021/05/23,,,read,,,,1,0
6892870,"The Girl Who Kicked the Hornet’s Nest (Millennium, #3)",Stieg Larsson,"Larsson, Stieg",Reg Keeland,"=""030726999X""","=""9780307269997""",3,4.24,Knopf,Hardcover,566,2010,2007,2021/05/23,2021/05/23,,,read,,,,1,0
5060378,The Girl Who Played with Fire (Millennium #2),Stieg Larsson,"Larsson, Stieg",Reg Keeland,"=""0307269981""","=""9780307269980""",3,4.26,Alfred A. Knopf,Hardcover,503,2009,2006,2021/05/23,2021/05/23,,,read,,,,1,0
2429135,"The Girl With the Dragon Tattoo (Millennium, #1)",Stieg Larsson,"Larsson, Stieg",Reg Keeland,"=""0670069019""","=""9780670069019""",4,4.17,Viking Canada,Hardcover,480,2008,2005,2021/05/23,2021/05/23,,,read,,,,1,0
8296,"The First Four Years  (Little House, #9)",Laura Ingalls Wilder,"Wilder, Laura Ingalls",Garth Williams,"=""0060885459""","=""9780060885458""",2,3.87,HarperChildrens,Paperback,160,2007,1971,2021/05/23,2021/05/23,,,read,,,,1,0
77770,"These Happy Golden Years (Little House, #8)",Laura Ingalls Wilder,"Wilder, Laura Ingalls",Garth Williams,"=""0060264802""","=""9780060264802""",2,4.22,Harper & Row,Hardcover,289,1953,1943,2021/05/23,2021/05/23,,,read,,,,1,0
8253,"Little Town on the Prairie  (Little House, #7)",Laura Ingalls Wilder,"Wilder, Laura Ingalls",Garth Williams,"=""0060885432""","=""9780060885434""",1,4.20,HarperCollins,Paperback,400,2007,1941,2021/05/23,2021/05/23,,,read,,,,1,0
8282,"The Long Winter (Little House, #6)",Laura Ingalls Wilder,"Wilder, Laura Ingalls",Garth Williams,"=""0060885424""","=""9780060885427""",1,4.18,HarperChildrens,Paperback,448,2007,1940,2021/05/23,2021/05/23,,,read,,,,1,0
7244,The Poisonwood Bible,Barbara Kingsolver,"Kingsolver, Barbara",,"=""0060786507""","=""9780060786502""",3,4.11,Harper Perennial Modern Classics,Paperback,546,2005,1998,2021/05/23,2021/05/23,,,read,,,,1,0
8252,"Farmer Boy (Little House, #2)",Laura Ingalls Wilder,"Wilder, Laura Ingalls",Garth Williams,"=""0060885386""","=""9780060885380""",1,4.10,HarperChildrens,Paperback,384,2007,1933,2021/05/23,2021/05/23,,,read,,,,1,0
77767,"Little House on the Prairie (Little House, #3)",Laura Ingalls Wilder,"Wilder, Laura Ingalls",Garth Williams,"=""""","=""""",1,4.21,HarperTrophy,Paperback,335,1994,1935,2021/05/23,2021/05/23,,,read,,,,1,0
7882,"On the Banks of Plum Creek (Little House, #4)",Laura Ingalls Wilder,"Wilder, Laura Ingalls",Garth Williams,"=""0060885408""","=""9780060885403""",1,4.22,HarperChildrens,Paperback,384,2007,1937,2021/05/23,2021/05/23,,,read,,,,1,0
8248,"By the Shores of Silver Lake  (Little House, #5)",Laura Ingalls Wilder,"Wilder, Laura Ingalls",,"=""0060885416""","=""9780060885410""",1,4.18,HarperChildrens,Paperback,385,2007,1939,2021/05/23,2021/05/23,,,read,,,,1,0
46787,Uncle Tom’s Cabin,Harriet Beecher Stowe,"Stowe, Harriet Beecher",,"=""""","=""""",2,3.92,Wordsworth Classics,Paperback,438,1999,1852,2021/05/23,2021/05/23,,,read,,,,1,0
14891,A Tree Grows in Brooklyn,Betty  Smith,"Smith, Betty",,"=""0061120073""","=""9780061120077""",2,4.30,HarperCollins Publishers,Paperback,496,2006,1943,2021/05/23,2021/05/23,,,read,,,,1,0
18619684,The Time Traveler's Wife,Audrey Niffenegger,"Niffenegger, Audrey",,"=""1939126010""","=""9781939126016""",4,4.00,Zola Books,ebook,537,2013,2003,2021/05/23,2021/05/23,,,read,,,,1,0
12296,The Scarlet Letter,Nathaniel Hawthorne,"Hawthorne, Nathaniel","Nina Baym, Thomas E. Connolly","=""0142437263""","=""9780142437261""",2,3.44,Penguin Books,Paperback,279,2002,1850,2021/05/23,2021/05/23,,,read,,,,1,0
24583,The Adventures of Tom Sawyer,Mark Twain,"Twain, Mark","Guy Cardwell, John Seelye, Mark Hallaq, Amanda Lee","=""""","=""9780143039563""",3,3.92,Penguin Classics,Paperback,244,2006,1876,2021/05/23,2021/05/23,,,read,,,,1,0
8127,"Anne of Green Gables (Anne of Green Gables, #1)",L.M. Montgomery,"Montgomery, L.M.",Jennifer Lee Carrell,"=""0451528824""","=""9780451528827""",4,4.32,Signet,Mass Market Paperback,320,2003,1908,2021/05/23,2021/05/23,,,read,,,,1,0
52892857,The Color Purple,Alice Walker,"Walker, Alice",,"=""0143135694""","=""9780143135692""",2,4.27,Penguin Books,Paperback,287,2019,1982,2021/05/23,2021/05/23,,,read,,,,1,0
4667024,The Help,Kathryn Stockett,"Stockett, Kathryn",,"=""0399155341""","=""9780399155345""",2,4.47,G.P. Putnam's Sons,Hardcover,464,2009,2009,2021/05/23,2021/05/23,,,read,,,,1,0
231804,The Outsiders,S.E. Hinton,"Hinton, S.E.",,"=""0670532576""","=""9780670532575""",3,4.14,Puffin Books (US/CAN),Mass Market Paperback,208,1997,1967,2021/05/23,2021/05/23,,,read,,,,1,0
24178,Charlotte’s Web,E.B. White,"White, E.B.","Garth Williams, Rosemary Wells","=""0064410935""","=""9780064410939""",4,4.21,HarperCollinsPublishers,Paperback,184,2001,1952,2021/05/23,2021/05/23,,,read,,,,1,0
3636,"The Giver (The Giver, #1)",Lois Lowry,"Lowry, Lois",,"=""0385732554""","=""9780385732550""",4,4.12,Ember,Paperback,208,2006,1993,2021/05/23,2021/05/23,,,read,,,,1,0
13324841,"Son (The Giver, #4)",Lois Lowry,"Lowry, Lois",,"=""0547887205""","=""9780547887203""",2,3.99,Clarion Books,Hardcover,393,2012,2012,2021/05/23,2021/05/23,,,read,,,,1,0
12936,"Gathering Blue (The Giver, #2)",Lois Lowry,"Lowry, Lois",,"=""0385732562""","=""9780385732567""",3,3.82,Delacorte Press,Paperback,240,2000,2000,2021/05/23,2021/05/23,,,read,,,,1,0
12930,"Messenger (The Giver, #3)",Lois Lowry,"Lowry, Lois",,"=""0385732538""","=""9780385732536""",2,3.92,Delacorte Press,Paperback,169,2006,2004,2021/05/23,2021/05/23,,,read,,,,1,0
370493,The Giving Tree,Shel Silverstein,"Silverstein, Shel",,"=""0060256656""","=""9780060256654""",4,4.38,HarperCollins Publishers,Hardcover,64,1964,1964,2021/05/23,2021/05/23,,,read,,,,1,0
53287484,"Midnight Sun (The Twilight Saga, #5)",Stephenie Meyer,"Meyer, Stephenie",,"=""031670704X""","=""9780316707046""",1,3.74,"Little, Brown Books for Young Readers",Hardcover,662,2020,2020,2021/05/23,2021/05/23,,,read,,,,1,0
1162543,"Breaking Dawn (The Twilight Saga, #4)",Stephenie Meyer,"Meyer, Stephenie",,"=""031606792X""","=""9780316067928""",1,3.75,"Little, Brown and Company",Hardcover,756,2008,2008,2021/05/23,2021/05/23,,,read,,,,1,0
7937462,"The Short Second Life of Bree Tanner (The Twilight Saga, #3.5)",Stephenie Meyer,"Meyer, Stephenie",,"=""031612558X""","=""9780316125581""",1,3.52,"Little, Brown and Company",Hardcover,178,2010,2009,2021/05/23,2021/05/23,,,read,,,,1,0
428263,"Eclipse (The Twilight Saga, #3)",Stephenie Meyer,"Meyer, Stephenie",,"=""0316160202""","=""9780316160209""",1,3.74,"Little, Brown and Company",Hardcover,629,2007,2007,2021/05/23,2021/05/23,,,read,,,,1,0
49041,"New Moon (The Twilight Saga, #2)",Stephenie Meyer,"Meyer, Stephenie",,"=""0316160199""","=""9780316160193""",1,3.61,"Little, Brown and Company",Hardcover,563,2006,2006,2021/05/23,2021/05/23,,,read,,,,1,0
31706920,Life and Death: Twilight Reimagined (The Twilight Saga),Stephenie Meyer,"Meyer, Stephenie",,"=""0316505455""","=""9780316505451""",1,3.48,"Little, Brown Books for Young Readers",Paperback,389,2016,2016,2021/05/23,2021/05/23,,,read,,,,1,0
41865,"Twilight (The Twilight Saga, #1)",Stephenie Meyer,"Meyer, Stephenie",,"=""0316015849""","=""9780316015844""",2,3.67,"Little, Brown and Company",Paperback,498,2006,2005,2021/05/23,2021/05/23,,,read,,,,1,0
189989,Finite and Infinite Games: A Vision of Life as Play and Possibility,James P. Carse,"Carse, James P.",,"=""0345341848""","=""9780345341846""",5,3.73,Ballantine,Mass Market Paperback,180,1987,1986,2021/05/23,2021/01/13,,,read,Amazing tool of thinking anything.,,,1,0
27537,Working with Emotional Intelligence,Daniel Goleman,"Goleman, Daniel",,"=""0553378589""","=""9780553378580""",4,3.82,Bantam,Paperback,400,2000,1998,,2021/05/23,,,read,,,,1,0
7148931,"The 4-Hour Body: An Uncommon Guide to Rapid Fat-Loss, Incredible Sex, and Becoming Superhuman",Timothy Ferriss,"Ferriss, Timothy",,"=""030746363X""","=""9780307463630""",4,3.71,Crown Pub,Hardcover,571,2010,2000,2021/05/23,2021/05/23,,,read,,,,1,0
31799,The Problems of Philosophy,Bertrand Russell,"Russell, Bertrand",,"=""1421903679""","=""9781421903675""",5,3.90,Indypublish.Com,Paperback,116,2005,1912,2021/05/22,2021/05/22,,,read,Answers many questions I have lately have.,,,1,0
108593,Driven to Distraction: Recognizing and Coping with Attention Deficit Disorder from Childhood Through Adulthood,Edward M. Hallowell,"Hallowell, Edward M.",John J. Ratey,"=""0684801280""","=""9780684801285""",3,4.12,Touchstone Books,Paperback,319,1995,1992,2021/05/22,2021/05/22,,,read,,,,1,0
57313651,Exercise in Speculation: The Theory and Practice of Teleportation,Larry Niven,"Niven, Larry",,"=""""","=""""",4,3.88,,Audiobook,,2017,,2021/05/22,2021/05/22,,,read,,,,1,0
38210,The Art of Happiness,Dalai Lama XIV,"XIV, Dalai Lama",Howard C. Cutler,"=""1573221112""","=""9781573221115""",5,4.17,Riverhead Hardcover,Hardcover,322,1998,1998,2021/05/22,2021/01/25,,,read,,,,1,0
188897,Socialism: Utopian and Scientific,Friedrich Engels,"Engels, Friedrich",,"=""0873485793""","=""9780873485791""",1,4.25,Pathfinder Pr,Paperback,86,1932,1880,2021/05/22,2021/05/22,,,read,,,,1,0
49151007,How to Sleep: The New Science-Based Solutions for Sleeping Through the Night,Rafael Pelayo MD,"MD, Rafael Pelayo",,"=""1579659578""","=""9781579659578""",4,3.45,Artisan,Hardcover,160,2020,,2021/05/22,2021/05/22,,,read,,,,1,0
50738733,Summary of High Performance Habits: How Extraordinary People Become That Way by Brendon Burchard,Readtrepreneur Publishing,"Publishing, Readtrepreneur",,"=""""","=""""",4,4.40,Readtrepreneur Publishing,Kindle Edition,78,2019,,2021/05/22,2021/05/21,,,read,,,,1,0
73186,The Case for Christ,Lee Strobel,"Strobel, Lee",,"=""0310226058""","=""9780310226055""",1,4.23,Zondervan,Mass Market Paperback,367,1998,1998,2021/05/22,2021/05/22,,,read,,,,1,0
4711854,The Machine Stops,E.M. Forster,"Forster, E.M.",,"=""140990329X""","=""9781409903291""",5,4.07,Dodo Pr,Paperback,35,2008,1909,2021/05/22,2021/05/22,,,read,,,,1,0
25231421,Thinner Leaner Stronger: The Simple Science of Building the Ultimate Female Body,Michael  Matthews,"Matthews, Michael",,"=""1938895290""","=""9781938895296""",3,4.00,Oculus Publishers,Paperback,344,2015,2012,2021/05/21,2021/05/21,,,read,,,,1,0
40121378,Atomic Habits: An Easy & Proven Way to Build Good Habits & Break Bad Ones,James Clear,"Clear, James",,"=""""","=""""",5,4.33,Avery,Kindle Edition,319,2018,2018,,2020/10/23,,,read,,,,2,0
16144853,Leaders Eat Last: Why Some Teams Pull Together and Others Don't,Simon Sinek,"Sinek, Simon",,"=""1591845327""","=""9781591845324""",4,4.09,Portfolio,Hardcover,350,2014,2014,2021/05/21,2021/01/17,,,read,,,,1,0
38463761,Ethereum: Programming and Mining to Better Investments,Jiles Reeves,"Reeves, Jiles",,"=""""","=""""",5,4.40,,Kindle Edition,49,2018,,2021/05/21,2021/05/21,,,read,,,,1,0
40163330,80/20 Principle: The Secret to Working Less and Making More,Paul J. Stanley,"Stanley, Paul J.",,"=""""","=""""",5,1.82,,Kindle Edition,62,2018,,2021/05/21,2021/05/21,,,read,,,,1,0
16158498,Give and Take: A Revolutionary Approach to Success,Adam M. Grant,"Grant, Adam M.",,"=""0670026557""","=""9780670026555""",3,4.07,Viking,Hardcover,320,2013,2013,2021/05/21,2021/01/13,,,read,,,,1,0
52780142,Get Out of Your Head: Stopping the Spiral of Toxic Thoughts,Jennie Allen,"Allen, Jennie",,"=""1601429649""","=""9781601429643""",1,4.06,WaterBrook,Hardcover,223,2020,2020,2021/05/21,2021/05/21,,,read,,,,1,0
35435187,Windows 10 Mastery: The Complete User Guide to Learn Windows 10 from Beginner to Expert,Alex Nelson,"Nelson, Alex",,"=""1537883704""","=""9781537883700""",2,2.00,Pronoun,Kindle Edition,30,2017,,2021/05/21,2021/05/16,,,read,,,,1,0
60548,Still the Mind: An Introduction to Meditation,Alan W. Watts,"Watts, Alan W.",Mark Watts,"=""1577312147""","=""9781577312147""",4,4.05,New World Library,Paperback,128,2002,2000,2021/05/21,2021/05/21,,,read,,,,1,0
18634501,What the Most Successful People Do Before Breakfast: A Short Guide to Making Over Your Mornings--and Life,Laura Vanderkam,"Vanderkam, Laura",,"=""1591845769""","=""9781591845768""",5,3.41,Portfolio,Kindle Edition,181,2012,2012,2021/05/21,2021/05/21,,,read,,,,1,0
46114266,Successful Aging: A Neuroscientist Explores the Power and Potential of Our Lives,Daniel J. Levitin,"Levitin, Daniel J.",,"=""1524744182""","=""9781524744182""",4,3.93,Dutton,Hardcover,528,2020,2020,2021/05/21,2021/01/11,,,read,,,,1,0
20791650,Your Head Shape Reveals Your Personality!: Science's Biggest Mistakes about the Human Body (Science Gets It Wrong),Christine Zuchora-Walske,"Zuchora-Walske, Christine",,"=""1467736619""","=""9781467736619""",3,4.00,Lerner Publications ™,Library Binding,32,2014,2014,2021/05/21,2021/05/21,,,read,,,,1,0
6596,The Four Agreements: A Practical Guide to Personal Freedom,Miguel Ruiz,"Ruiz, Miguel",Janet Mills,"=""1878424505""","=""9781878424501""",2,4.19,Amber-Allen Publishing,Hardcover,152,2001,1997,2021/05/21,2021/01/13,,,read,,,,1,0
41721428,Can't Hurt Me: Master Your Mind and Defy the Odds,David Goggins,"Goggins, David",,"=""1544512260""","=""""",5,4.30,Lioncrest Publishing,Kindle Edition,366,2018,2018,2021/05/21,2021/01/14,,,read,,,,1,0
20901479,We're the Center of the Universe!: Science's Biggest Mistakes about Astronomy and Physics (Science Gets It Wrong),Christine Zuchora-Walske,"Zuchora-Walske, Christine",,"=""1467736635""","=""9781467736633""",4,3.88,Lerner Publications ™,Library Binding,32,2014,2014,2021/05/20,2021/05/20,,,read,,,,1,0
1052,The Richest Man in Babylon,George S. Clason,"Clason, George S.",,"=""0451205367""","=""9780451205360""",4,4.23,Berkley Books,Paperback,194,2002,1926,2021/05/20,2021/05/20,,,read,,,,1,0
54894646,"A Rare Recording of Lenin, Trotsky and Stalin",Vladimir Lenin,"Lenin, Vladimir","Leon Trotsky, Joseph Stalin","=""""","=""""",1,2.33," Listen & Live Audio, Inc.",Audiobook,,2011,,2021/05/20,2021/05/20,,,read,,,,1,0
13543093,The Better Angels of Our Nature: Why Violence Has Declined,Steven Pinker,"Pinker, Steven",,"=""0143122010""","=""9780143122012""",3,4.16,Penguin Books,Paperback,806,2012,2010,2021/05/20,2021/05/20,,,read,,,,1,0
6342995,The Score Takes Care of Itself: My Philosophy of Leadership,Bill   Walsh,"Walsh, Bill","Steve Jamison, Craig Walsh","=""1591842662""","=""9781591842668""",4,4.21,Portfolio,Hardcover,288,2009,2009,2021/05/20,2021/01/13,,,read,,,,1,0
18906448,1914: History in an Hour,Rupert Colley,"Colley, Rupert",,"=""0007542550""","=""9780007542550""",4,3.86,William Collins,Kindle Edition,99,2013,2013,2021/05/20,2021/05/20,,,read,,,,1,0
43369,God Is Not Great: How Religion Poisons Everything,Christopher Hitchens,"Hitchens, Christopher",,"=""0446579807""","=""9780446579803""",4,3.96,Twelve Books,Hardcover,307,2007,2007,2021/05/20,2021/01/11,,,read,,,,1,0
29874881,The Case Against Sugar,Gary Taubes,"Taubes, Gary",,"=""1524709077""","=""9781524709075""",4,3.84,Books on Tape,Paperback,384,2016,2016,2021/05/20,2021/05/20,,,read,,,,1,0
13259270,Free Will,Sam Harris,"Harris, Sam",,"=""1451683405""","=""9781451683400""",4,3.86,Free Press,Paperback,96,2012,2012,2021/05/20,2021/05/20,,,read,,,,1,0
41154999,Three Laws of Nature: A Little Book on Thermodynamics,R. Stephen Berry,"Berry, R. Stephen",,"=""0300238789""","=""9780300238785""",5,3.51,Yale University Press,Hardcover,184,2019,,2021/05/20,2021/05/20,,,read,,,,1,0
32191710,Astrophysics for People in a Hurry,Neil deGrasse Tyson,"Tyson, Neil deGrasse",,"=""0393609391""","=""9780393609394""",5,4.08,W. W. Norton & Company,Hardcover,223,2017,2017,2021/05/20,2021/01/11,,,read,Flaw waving and space exploration doesn't mix.,,,1,0
236093,"The Wonderful Wizard of Oz (Oz, #1)",L. Frank Baum,"Baum, L. Frank",W.W. Denslow,"=""0140621679""","=""9780140621679""",5,4.00,Penguin,Paperback,154,1995,1900,2021/05/19,2021/05/15,,,read,,,,1,0
13622979,World War One: History In An Hour,Rupert Colley,"Colley, Rupert",,"=""""","=""""",5,3.83,Harper Collins,ebook,,2012,2012,2021/05/19,2021/05/19,,,read,,,,1,0
16171512,The Siege of Leningrad: History in an Hour,Rupert Colley,"Colley, Rupert",,"=""0007485190""","=""9780007485192""",4,4.05,HarperCollins Publishers,Kindle Edition,0,2012,2012,2021/05/19,2021/05/19,,,read,,,,1,0
17859964,Dickens: History in an Hour,Kaye Jones,"Jones, Kaye",Jonathan Keeble,"=""""","=""""",4,3.88,HarperCollins Publishers Limited,Audiobook,,2013,2012,2021/05/19,2021/05/19,,,read,,,,1,0
13575977,The Queen: History In An Hour,Sinead Fitzgibbon,"Fitzgibbon, Sinead",,"=""""","=""9780007485161""",4,3.93,HarperPress,ebook,60,2012,2012,2021/05/19,2021/05/18,,,read,,,,1,0
4948,The Very Hungry Caterpillar,Eric Carle,"Carle, Eric",,"=""0241003008""","=""9780241003008""",3,4.34,Puffin Books,Board book,26,1994,1969,2021/05/18,2021/05/18,,,read,,,,1,0
289448,The Joy of Living: Unlocking the Secret and Science of Happiness,Yongey Mingyur,"Mingyur, Yongey","Daniel Goleman, Eric  Swanson","=""0307346250""","=""9780307346254""",5,4.26,Harmony,Hardcover,272,2007,2007,2021/05/18,2021/05/18,,,read,,,,1,0
32260,Gravity,Tess Gerritsen,"Gerritsen, Tess",,"=""0006513085""","=""9780006513087""",4,4.10,Harpercollins Pb,Paperback,342,2000,1983,2021/05/18,2021/05/17,,,read,,,,1,0
21480734,Dataclysm: Who We Are (When We Think No One's Looking),Christian Rudder,"Rudder, Christian",,"=""0385347375""","=""9780385347372""",4,3.73,Crown,Hardcover,304,2014,2014,2021/05/17,2021/03/07,,,read,,,,1,0
6796675,"Buddha's Brain: The Practical Neuroscience of Happiness, Love, and Wisdom",Rick     Hanson,"Hanson, Rick","Richard Mendius, Daniel J. Siegel, Jack Kornfield","=""""","=""""",5,4.00,New Harbinger Publications,Paperback,252,2009,2009,2021/05/16,2021/05/16,,,read,,,,1,0
52563234,AI Ethics,Mark Coeckelbergh,"Coeckelbergh, Mark",,"=""0262538199""","=""9780262538190""",4,3.63,MIT Press,Paperback,248,2020,2020,2021/05/15,2021/05/15,,,read,,,,1,0
36210524,Machine Learning for Beginners: A Plain English Introduction to Artificial Intelligence and Machine Learning,John Slavio,"Slavio, John",,"=""""","=""""",3,2.57,,Kindle Edition,75,2017,,2021/05/15,2021/05/15,,,read,,,,1,0
16256798,The One Thing: The Surprisingly Simple Truth Behind Extraordinary Results,Gary Keller,"Keller, Gary",Jay Papasan,"=""1885167776""","=""9781885167774""",4,4.13,Bard Press,Hardcover,240,2013,2012,2021/05/15,2021/01/25,,,read,,,,1,0
6708,The Power of Now: A Guide to Spiritual Enlightenment,Eckhart Tolle,"Tolle, Eckhart",,"=""""","=""""",5,4.15,New World Library,Paperback,229,2004,1997,2021/05/15,2021/01/25,,,read,,,,1,0
40582550,Neural Networks: Neural Networks Tools and Techniques for Beginners,John Slavio,"Slavio, John",,"=""""","=""""",5,3.50,,Kindle Edition,115,2018,,2021/05/15,2021/05/15,,,read,,,,1,0
39401909,The AI Delusion,Gary Smith,"Smith, Gary",,"=""0198824300""","=""9780198824305""",5,3.65,Oxford University Press,Hardcover,256,2018,,2021/05/15,2021/05/14,,,read,,,,1,0
38319056,Text Analytics: Practical Steps to Sort Data,David Feldspar,"Feldspar, David",,"=""""","=""""",5,4.00,,Kindle Edition,44,2018,,2021/05/14,2021/05/13,,,read,,,,1,0
34889377,Robot-Proof: Higher Education in the Age of Artificial Intelligence,Joseph E. Aoun,"Aoun, Joseph E.",,"=""0262037289""","=""9780262037280""",4,3.62,Mit Pr,Hardcover,187,2014,2017,2021/05/13,2021/05/13,,,read,,,,1,0
38375130,Reinforcement Learning: Reinforcement Learning,David Feldspar,"Feldspar, David",,"=""1984993046""","=""9781984993045""",4,3.43,Createspace Independent Publishing Platform,Paperback,36,2018,,2021/05/13,2021/05/13,,,read,,,,1,0
38336341,"Reinforcement Learning: Machine Learning, Gamma, and Inventory Management",David Feldspar,"Feldspar, David",,"=""""","=""""",5,4.00,,Kindle Edition,40,2018,,2021/05/13,2021/05/13,,,read,,,,1,0
38328611,Deep Learning: Machine Learning and Data Analytics Explained,David Feldspar,"Feldspar, David",,"=""""","=""""",5,2.96,,Kindle Edition,32,2018,,2021/05/13,2021/05/12,,,read,,,,1,0
38336334,"Reinforcement Learning: Artificial Intelligence, Schooling, and GED Study Tips",David Feldspar,"Feldspar, David",,"=""""","=""""",5,3.83,,Kindle Edition,36,2018,,2021/05/12,2021/05/12,,,read,,,,1,0
38339442,Big Data: Analytics in Revolution for Business and Science,David Feldspar,"Feldspar, David",,"=""""","=""""",4,3.25,,Kindle Edition,38,2018,,2021/05/12,2021/05/12,,,read,,,,1,0
38319053,"Text Analytics: Python, Models, and Lexicons",David Feldspar,"Feldspar, David",,"=""""","=""""",5,3.57,,Kindle Edition,48,2018,,2021/05/12,2021/05/12,,,read,,,,1,0
38328069,Deep Learning: Guide to Machine Learning and Artificial Intelligence,David Feldspar,"Feldspar, David",,"=""""","=""""",5,3.17,,Kindle Edition,47,2018,,2021/05/12,2021/05/12,,,read,,,,1,0
38338652,Big Data: Mining and Measuring Big Data for Information and Intelligence,David Feldspar,"Feldspar, David",,"=""""","=""""",4,3.44,,Kindle Edition,35,2018,,2021/05/12,2021/05/11,,,read,,,,1,0
41709646,"Machine Learning in Python: Hands on Machine Learning with Python Tools, Concepts and Techniques",Bob Mather,"Mather, Bob",,"=""""","=""""",4,3.00,,Kindle Edition,127,2018,,2021/05/11,2021/05/11,,,read,,,,1,0
3028,Economics in One Lesson,Henry Hazlitt,"Hazlitt, Henry",,"=""""","=""""",5,4.16,Three Rivers Press,Paperback,218,1979,1946,2021/05/10,2021/05/09,,,read,Basics of economics.,,,1,0
57312561,Power Habits: How Daily Atomic Rituals Are Creating Highly Effective People With High Performance,Better Me Audio,"Audio, Better Me",,"=""""","=""""",4,3.50,Better Me Audio,Audiobook,,2020,,2021/05/08,2021/05/08,,,read,,,,1,0
170548,Don't Sweat the Small Stuff ... and It's All Small Stuff: Simple Ways to Keep the Little Things From Taking Over Your Life,Richard Carlson,"Carlson, Richard",,"=""073380084X""","=""9780733800849""",3,4.00,Bantam,Mass Market Paperback,248,1997,1997,2021/05/08,2021/01/25,,,read,,,,1,0
18668059,The Obstacle Is the Way: The Timeless Art of Turning Trials into Triumph,Ryan Holiday,"Holiday, Ryan",,"=""1591846358""","=""9781591846352""",4,4.15,Portfolio,Hardcover,201,2014,2014,2021/05/08,2021/01/13,,,read,,,,1,0
5206937,A Modest Proposal,Jonathan Swift,"Swift, Jonathan",,"=""1605977276""","=""9781605977270""",4,4.02,Book Jungle,Paperback,48,2008,1729,2021/05/07,2021/02/11,,,read,,,,1,0
23590594,Luova järkevyys - Arkisen luovuuden ylistys,Saku Tuominen,"Tuominen, Saku",,"=""9511284541""","=""9789511284543""",5,3.57,Otava,Hardcover,253,2014,2014,2021/05/04,2021/05/03,,,read,,,,1,0
52529,"The Secret (The Secret, #1)",Rhonda Byrne,"Byrne, Rhonda",,"=""""","=""""",2,3.74,Atria Books/Beyond Words,Hardcover,199,2006,2006,2021/05/03,2021/01/25,,,read,"That Ford quota is pretty good, but universal law of attraction is bs. I think you must have plan and skills to execute it. Law of attraction can give you the motivation to plan something, but executing skills it doesn't provide.",,,1,1
355697,All Quiet on the Western Front,Erich Maria Remarque,"Remarque, Erich Maria",Arthur Wesley Wheen,"=""0449213943""","=""9780449213940""",5,4.10,Ballantine Books,Mass Market Paperback,296,1987,1928,2021/05/03,2021/01/27,,,read,,,,1,0
3876,The Sun Also Rises,Ernest Hemingway,"Hemingway, Ernest",,"=""""","=""""",3,3.79,Pan Books,Paperback,189,1957,1926,2021/05/03,2021/05/03,,,read,,,,1,0
10776,Green Hills of Africa,Ernest Hemingway,"Hemingway, Ernest",Edward Shenton,"=""0099460955""","=""9780099460954""",3,3.54,London:,Paperback,200,2004,1935,2021/05/03,2021/05/02,,,read,,,,1,0
18254,Oliver Twist,Charles Dickens,"Dickens, Charles",Philip Horne,"=""""","=""""",4,3.88,Penguin Books,Paperback,608,2003,1838,2021/05/02,2021/01/17,,,read,,,,1,0
13006,Julius Caesar,William Shakespeare,"Shakespeare, William","Harold Bloom, Roma Gill, William Allan Neilson","=""0198320272""","=""9780198320272""",4,3.71,Oxford University Press,Paperback,175,2002,1599,2021/05/01,2021/02/11,,,read,,,,1,0
1625,Twelfth Night,William Shakespeare,"Shakespeare, William","Barbara A. Mowat, Paul Werstine","=""0743482778""","=""9780743482776""",3,3.96,Simon & Schuster; Washington Square Press,Mass Market Paperback,222,2004,1623,2021/05/01,2021/05/01,,,read,,,,1,0
108218,Men Without Women,Ernest Hemingway,"Hemingway, Ernest",,"=""""","=""""",4,3.58,Scribner,Paperback,153,2004,1927,2021/05/01,2021/04/30,,,read,,,,1,0
40940649,I Am Legend,Richard Matheson,"Matheson, Richard",,"=""0795315635""","=""9780795315633""",4,4.05, RosettaBooks ,Kindle Edition,162,2011,1954,2021/04/30,2021/04/30,,,read,,,,1,0
45195,A Passage to India,E.M. Forster,"Forster, E.M.","Oliver Stallybrass, Pankaj Mishra","=""014144116X""","=""9780141441160""",4,3.68,Penguin Books,Paperback,376,2005,1924,2021/04/30,2021/04/29,,,read,,,,1,0
7144,Crime and Punishment,Fyodor Dostoevsky,"Dostoevsky, Fyodor","David McDuff, Joseph Frank","=""""","=""""",5,4.28,Penguin,Paperback,671,2002,1866,2021/04/29,2021/01/17,,,read,,,,1,1
29044,The Secret History,Donna Tartt,"Tartt, Donna",,"=""1400031702""","=""9781400031702""",3,4.16,Vintage Books,Paperback,559,2004,1992,2021/04/27,2021/04/24,,,read,Jeez these guys drink and smoke alot(exactly opposite of what I want from my life).,,,1,0
4979,A Man Without a Country,Kurt Vonnegut Jr.,"Jr., Kurt Vonnegut",Daniel Simon,"=""081297736X""","=""9780812977363""",5,4.10,Random House Trade Paperbacks,Paperback,145,2007,2005,2021/04/24,2021/04/24,,,read,,,,1,0
8909,The War of the Worlds,H.G. Wells,"Wells, H.G.",Arthur C. Clarke,"=""0375759239""","=""9780375759239""",5,3.83,Random House Publishing Group,Paperback,192,2002,1898,2021/04/24,2021/04/24,,,read,Brilliant!,,,1,0
275779,The Door in the Wall,H.G. Wells,"Wells, H.G.","Jorge Luis Borges, İdil Dündar","=""1600964249""","=""9781600964244""",3,3.79,Waking Lion Press,Paperback,144,2006,1906,2021/01/01,2021/04/24,,,read,,,,1,0
13423464,The Lord of the Dynamos,H.G. Wells,"Wells, H.G.",,"=""""","=""""",5,2.92,TheBestAudioBooks.com,Audiobook,,,1894,2021/04/24,2021/04/23,,,read,,,,1,0
667,Anthem,Ayn Rand,"Rand, Ayn",Leonard Peikoff,"=""0452281253""","=""9780452281257""",4,3.61,NAL,Paperback,105,1999,1938,2021/04/23,2021/04/23,,,read,,,,1,0
17899948,Rebecca,Daphne du Maurier,"Maurier, Daphne du",,"=""0316323705""","=""9780316323703""",4,4.25,"Little, Brown and Company",Kindle Edition,449,2013,1938,2021/04/23,2021/02/11,,,read,,,,1,0
2493,The Time Machine,H.G. Wells,"Wells, H.G.","Greg Bear, Carlo Pagetti","=""""","=""""",4,3.89,Signet Classics,Paperback,118,2002,1895,2021/04/23,2021/01/17,,,read,,,,1,0
578519,Captain Corelli's Mandolin,Louis de Bernières,"Bernières, Louis de",,"=""""","=""""",5,4.03,Vintage,Paperback,436,1998,1994,2021/04/22,2021/04/21,,,read,,,,1,0
31823677,"Tools of Titans: The Tactics, Routines, and Habits of Billionaires, Icons, and World-Class Performers",Timothy Ferriss,"Ferriss, Timothy",Arnold Schwarzenegger,"=""""","=""""",5,4.10,Houghton Mifflin Harcourt,Kindle Edition,827,2016,2016,2021/04/22,2021/01/13,,,read,,,,1,0
5326,A Christmas Carol,Charles Dickens,"Dickens, Charles",Joe L. Wheeler,"=""1561797464""","=""9781561797462""",5,4.09,Bethany House Publishers ,Paperback,184,1999,1843,2021/04/21,2021/01/17,,,read,,,,1,0
41395261,The Tragedy of Coriolanus,William Shakespeare,"Shakespeare, William",,"=""1724719424""","=""9781724719423""",5,3.72,Createspace Independent Publishing Platform,Paperback,148,2018,1608,2021/04/20,2021/04/19,,,read,,,,1,0
92303,The Importance of Being Earnest,Oscar Wilde,"Wilde, Oscar",,"=""158049580X""","=""9781580495806""",4,4.17,Prestwick House,Paperback,89,2005,1895,2021/04/19,2021/03/23,,,read,,,,1,0
1852,The Call of the Wild,Jack London,"London, Jack",Avi,"=""""","=""""",4,3.91,Scholastic,Mass Market Paperback,172,2001,1903,2021/04/18,2021/01/26,,,read,,,,1,0
2932,Robinson Crusoe,Daniel Defoe,"Defoe, Daniel",Virginia Woolf,"=""""","=""""",5,3.68,Modern Library,Hardcover,320,2001,1719,2021/04/18,2021/04/17,,,read,,,,1,0
17184,The Invisible Man,H.G. Wells,"Wells, H.G.",Scott Westerfeld,"=""0451528522""","=""9780451528520""",5,3.63,New American Library/Penguin Books,Mass Market Paperback,192,2002,1897,2021/04/17,2021/04/16,,,read,,,,1,0
5356711,The Winner Stands Alone,Paulo Coelho,"Coelho, Paulo",Arash Hejazi,"=""0061750441""","=""9780061750441""",4,3.39,HarperOne,Hardcover,368,2009,2008,2021/04/16,2021/01/12,,,read,,,,1,1
13497,A Feast for Crows,George R.R. Martin,"Martin, George R.R.",,"=""""","=""""",5,4.17,Bantam Books,Mass Market Paperback,1060,2011,2005,2021/04/14,2021/01/16,,,read,,,,1,1
32829,Journey to the Center of the Earth,Jules Verne,"Verne, Jules","Lowell Bair, Kim Stanley Robinson","=""0553213970""","=""9780553213973""",5,3.85,Bantam,Mass Market Paperback,240,1991,1864,2021/04/14,2021/04/13,,,read,,,,1,0
12957,Much Ado About Nothing,William Shakespeare,"Shakespeare, William","Paul Werstine, Gail Kern Paster, Henry Irving, Barbara A. Mowat, Henry Norman Hudson, Frederick S. Boas, F.H. Mares, Robert          Jackson","=""""","=""""",3,4.06,Simon Schuster,Paperback,249,2004,1598,2021/04/13,2021/02/11,,,read,,,,1,0
10511555,Dracula's Guest,Bram Stoker,"Stoker, Bram",,"=""""","=""""",5,3.78,Quality Classics,Nook,20,2010,1914,2021/04/12,2021/04/11,,,read,,,,1,0
4214,Life of Pi,Yann Martel,"Martel, Yann",,"=""0770430074""","=""9780770430078""",4,3.94,Seal Books,Paperback,460,2006,2001,2021/04/12,2021/01/17,,,read,,,,1,0
50398,Northanger Abbey,Jane Austen,"Austen, Jane",Alfred Mac Adam,"=""1593082649""","=""9781593082642""",5,3.85,Barnes & Noble Classics,Paperback,260,2005,1817,2021/04/12,2021/04/02,,,read,Last ever Jane Austen book and because of that it was the very best book I have ever finished. 5 stars because I'm getting rid of unoriginal love stories of Jane Austen. The thing I most like about Jane Austen books is that I don't need to them anymore! Amazing! The torment is over now I'm in peace.,,,1,0
4900,Heart of Darkness,Joseph Conrad,"Conrad, Joseph",,"=""1892295490""","=""9781892295491""",3,3.43,Green Integer,Paperback,188,2003,1899,2021/04/12,2021/04/09,,,read,,,,1,0
17245,Dracula,Bram Stoker,"Stoker, Bram","Rubén Toledo, Nina Auerbach, David J. Skal","=""0393970124""","=""9780393970128""",5,4.02,Norton,Paperback,488,1986,1897,2021/04/11,2021/01/17,,,read,,,,1,0
2998,The Secret Garden,Frances Hodgson Burnett,"Burnett, Frances Hodgson",,"=""0517189607""","=""9780517189603""",3,4.16,Children's Classics,Hardcover,331,1998,1911,2021/04/09,2021/01/17,,,read,,,,1,0
943579,Tuntematon sotilas,Väinö Linna,"Linna, Väinö",,"=""9510292745""","=""9789510292747""",4,4.07,WSOY,Hardcover,443,2005,2000,2021/01/01,2021/04/09,,,read,,,,1,0
929,Memoirs of a Geisha,Arthur Golden,"Golden, Arthur",,"=""1400096898""","=""9781400096893""",4,4.16,Vintage Books USA,Mass Market Paperback,503,2005,1997,2021/04/02,2021/01/17,,,read,,,,1,0
320,One Hundred Years of Solitude,Gabriel García Márquez,"Márquez, Gabriel García",Gregory Rabassa,"=""""","=""""",4,4.12,Harper,Mass Market Paperback,417,2003,1967,2021/04/08,2021/01/12,,,read,,,,1,0
77203,The Kite Runner,Khaled Hosseini,"Hosseini, Khaled",,"=""159463193X""","=""9781594631931""",4,4.35,Riverhead Books,Paperback,371,2004,2003,2021/04/05,2021/04/04,,,read,,,,1,0
277032,The New Atlantis,Francis Bacon,"Bacon, Francis",,"=""1406504149""","=""9781406504149""",4,3.08,Dodo Press,Paperback,48,2006,1626,2021/04/04,2021/04/02,,,read,,,,1,0
37793,A Doll's House,Henrik Ibsen,"Ibsen, Henrik",,"=""1406914835""","=""9781406914832""",4,3.77,Hard Press,Paperback,122,2007,1879,2021/04/04,2021/02/11,,,read,,,,1,0
99107,"Winnie-the-Pooh (Winnie-the-Pooh, #1)",A.A. Milne,"Milne, A.A.",Ernest H. Shepard,"=""0525467564""","=""9780525467564""",2,4.38,Dutton Juvenile,Hardcover,161,2001,1926,2021/04/03,2021/04/03,,,read,,,,1,0
32767,At the Mountains of Madness,H.P. Lovecraft,"Lovecraft, H.P.",China Miéville,"=""0812974417""","=""9780812974416""",5,3.79,The Modern Library,Paperback,194,2005,1931,,2021/04/03,,,read,,,,1,0
51496,Dr. Jekyll and Mr. Hyde,Robert Louis Stevenson,"Stevenson, Robert Louis","Vladimir Nabokov, Dan Chaon, Jerome Charyn, Simon Vestdijk","=""0451528956""","=""9780451528957""",4,3.83,Signet Classic,Mass Market Paperback,139,2003,1886,2021/04/03,2021/03/23,,,read,,,,1,0
33585392,"Dear Ijeawele, or A Feminist Manifesto in Fifteen Suggestions",Chimamanda Ngozi Adichie,"Adichie, Chimamanda Ngozi",,"=""""","=""""",3,4.51,Knopf,Hardcover,63,2017,2017,2021/04/03,2021/04/03,,,read,,,,1,0
32261,Tess of the D’Urbervilles,Thomas Hardy,"Hardy, Thomas","Margaret R. Higonnet, Tim Dolin","=""""","=""""",2,3.84,Penguin Classics,Paperback,518,2003,1891,2021/04/03,2021/04/03,,,read,,,,1,0
18114322,The Grapes of Wrath,John Steinbeck,"Steinbeck, John",,"=""067001690X""","=""9780670016907""",3,4.02,Viking,Hardcover,496,2014,1939,2021/04/02,2021/02/21,,,read,,,,1,0
2156,Persuasion,Jane Austen,"Austen, Jane","Deidre Shauna Lynch, James Kinsley","=""0192802631""","=""9780192802637""",1,4.15,Oxford University Press,Paperback,249,2004,1817,2021/04/02,2021/02/09,,,read,The next Jane Austen book I read will be the best book I will ever read... To be continued...,,,1,0
18135,Romeo and Juliet,William Shakespeare,"Shakespeare, William",,"=""0743477111""","=""9780743477116""",5,3.74,Washington Square Press,Mass Market Paperback,281,2002,1590,2021/04/01,2021/01/17,,,read,,,,1,0
10534,The Art of War,Sun Tzu,"Tzu, Sun",Thomas Cleary,"=""""","=""""",5,3.95,Harper Press,Paperback,170,2005,-500,2021/04/01,2020/10/23,,,read,,,,1,0
1885,Pride and Prejudice,Jane Austen,"Austen, Jane",Anna Quindlen,"=""1441341706""","=""9781441341709""",1,4.29,Modern Library,Paperback,279,2023,1813,2021/04/01,2021/01/18,,,read,,,,1,0
10210,Jane Eyre,Charlotte Brontë,"Brontë, Charlotte",Michael Mason,"=""0142437204""","=""9780142437209""",2,4.16,Penguin,Paperback,532,2003,1846,2021/03/31,2021/01/26,,,read,,,,1,0
37976541,Bad Blood: Secrets and Lies in a Silicon Valley Startup,John Carreyrou,"Carreyrou, John",,"=""""","=""""",5,4.41,Knopf,Hardcover,339,2018,2018,2021/03/31,2021/03/29,,,read,,,,1,0
40725301,Forum 2 taloustieto,Antti Kohi,"Kohi, Antti","Markku Liuskari, Kimmo Päivärinta, Vesa Vihervä","=""9511325876""","=""9789511325871""",4,3.08,Otava,Paperback,199,2018,,2021/03/31,2021/03/30,,,read,Basics of economics. Normal high school economic book.,,,1,0
62291,"A Storm of Swords (A Song of Ice and Fire, #3)",George R.R. Martin,"Martin, George R.R.",,"=""""","=""""",5,4.55,Bantam,Mass Market Paperback,1177,2003,2000,2021/03/30,2021/01/16,,,read,Stupendously written masterpiece! There's complex relationships between characters in someway very simple world compared to modern day and very complex(with magic and dragons),,,1,1
6185,Wuthering Heights,Emily Brontë,"Brontë, Emily","Richard J. Dunn, Charlotte Brontë, John Bugg, Robert Heindel","=""""","=""""",1,3.90,Norton,Paperback,464,2002,1847,2021/03/29,2021/01/17,,,read,,,,1,0
11127,"The Chronicles of Narnia (The Chronicles of Narnia, #1-7)",C.S. Lewis,"Lewis, C.S.",Pauline Baynes,"=""0066238501""","=""9780066238500""",4,4.28,HarperCollins,Paperback,767,2014,1956,,2021/03/28,,,read,,,,1,0
329866,The Dream of a Ridiculous Man,Fyodor Dostoevsky,"Dostoevsky, Fyodor",Fyodor Dostoyevsky,"=""1419160222""","=""9781419160226""",5,4.03,Kessinger Publishing,Paperback,32,2004,1877,2021/03/28,2021/03/27,,,read,,,,1,0
53239311,The Happiest Man on Earth,Eddie Jaku,"Jaku, Eddie",,"=""1760980080""","=""9781760980085""",4,4.61,Macmillan Australia,Hardcover,208,2020,2020,2021/03/27,2021/03/27,,,read,,,,1,0
168668,Catch-22,Joseph Heller,"Heller, Joseph",,"=""0684833395""","=""9780684833392""",5,3.99,Simon & Schuster ,Paperback,453,2004,1961,2021/03/27,2021/02/11,,,read,"Must be one of the funniest books ever, and the antihero Yossarian actually is pretty sane person. But actually Yossarian is more closer to hero, since he won't try to kill people like other people want. Why is killing people in army context usually heroic? Since for some reason your own country is more virtuous than the country you are fighting. Well I think that's fake virtue, since catch-22: If your country is good, then it will protect it's citizens and fight wars, but if it fights wars, then it's no more virtuous than the country it's fighting against.",,,1,0
84369,"The Last Battle (Chronicles of Narnia, #7)",C.S. Lewis,"Lewis, C.S.",,"=""0007202326""","=""9780007202324""",5,4.01,HarperCollins Publishers,Paperback,288,2005,1956,2021/03/24,2021/01/17,,,read,Best of the Narnian books. The story has some symbolic meaning too.,,,1,0
65641,"The Silver Chair (Chronicles of Narnia, #4)",C.S. Lewis,"Lewis, C.S.",Pauline Baynes,"=""""","=""""",3,3.95,HarperCollins,Paperback,243,2008,1953,2021/03/23,2021/03/23,,,read,,,,1,0
30,J.R.R. Tolkien 4-Book Boxed Set: The Hobbit and The Lord of the Rings,J.R.R. Tolkien,"Tolkien, J.R.R.",,"=""0345538374""","=""9780345538376""",5,4.61,Ballantine Books,Mass Market Paperback,1728,2012,1954,,2021/03/23,,,read,Rereading for lifetime. Many classics cannot compare to Lord of The Rings and to The Hobbit.,,,1,0
84119,"The Horse and His Boy (Chronicles of Narnia, #5)",C.S. Lewis,"Lewis, C.S.",,"=""0439861365""","=""9780439861366""",2,3.91,Scholastic Inc,Paperback,224,1995,1954,2021/03/23,2021/03/22,,,read,,,,1,0
121749,"Prince Caspian (Chronicles of Narnia, #2)",C.S. Lewis,"Lewis, C.S.",,"=""000720230X""","=""9780007202300""",3,3.98,HarperCollins Publishers,Hardcover,240,2005,1951,2021/01/01,2021/01/11,,,read,,,,2,0
813214,The Mist,Stephen        King,"King, Stephen",,"=""""","=""""",4,3.93,Signet,Paperback,176,2007,1980,2021/03/21,2021/02/13,,,read,,,,1,0
12505,The Idiot,Fyodor Dostoevsky,"Dostoevsky, Fyodor","Anna Brailovsky, Joseph Frank, Constance Garnett","=""0679642420""","=""9780679642428""",3,4.21,Modern Library,Paperback,667,2003,1869,2021/03/21,2021/01/24,,,read,,,,1,1
13608283,Tosi mies vie eikä vikise eli Miehisen miehen käsikirja,Bruce Feirstein,"Feirstein, Bruce","Lee Lorenz, Tommy Tabermann, Seppo Hyrkäs","=""9510120537""","=""""",2,3.24,WSOY,Hardcover,95,1983,1982,2021/03/18,2021/03/18,,,read,,,,1,0
140225,"The Voyage of the Dawn Treader (Chronicles of Narnia, #3)",C.S. Lewis,"Lewis, C.S.",Pauline Baynes,"=""006112527X""","=""9780061125270""",3,4.09,HarperCollins,Hardcover,248,2006,1952,2021/03/18,2021/03/17,,,read,,,,1,0
5297,The Picture of Dorian Gray,Oscar Wilde,"Wilde, Oscar",Jeffrey Eugenides,"=""""","=""""",5,4.13,Random House: Modern Library,Paperback,272,2004,1890,2021/03/17,2021/02/03,,,read,The amount of misery is a constant value.,,,1,0
65605,"The Magician’s Nephew (Chronicles of Narnia, #6)",C.S. Lewis,"Lewis, C.S.",,"=""0060764902""","=""9780060764906""",4,4.05,HarperCollins Narnia,Mass Market Paperback,221,2005,1955,2021/03/16,2021/01/11,,,read,,,,2,0
100915,"The Lion, the Witch and the Wardrobe (Chronicles of Narnia, #1)",C.S. Lewis,"Lewis, C.S.","Tormod Haugen, Per Svein Paulsen","=""""","=""""",5,4.24,HarperCollins Publishers,Paperback,206,2005,1950,2021/01/01,2020/10/23,,,read,,,,2,0
2623,Great Expectations,Charles Dickens,"Dickens, Charles","Kate Flint, Margaret Cardwell","=""0192833596""","=""9780192833594""",3,3.80,Oxford University Press,Paperback,544,1998,1861,2021/03/15,2021/01/13,,,read,"Great expectations, but mediocre book.",,,1,0
2165,The Old Man and the Sea,Ernest Hemingway,"Hemingway, Ernest",,"=""0684830493""","=""9780684830490""",3,3.81,Scribner,Hardcover,96,1996,1952,2021/03/12,2021/01/17,,,read,"  This seems like very unoriginal book idea, where man fights something and then says there's deeper meaning to the fight. I do not believe that killing fish that are hard to kill like this Marlin gives it any meaning, it's the same as fishing herring. But unlike herring this fish is hard to fish because: A) Man is old and crumpy and B) Fish is really strong and smart, thus this should give some meaning to the fight, but nothing really has meaning.",,,1,0
295,Treasure Island,Robert Louis Stevenson,"Stevenson, Robert Louis",N.C. Wyeth,"=""0753453800""","=""9780753453803""",5,3.85,Kingfisher,Hardcover,352,2001,1882,2021/03/11,2021/01/12,,,read,yohoho and a bottle of rum!,,,1,0
34268,Peter Pan,J.M. Barrie,"Barrie, J.M.",Michael Hague,"=""0805072454""","=""9780805072457""",5,4.03,Henry Holt and Co.,Hardcover,155,2003,1911,2021/03/11,2021/01/13,,,read,,,,1,0
1953,A Tale of Two Cities,Charles Dickens,"Dickens, Charles",Richard Maxwell,"=""0141439602""","=""9780141439600""",3,3.88,Penguin Books,Paperback,489,2003,1859,2021/03/10,2021/01/17,,,read,,,,1,1
18126198,"Four: A Divergent Story Collection (Divergent, #0.1-0.4)",Veronica Roth,"Roth, Veronica",,"=""0062285688""","=""9780062285683""",3,3.94,Katherine Tegen Books,Paperback,285,2014,2014,2021/03/03,2021/03/02,,,read,,,,1,0
13023,Alice in Wonderland,Jane Carruth,"Carruth, Jane","Lewis Carroll, Rene Cloke","=""0517223627""","=""9780517223628""",4,4.03,Gramercy,Hardcover,96,2004,1865,2021/03/06,2021/03/06,,,read,,,,1,0
83346,"Through the Looking-Glass and What Alice Found There (Alice's Adventures in Wonderland, #2)",Lewis Carroll,"Carroll, Lewis","John Tenniel, Peter Glassman","=""0688120490""","=""9780688120498""",3,4.01,Books of Wonder,Hardcover,228,1993,1871,2021/01/01,2021/03/06,,,read,,,,1,0
23280225,Why We Work (TED Books),Barry Schwartz,"Schwartz, Barry",,"=""1476784868""","=""9781476784861""",5,3.64,Simon & Schuster/ TED,Hardcover,112,2015,2015,2021/03/06,2021/03/06,,,read,,,,1,0
4069,Man's Search for Meaning,Viktor E. Frankl,"Frankl, Viktor E.","Harold S. Kushner, William J. Winslade, Isle Lasch","=""080701429X""","=""9780807014295""",5,4.37,Beacon Press,Paperback,165,2006,1946,2021/03/06,2021/01/13,,,read,,,,1,0
55447207,"Joe Biden: The Life, the Run, and What Matters Now",Evan Osnos,"Osnos, Evan",,"=""1982174099""","=""9781982174095""",4,3.70,Scribner,Kindle Edition,192,2020,2020,2021/03/07,2021/03/06,,,read,,,,1,0
6171156,"Ikiyö (Antti Korpi, #1)",Ilkka Remes,"Remes, Ilkka",,"=""9510283800""","=""9789510283806""",4,3.30,WSOY,Hardcover,479,2003,2003,2021/03/08,2021/02/26,,,read,,,,1,0
39211026,Storm in a Teacup (Shakespeare Stories),William Shakespeare,"Shakespeare, William",E. Nesbit,"=""1787244571""","=""9781787244573""",4,4.33,Interactive Media,Kindle Edition,25,2018,,2021/03/08,2021/03/08,,,read,,,,1,0
11870085,The Fault in Our Stars,John Green,"Green, John",,"=""""","=""""",4,4.12,Dutton Books,Hardcover,313,2012,2012,2021/03/08,2021/01/13,,,read,,,,1,0
6396511,Work Overload (Fast Thinking),Ros Jay,"Jay, Ros",,"=""0273653156""","=""9780273653158""",5,4.67,Prentice-Hall,Paperback,96,2000,2000,2021/03/08,2021/02/26,,,read,"While not very popular or original book, this book gives the basics of getting done any work. And it's also easy to read, since it's only about 86 pages. I will definely keep this around to help with my work.",,,1,0
24213,Alice’s Adventures in Wonderland / Through the Looking-Glass,Lewis Carroll,"Carroll, Lewis","Martin Gardner, John Tenniel","=""""","=""""",4,4.06,Penguin Group (USA),Paperback,239,2000,1871,2021/03/06,2021/01/17,,,read,,,,1,0
55361205,A Promised Land,Barack Obama,"Obama, Barack",,"=""1524763187""","=""9781524763183""",4,4.32,Crown,Kindle Edition,768,2020,2020,,2021/01/13,,,read,,,,1,1
157993,The Little Prince,Antoine de Saint-Exupéry,"Saint-Exupéry, Antoine de",Richard Howard,"=""0152023984""","=""9780152023980""",3,4.33,"Harcourt, Inc.",Hardcover,96,2000,1943,2021/03/04,2021/01/07,,,read,,,,1,0
747746,The Curious Case of Benjamin Button,F. Scott Fitzgerald,"Fitzgerald, F. Scott",Calef Brown,"=""1416556052""","=""9781416556053""",5,3.57,Scribner,Paperback,56,2007,1922,2021/03/04,2021/03/04,,,read,,,,1,0
52036,Siddhartha,Hermann Hesse,"Hesse, Hermann","Hilda Rosner, Zigmantas Ardickas","=""""","=""""",5,4.08,Bantam Books,Mass Market Paperback,152,1981,1922,2021/03/04,2021/01/13,,,read,,,,1,0
18710190,"Allegiant (Divergent, #3)",Veronica Roth,"Roth, Veronica",,"=""0007524277""","=""9780007524273""",3,3.60,HarperCollins Children's Book's,Hardcover,531,2013,2013,2021/03/02,2020/10/23,,,read,,,,1,0
33,The Lord of the Rings,J.R.R. Tolkien,"Tolkien, J.R.R.",,"=""0618640150""","=""9780618640157""",5,4.54,Houghton Mifflin Harcourt,Paperback,1216,2005,1954,,2021/03/02,,,read,,,,1,0
11735983,"Insurgent (Divergent, #2)",Veronica Roth,"Roth, Veronica",,"=""0007442912""","=""9780007442911""",3,3.96,HarperCollins Children's Books,Hardcover,525,2012,2012,2021/03/02,2020/10/23,,,read,,,,1,0
9902541,"You Are Not Your Brain: The 4-Step Solution for Changing Bad Habits, Ending Unhealthy Thinking, and Taking Control of Your Life",Jeffrey M. Schwartz,"Schwartz, Jeffrey M.",Rebecca Gladding,"=""1583334262""","=""9781583334263""",5,3.98,Avery,Hardcover,384,2011,2011,2021/02/28,2021/02/02,,,read,Life changing!,,,1,0
13335037,"Divergent (Divergent, #1)",Veronica Roth,"Roth, Veronica",,"=""0062024035""","=""9780062024039""",4,4.13,Katherine Tegen Books,Paperback,487,2012,2011,2021/02/28,2020/10/23,,,read,,,,1,0
15820780,"The Adventure of ""The Western Star"": a Hercule Poirot Short Story (Hercule Poirot, #SS-24)",Agatha Christie,"Christie, Agatha",,"=""0062249223""","=""9780062249227""",2,3.51,HarperAudio,Audiobook,1,2012,1923,2021/02/27,2021/02/27,,,read,,,,1,0
6171152,"6/12 (Antti Korpi, #4)",Ilkka Remes,"Remes, Ilkka",,"=""9510320501""","=""9789510320501""",4,3.39,WSOY,Hardcover,471,2006,2006,2021/02/27,2021/02/26,,,read,,,,1,0
9410740,Piraatit,Ilkka Remes,"Remes, Ilkka",,"=""9510283746""","=""""",3,2.94,WSOY,Hardcover,275,2003,2003,2021/01/01,2021/02/26,,,read,,,,1,0
48855,The Diary of a Young Girl,Anne Frank,"Frank, Anne","Eleanor Roosevelt, Susan Massotty, Γιάννης Θωμόπουλος, Barbara Mooyaart-Doubleday, Otto H. Frank, Mirjam Pressler","=""""","=""""",3,4.20,Bantam,Mass Market Paperback,283,1993,1947,2021/02/26,2021/01/14,,,read,,,,1,0
656878,Hurmaava joukkoitsemurha,Arto Paasilinna,"Paasilinna, Arto",,"=""9510165131""","=""9789510165133""",5,3.51,WSOY,Hardcover,280,1990,1990,2021/02/25,2021/02/24,,,read,Why this doesn't have 5 star rating?,,,1,0
7260188,"Mockingjay (The Hunger Games, #3)",Suzanne Collins,"Collins, Suzanne",,"=""0439023513""","=""9780439023511""",4,4.11,Scholastic Press,Hardcover,390,2010,2010,2021/02/24,2021/01/15,,,read,,,,2,0
6148028,"Catching Fire (The Hunger Games, #2)",Suzanne Collins,"Collins, Suzanne",,"=""0439023491""","=""9780439023498""",3,4.35,Scholastic Press,Hardcover,391,2009,2009,2021/02/22,2021/01/15,,,read,,,,1,0
2767052,"The Hunger Games (The Hunger Games, #1)",Suzanne Collins,"Collins, Suzanne",,"=""0439023483""","=""9780439023481""",4,4.35,Scholastic Press,Hardcover,374,2008,2008,2021/02/21,2020/10/23,,,read,,,,1,0
36155411,Antisäätäjä – Fiksun ajankäyttäjän opas,Anna Perho,"Perho, Anna",,"=""9511313975""","=""9789511313977""",4,3.47,Kustannusosakeyhtiö Otava,Hardcover,218,2017,2017,2021/02/21,2021/02/14,,,read,,,,1,0
51901147,"The Ballad of Songbirds and Snakes (The Hunger Games, #0)",Suzanne Collins,"Collins, Suzanne",,"=""""","=""""",3,3.99,Scholastic Press,Kindle Edition,541,2020,2020,2021/02/21,2021/01/29,,,read,,,,1,0
7624,Lord of the Flies,William Golding,"Golding, William",,"=""0140283331""","=""9780140283334""",5,3.70,Penguin Books ,Paperback,182,1999,1954,,2020/12/15,,,read,,,,1,0
40961427,1984,George Orwell,"Orwell, George",,"=""""","=""""",5,4.20,Houghton Mifflin Harcourt,ebook,298,2013,1949,2021/02/13,2021/01/07,,,read,BB is watching!,,,1,0
170448,Animal Farm,George Orwell,"Orwell, George","Russell Baker, C.M. Woodhouse","=""0451526341""","=""9780451526342""",5,4.01,Signet Classics,Mass Market Paperback,141,1996,1945,2021/01/01,2021/01/12,,,read,,,,1,0
656,War and Peace,Leo Tolstoy,"Tolstoy, Leo","Aylmer Maude, Louise Maude","=""0192833987""","=""9780192833983""",5,4.17,Oxford University Press,Paperback,1392,1998,1869,2021/01/27,2021/01/17,,,read,"Leo Tolstoy opens many aspects of human life in this masterpiece. Free will, leaders are just victims to time and also many thoughts about god. The book leaves all the thinking to reader and doesn't force anything on your mind. This was a truly splendid book. And you should not analyze too much about things since the book doesn't want to.",,,1,0
2657,To Kill a Mockingbird,Harper Lee,"Lee, Harper",,"=""0060935464""","=""9780060935467""",2,4.26,Harper Perennial Modern Classics ,Paperback,323,2006,1960,2021/02/09,2020/10/23,,,read,,,,1,0
24280,Les Misérables,Victor Hugo,"Hugo, Victor","Norman MacAfee, Charles E. Wilbour, Lee Fahnestock, Isabel Florence Hapgood","=""0451525264""","=""9780451525260""",5,4.21,Penguin,Mass Market Paperback,1463,1987,1862,2021/02/20,2021/01/17,,,read,I really enjoyed this masterpiece.,,,1,0
21083719,Human Universe,Brian Cox,"Cox, Brian",Andrew    Cohen,"=""0007488807""","=""9780007488803""",4,4.28,William Collins,Hardcover,288,2014,2014,,2021/02/18,,,read,,,,1,0
31138556,Homo Deus: A History of Tomorrow,Yuval Noah Harari,"Harari, Yuval Noah",,"=""""","=""""",5,4.19,Harper,ebook,450,2017,2015,2021/02/14,2021/01/13,,,read,"I sadly agree with many points of this book. Even though this is really depressing. I think it holds much of truth. But we may never know the future. Philosophy says so, so there's no arguing with that.",,,1,0
162898,A Connecticut Yankee in King Arthur's Court,Mark Twain,"Twain, Mark",,"=""""","=""""",4,3.77,Simon & Schuster,Paperback,480,2007,1889,,2021/02/14,,,read,,,,1,0
6969,Emma,Jane Austen,"Austen, Jane",Fiona Stafford,"=""0141439580""","=""9780141439587""",1,4.05,Penguin Books,Paperback,474,2003,1815,2021/02/14,2021/01/30,,,read,Maybe this deserves one star. Im feeling generous anyway.,,,1,0
13004898,Filosofit,Will Buckingham,"Buckingham, Will","Douglas Burnham, Clive Hill, Peter J. Hill, John Marenbon, Marcus Weeks","=""9515021189""","=""9789515021182""",5,4.16,Schildts Kustannus (DK Publishing),Hardcover,352,2011,2010,2021/02/14,2021/01/29,,,read,Basics for over two thousand and half thousand years of thinking.,,,1,0
4671,The Great Gatsby,F. Scott Fitzgerald,"Fitzgerald, F. Scott",,"=""0743273567""","=""9780743273565""",4,3.93,Scribner,Paperback,180,1925,1925,2021/02/11,2020/10/23,,,read,,,,1,0
19543,Where the Wild Things Are,Maurice Sendak,"Sendak, Maurice",,"=""0099408392""","=""9780099408390""",5,4.25,Red Fox,Paperback,38,2000,1963,2021/02/10,2021/01/13,,,read,,,,1,0
375802,"Ender’s Game (Ender's Saga, #1)",Orson Scott Card,"Card, Orson Scott",,"=""0812550706""","=""9780812550702""",5,4.31,Tor,Mass Market Paperback,324,2004,1985,2021/02/10,2021/01/07,,,read,First book of the epic saga. This was a page turner. Even with pdf.,,,1,0
1934,"Little Women (Little Women, #1)",Louisa May Alcott,"Alcott, Louisa May","Regina Barreca, Grzegorz Komerski, Marta Fihel","=""""","=""""",4,4.17,Signet Classics,Mass Market Paperback,449,2004,1868,2021/02/09,2021/01/25,,,read,,,,1,0
111450,Quidditch Through the Ages,J.K. Rowling,"Rowling, J.K.",Kennilworthy Whisp,"=""0439321611""","=""9780439321617""",2,3.80,Scholastic,Hardcover,105,2001,2001,2021/02/06,2021/02/06,,,read,,,,1,0
8624425,"Mielensäpahoittaja (Mielensäpahoittaja, #1)",Tuomas Kyrö,"Kyrö, Tuomas",,"=""""","=""9789510366264""",3,3.67,WSOY,Hardcover,130,2010,2010,2021/02/06,2021/02/06,,,read,,,,1,0
3950967,"The Tales of Beedle the Bard (Hogwarts Library, #3)",J.K. Rowling,"Rowling, J.K.",Hermione Granger,"=""0747599874""","=""9780747599876""",3,4.03,Bloomsbury,Hardcover,105,2008,2008,2021/02/05,2021/02/05,,,read,,,,1,0
41899,Fantastic Beasts and Where to Find Them,Newt Scamander,"Scamander, Newt",J.K. Rowling,"=""0439321603""","=""9780439321600""",3,3.95,"Obscurous Books, Arthur A. Levine Books",Hardcover,128,2001,2001,2021/02/06,2021/02/06,,,read,,,,1,0
5107,The Catcher in the Rye,J.D. Salinger,"Salinger, J.D.",,"=""0316769177""","=""9780316769174""",3,3.80,Back Bay Books,Paperback,277,2001,1951,2021/02/04,2021/01/13,,,read,,,,1,0
71728,Jonathan Livingston Seagull,Richard Bach,"Bach, Richard",Russell Munson,"=""0743278909""","=""9780743278904""",5,3.86,Scribner,Paperback,112,2006,1970,2021/01/01,2021/01/17,,,read,"Motivating book cures depression, but I don't think I have that anyway. But still there's something about these seagulls flying and perfecting their craft. It's beatifically basic.",,,1,0
15751404,"David and Goliath: Underdogs, Misfits, and the Art of Battling Giants",Malcolm Gladwell,"Gladwell, Malcolm",,"=""0316204366""","=""9780316204361""",5,3.97,"Little, Brown and Company",Hardcover,305,2013,2013,,2021/02/04,,,read,,,,1,0
8520362,The Grand Design,Stephen Hawking,"Hawking, Stephen",Leonard Mlodinow,"=""0553805371""","=""9780553805376""",5,4.06,Bantam,Hardcover,199,2010,2010,2021/02/03,2020/10/23,,,read,Book explains scientific theories surrounding physical laws. The moon isn't made of cheese and that's bad news for the mice.,,,1,0
29056083,"Harry Potter and the Cursed Child: Parts One and Two (Harry Potter, #8)",J.K. Rowling,"Rowling, J.K.","Jack Thorne, John Tiffany","=""0540027340""","=""9780540027347""",3,3.47,"Little, Brown",Hardcover,343,2016,2016,2021/01/30,2020/12/15,,,read,,,,1,0
42975172,"The Testaments (The Handmaid's Tale, #2)",Margaret Atwood,"Atwood, Margaret",,"=""""","=""""",2,4.20,Nan A. Talese,Hardcover,422,2019,2019,2021/01/30,2021/01/17,,,read,,,,1,0
27228090,Mad Success – Seikkailijan self help,Tuomas Milonoff,"Milonoff, Tuomas",Riku Rantala,"=""9510413593""","=""9789510413593""",2,3.39,Johnny Kniga,Paperback,296,2015,,2021/01/29,2021/01/23,,,read,,,,1,1
7071759,Flawless: Inside the Largest Diamond Heist in History,Scott Andrew Selby,"Selby, Scott Andrew",Greg Campbell,"=""1402766513""","=""9781402766510""",4,3.88,Sterling Pub. Co.,Hardcover,336,2010,2012,2021/01/29,2021/01/27,,,read,,,,1,0
22839465,Revi tämä kirja,Richard Wiseman,"Wiseman, Richard",Tuija Tuomaala,"=""9523000209""","=""9789523000209""",4,3.79,Atena,Paperback,358,2014,2012,2021/01/27,2021/01/23,,,read,Basics for changing your personality and feelings. You only need basics of every life area and you will do fine after that.,,,1,2
16299,And Then There Were None,Agatha Christie,"Christie, Agatha",,"=""0312330871""","=""9780312330873""",5,4.28,St. Martin's Griffin,Paperback,264,2004,1939,,2021/01/25,,,read,,,,1,0
18045870,Mao,Jung Chang,"Chang, Jung","Jon Halliday, Jaana Iso-Markku","=""9511131680""","=""9789511131687""",5,3.83,Otava,Hardcover,887,2006,2002,2021/01/23,2021/01/08,,,read,,,,1,1
17345996,Muistiinpanoja Mannerheimista,Jörn Donner,"Donner, Jörn",Raija Mattila,"=""9511256181""","=""9789511256182""",3,3.25,Otava,,160,2011,2011,2021/01/01,2021/01/12,,,read,,,,1,1
49119912,Lucid Dreaming & Astral Projection Collection: 2 Books To Master Lucid Dreaming And Astral Projection For Beginners And Intermediates,James P. Lowry,"Lowry, James P.",,"=""""","=""""",4,3.70,,Kindle Edition,231,2019,,2021/01/17,2021/01/16,,,read,,,,1,0
11851522,The Complete Works of H.P. Lovecraft,H.P. Lovecraft,"Lovecraft, H.P.",,"=""""","=""""",4,4.34,CthulhuChick.com,Kindle Edition,811,2011,1936,,2021/01/17,,,read,,,,1,0
23267628,"The Fever Code (The Maze Runner, #0.5)",James Dashner,"Dashner, James",,"=""0553513095""","=""9780553513097""",3,4.03,Delacorte Press,Hardcover,347,2016,2016,2021/01/01,2021/01/16,,,read,,,,1,0
10572,"A Clash of Kings  (A Song of Ice and Fire, #2)",George R.R. Martin,"Martin, George R.R.",,"=""""","=""""",5,4.42,Random House Worlds,Paperback,1009,2002,1998,,2021/01/15,,,read,,,,1,1
23692271,Sapiens: A Brief History of Humankind,Yuval Noah Harari,"Harari, Yuval Noah",,"=""""","=""""",5,4.34,Vintage,Paperback,512,2015,2011,2021/01/15,2020/10/23,,,read,,,,1,0
67896,Tao Te Ching,Lao Tzu,"Tzu, Lao","Gia-Fu Feng, Jane English, Jacob Needleman, Toinette Lippe, Claudio Lamparelli","=""0679724346""","=""9780679724346""",4,4.29,Vintage,Paperback,107,1989,-350,,2021/01/13,,,read,,,,1,0
13089710,"The Kill Order (The Maze Runner, #0.4)",James Dashner,"Dashner, James",,"=""0385742886""","=""9780385742887""",3,3.71,Delacorte Books for Young Readers,Hardcover,327,2012,2012,2021/01/01,2021/01/12,,,read,,,,1,0
10645233,Do the Work,Steven Pressfield,"Pressfield, Steven",,"=""1455820997""","=""9781455820993""",5,3.97,The Domino Project,Audio CD,109,2011,2011,,2021/01/10,,,read,Basic skill of every life explained in nutshell.,,,2,0
2,"Harry Potter and the Order of the Phoenix (Harry Potter, #5)",J.K. Rowling,"Rowling, J.K.",Mary GrandPré,"=""""","=""""",5,4.50,Scholastic Inc.,Paperback,870,2004,2003,2021/01/01,2020/12/15,,,read,,,,1,0
1,"Harry Potter and the Half-Blood Prince (Harry Potter, #6)",J.K. Rowling,"Rowling, J.K.",,"=""""","=""""",5,4.58,Scholastic Inc,Paperback,652,2006,2005,,2020/12/15,,,read,,,,1,0
6,"Harry Potter and the Goblet of Fire (Harry Potter, #4)",J.K. Rowling,"Rowling, J.K.",Mary GrandPré,"=""0439139597""","=""9780439139595""",5,4.57,Scholastic,Paperback,734,2002,2000,,2020/12/15,,,read,,,,1,0
136251,"Harry Potter and the Deathly Hallows (Harry Potter, #7)",J.K. Rowling,"Rowling, J.K.",,"=""""","=""""",5,4.62,Arthur A. Levine Books,Hardcover,759,2007,2007,2021/01/01,2020/12/15,,,read,,,,1,0
7864437,"The Death Cure (The Maze Runner, #3)",James Dashner,"Dashner, James",,"=""0385738773""","=""9780385738774""",3,3.78,Delacorte Books for Young Readers,Hardcover,325,2011,2011,2021/01/01,2021/01/08,,,read,,,,1,0
15705584,Like a Virgin: Secrets They Won't Teach You at Business School,Richard Branson,"Branson, Richard",,"=""""","=""""",5,3.74,Virgin,Paperback,343,2012,2012,2021/01/01,2021/01/08,,,read,,,,1,1
7631105,"The Scorch Trials (The Maze Runner, #2)",James Dashner,"Dashner, James",,"=""0385738757""","=""9780385738750""",3,3.89,Delacorte Press,Hardcover,362,2010,2010,2021/01/01,2021/01/08,,,read,,,,1,0
45107,"Assassin's Apprentice (Farseer Trilogy, #1)",Robin Hobb,"Hobb, Robin",,"=""""","=""""",3,4.19,Voyager,Mass Market Paperback,460,1996,1995,2021/01/01,2021/01/07,,,read,,,,1,0
18007564,The Martian,Andy Weir,"Weir, Andy",,"=""0804139024""","=""9780804139021""",5,4.42,Ballantine Books,Hardcover,384,2014,2011,,2020/10/23,,,read,,,,1,0
34466963,Why We Sleep: Unlocking the Power of Sleep and Dreams,Matthew Walker,"Walker, Matthew",,"=""""","=""""",5,4.37,Scribner,Hardcover,368,2017,2017,2021/01/01,2021/01/06,,,read,,,,1,0
15854744,The Spirit of Kaizen: Creating Lasting Excellence One Small Step at a Time,Robert Maurer,"Maurer, Robert",Leigh Ann Hirschman,"=""0071796177""","=""9780071796170""",5,4.08,McGraw Hill,Hardcover,192,2012,2012,,2021/01/06,,,read,,,,1,0
6186357,"The Maze Runner (The Maze Runner, #1)",James Dashner,"Dashner, James",,"=""0385737947""","=""9780385737944""",4,4.05,Delacorte Press,Hardcover,384,2009,2009,2021/01/01,2021/01/06,,,read,,,,1,0
15881,"Harry Potter and the Chamber of Secrets (Harry Potter, #2)",J.K. Rowling,"Rowling, J.K.",Mary GrandPré,"=""""","=""""",5,4.43,Arthur A. Levine Books,Hardcover,352,1999,1998,,2020/12/15,,,read,,,,1,0
5,"Harry Potter and the Prisoner of Azkaban (Harry Potter, #3)",J.K. Rowling,"Rowling, J.K.",Mary GrandPré,"=""043965548X""","=""9780439655484""",5,4.58,Scholastic Inc.,Mass Market Paperback,547,2004,1999,,2020/12/15,,,read,,,,1,0
11437838,What Makes Your Brain Happy and Why You Should Do the Opposite,David DiSalvo,"DiSalvo, David",,"=""1616144831""","=""9781616144838""",4,3.83,Prometheus,Paperback,309,2011,2011,,2020/12/22,,,read,,,,1,0
26082916,"Ready Player Two (Ready Player One, #2)",Ernest Cline,"Cline, Ernest",,"=""1524761338""","=""9781524761332""",3,3.44,Ballantine Books,Hardcover,370,2020,2020,,2020/12/22,,,read,,,,1,0
9969571,"Ready Player One (Ready Player One, #1)",Ernest Cline,"Cline, Ernest",,"=""030788743X""","=""9780307887436""",5,4.23,Crown Publishers,Hardcover,480,2011,2011,,2020/12/22,,,read,,,,1,0
968,"The Da Vinci Code (Robert Langdon, #2)",Dan    Brown,"Brown, Dan",,"=""""","=""""",5,3.93,Anchor,Paperback,489,2006,2003,,2020/12/15,,,read,,,,1,1
17212231,"Inferno (Robert Langdon, #4)",Dan    Brown,"Brown, Dan",,"=""0385537859""","=""9780385537858""",5,3.90,Doubleday,Hardcover,463,2013,2013,,2020/12/15,,,read,,,,1,0
11125,Digital Fortress,Dan    Brown,"Brown, Dan",,"=""""","=""""",4,3.70,Corgi books,Paperback,510,2004,1998,,2020/12/15,,,read,,,,1,0
6411961,"The Lost Symbol (Robert Langdon, #3)",Dan    Brown,"Brown, Dan",,"=""0385504225""","=""9780385504225""",5,3.76,Doubleday,Hardcover,509,2009,2009,,2020/12/15,,,read,,,,1,1
976,Deception Point,Dan    Brown,"Brown, Dan",,"=""0671027387""","=""9780671027384""",5,3.76,Pocket Books,Paperback,556,2002,2001,,2020/12/15,,,read,,,,1,0
18144590,The Alchemist,Paulo Coelho,"Coelho, Paulo",,"=""0062315005""","=""9780062315007""",3,3.92,HarperOne,Paperback,182,2014,1988,,2020/12/15,,,read,,,,1,1
13560586,The Art of George R.R. Martin's A Song of Ice & Fire (#1),Patricia  Meredith,"Meredith, Patricia",George R.R. Martin,"=""""","=""""",5,4.59,Fantasy Flight Games,Hardcover,189,2010,2005,,2020/12/15,,,read,,,,1,0
3,"Harry Potter and the Sorcerer's Stone (Harry Potter, #1)",J.K. Rowling,"Rowling, J.K.",,"=""0439554934""","=""9780439554930""",5,4.47,Scholastic Inc,Hardcover,309,2003,1997,,2020/12/15,,,read,,,,1,0
30659,Meditations,Marcus Aurelius,"Aurelius, Marcus",Martin Hammond,"=""0140449337""","=""9780140449334""",5,4.28,Penguin Books,Paperback,254,2006,180,,2020/10/23,,,read,,,,1,1
3869,A Brief History of Time,Stephen Hawking,"Hawking, Stephen",,"=""0553380168""","=""9780553380163""",5,4.21,Bantam Books,Paperback,226,1998,1988,,2020/10/23,,,read,,,,1,1
28257707,The Subtle Art of Not Giving a F*ck: A Counterintuitive Approach to Living a Good Life,Mark Manson,"Manson, Mark",,"=""""","=""9798804636129""",4,3.87,Harper,Paperback,212,2016,2016,,2020/10/23,,,read,,,,1,0
17157681,"The Hobbit, Part One",J.R.R. Tolkien,"Tolkien, J.R.R.",David Wyatt,"=""0007926669""","=""9780007926664""",5,4.31,HarperCollins Children's Books,Paperback,230,2012,1937,,2020/10/23,,,read,,,,1,0
279561,"Broken Angels (Takeshi Kovacs, #2)",Richard K. Morgan,"Morgan, Richard K.",,"=""0345457714""","=""9780345457714""",4,3.92,Del Rey,Trade Paperback,366,2004,2003,,2020/10/23,,,read,,,,1,0
29397,"Woken Furies (Takeshi Kovacs, #3)",Richard K. Morgan,"Morgan, Richard K.",,"=""0345479718""","=""9780345479716""",4,4.01,Del Rey,Hardcover,464,2005,2005,,2020/10/23,,,read,,,,1,0
960,"Angels & Demons (Robert Langdon, #1)",Dan    Brown,"Brown, Dan",,"=""1416524797""","=""9781416524793""",4,3.95,Pocket Books,Paperback,736,2006,2000,,2020/10/23,,,read,,,,1,1
3263607,"The Fellowship of the Ring (The Lord of the Rings, #1)",J.R.R. Tolkien,"Tolkien, J.R.R.",,"=""""","=""""",5,4.40,Ballantine Books,Mass Market Paperback,527,1973,1954,,2020/10/23,,,read,,,,1,0
13496,"A Game of Thrones (A Song of Ice and Fire, #1)",George R.R. Martin,"Martin, George R.R.",,"=""0553588486""","=""9780553588484""",5,4.45,Bantam,Mass Market Paperback,835,2005,1996,,2020/10/23,,,read,,,,1,1
5907,"The Hobbit, or There and Back Again",J.R.R. Tolkien,"Tolkien, J.R.R.","Douglas A. Anderson, Michael Hague, Jemima Catlin","=""""","=""""",5,4.29,Houghton Mifflin,Paperback,366,2002,1937,,2020/10/23,,,read,,,,1,0
386162,"The Hitchhiker’s Guide to the Galaxy (The Hitchhiker's Guide to the Galaxy, #1)",Douglas Adams,"Adams, Douglas",,"=""""","=""""",5,4.22,Del Rey,Paperback,193,2007,1979,,2020/10/23,,,read,,,,1,1
25541028,"Elon Musk: Tesla, SpaceX, and the Quest for a Fantastic Future",Ashlee Vance,"Vance, Ashlee",,"=""0062301233""","=""9780062301239""",5,4.13,Ecco,Hardcover,392,2015,2015,,2020/10/23,,,read,,,,1,0
11084145,Steve Jobs,Walter Isaacson,"Isaacson, Walter",,"=""1451648537""","=""9781451648539""",5,4.15,Simon & Schuster,Hardcover,630,2011,2011,,2020/10/23,,,read,,,,1,1
